name,aa_A,aa_C,aa_D,aa_E,aa_F,aa_G,aa_H,aa_I,aa_K,aa_L,aa_M,aa_N,aa_P,aa_Q,aa_R,aa_S,aa_T,aa_V,aa_W,aa_Y,seq_len,isoelectric_point,molecular_weight,triplet_MYG,triplet_TYG,triplet_GYG,triplet_QYG,triplet_SYG,triplet_HYG,triplet_unknown,triplet_CYG,triplet_TWG,triplet_AYG,triplet_SHG,triplet_DYG,triplet_SWG,triplet_KYG,triplet_LYG,triplet_EYG,triplet_LFG,triplet_NYG,triplet_QWG,triplet_LLG,triplet_AWG,triplet_THG,triplet_FYG,triplet_GZG,triplet_QFG,triplet_RYG,triplet_GAG,triplet_NIG,triplet_LHG,triplet_MWG,triplet_SYA,oligo_m,oligo_d,oligo_t,oligo_wd,oligo_other,switch_b,switch_ps,switch_pa,switch_pc,switch_other
G2,0.0423728813559322,0.0,0.07627118644067797,0.0847457627118644,0.046610169491525424,0.08898305084745763,0.029661016949152543,0.05508474576271186,0.1016949152542373,0.05084745762711865,0.046610169491525424,0.046610169491525424,0.046610169491525424,0.00847457627118644,0.03389830508474576,0.0423728813559322,0.0635593220338983,0.07203389830508475,0.00847457627118644,0.05508474576271186,236.0,5.701030540466309,26903.212600000017,0.0,0.0,0.0,0.0,0.0,0.0,0.0,0.0,0.0,1.0,0.0,0.0,0.0,0.0,0.0,0.0,0.0,0.0,0.0,0.0,0.0,0.0,0.0,0.0,0.0,0.0,0.0,0.0,0.0,0.0,0.0,1.0,0.0,0.0,0.0,0.0,1.0,0.0,0.0,0.0,0.0
ECGFP,0.03765690376569038,0.008368200836820083,0.07531380753138076,0.06694560669456066,0.0502092050209205,0.09205020920502092,0.03765690376569038,0.05439330543933055,0.08368200836820083,0.08786610878661087,0.02092050209205021,0.0502092050209205,0.04184100418410042,0.03347280334728033,0.02510460251046025,0.04184100418410042,0.06694560669456066,0.07112970711297072,0.008368200836820083,0.04602510460251046,239.0,5.583601188659667,26967.17010000002,0.0,0.0,0.0,0.0,0.0,0.0,0.0,0.0,1.0,0.0,0.0,0.0,0.0,0.0,0.0,0.0,0.0,0.0,0.0,0.0,0.0,0.0,0.0,0.0,0.0,0.0,0.0,0.0,0.0,0.0,0.0,0.0,0.0,0.0,0.0,1.0,1.0,0.0,0.0,0.0,0.0
mLemon,0.037815126050420166,0.008403361344537815,0.07142857142857142,0.06722689075630252,0.046218487394957986,0.10084033613445378,0.04201680672268908,0.046218487394957986,0.09243697478991597,0.08823529411764706,0.02100840336134454,0.046218487394957986,0.04201680672268908,0.03361344537815126,0.029411764705882353,0.046218487394957986,0.06302521008403361,0.06722689075630252,0.004201680672268907,0.046218487394957986,238.0,6.202407264709472,26728.895800000017,0.0,0.0,1.0,0.0,0.0,0.0,0.0,0.0,0.0,0.0,0.0,0.0,0.0,0.0,0.0,0.0,0.0,0.0,0.0,0.0,0.0,0.0,0.0,0.0,0.0,0.0,0.0,0.0,0.0,0.0,0.0,1.0,0.0,0.0,0.0,0.0,1.0,0.0,0.0,0.0,0.0
Emerald,0.03765690376569038,0.008368200836820083,0.07531380753138076,0.06694560669456066,0.0502092050209205,0.09205020920502092,0.03765690376569038,0.04602510460251046,0.08786610878661087,0.08786610878661087,0.02092050209205021,0.0502092050209205,0.04184100418410042,0.03347280334728033,0.02510460251046025,0.03765690376569038,0.07531380753138076,0.07531380753138076,0.0041841004184100415,0.04602510460251046,239.0,5.713932991027832,26897.07880000002,0.0,1.0,0.0,0.0,0.0,0.0,0.0,0.0,0.0,0.0,0.0,0.0,0.0,0.0,0.0,0.0,0.0,0.0,0.0,0.0,0.0,0.0,0.0,0.0,0.0,0.0,0.0,0.0,0.0,0.0,0.0,0.0,0.0,0.0,1.0,0.0,1.0,0.0,0.0,0.0,0.0
mRuby2,0.03375527426160337,0.012658227848101266,0.04219409282700422,0.08016877637130802,0.05485232067510549,0.12658227848101267,0.029535864978902954,0.03375527426160337,0.07172995780590717,0.05063291139240506,0.06329113924050633,0.03375527426160337,0.046413502109704644,0.029535864978902954,0.046413502109704644,0.046413502109704644,0.06329113924050633,0.08860759493670886,0.008438818565400843,0.0379746835443038,237.0,6.663826179504396,26488.075300000004,1.0,0.0,0.0,0.0,0.0,0.0,0.0,0.0,0.0,0.0,0.0,0.0,0.0,0.0,0.0,0.0,0.0,0.0,0.0,0.0,0.0,0.0,0.0,0.0,0.0,0.0,0.0,0.0,0.0,0.0,0.0,1.0,0.0,0.0,0.0,0.0,1.0,0.0,0.0,0.0,0.0
Achilles,0.04184100418410042,0.0041841004184100415,0.07112970711297072,0.06694560669456066,0.05439330543933055,0.10460251046025104,0.03765690376569038,0.0502092050209205,0.08368200836820083,0.09623430962343096,0.02092050209205021,0.05439330543933055,0.04184100418410042,0.029288702928870293,0.029288702928870293,0.03347280334728033,0.06276150627615062,0.07112970711297072,0.0041841004184100415,0.04184100418410042,239.0,5.847561454772949,26769.02050000001,0.0,0.0,1.0,0.0,0.0,0.0,0.0,0.0,0.0,0.0,0.0,0.0,0.0,0.0,0.0,0.0,0.0,0.0,0.0,0.0,0.0,0.0,0.0,0.0,0.0,0.0,0.0,0.0,0.0,0.0,0.0,0.0,0.0,0.0,0.0,1.0,1.0,0.0,0.0,0.0,0.0
mScarlet3-S2,0.05240174672489083,0.0,0.06550218340611354,0.08296943231441048,0.05240174672489083,0.10480349344978165,0.026200873362445413,0.034934497816593885,0.07860262008733625,0.05240174672489083,0.034934497816593885,0.021834061135371178,0.056768558951965066,0.034934497816593885,0.056768558951965066,0.0611353711790393,0.06550218340611354,0.0611353711790393,0.017467248908296942,0.039301310043668124,229.0,6.104985237121581,25853.7325,0.0,0.0,0.0,1.0,0.0,0.0,0.0,0.0,0.0,0.0,0.0,0.0,0.0,0.0,0.0,0.0,0.0,0.0,0.0,0.0,0.0,0.0,0.0,0.0,0.0,0.0,0.0,0.0,0.0,0.0,0.0,1.0,0.0,0.0,0.0,0.0,1.0,0.0,0.0,0.0,0.0
mWasabi,0.038135593220338986,0.0,0.07627118644067797,0.08898305084745763,0.046610169491525424,0.08898305084745763,0.029661016949152543,0.059322033898305086,0.1016949152542373,0.05084745762711865,0.0423728813559322,0.046610169491525424,0.046610169491525424,0.00847457627118644,0.03389830508474576,0.0423728813559322,0.0635593220338983,0.07203389830508475,0.00847457627118644,0.05508474576271186,236.0,5.57263126373291,26943.21030000002,0.0,0.0,0.0,0.0,1.0,0.0,0.0,0.0,0.0,0.0,0.0,0.0,0.0,0.0,0.0,0.0,0.0,0.0,0.0,0.0,0.0,0.0,0.0,0.0,0.0,0.0,0.0,0.0,0.0,0.0,0.0,1.0,0.0,0.0,0.0,0.0,1.0,0.0,0.0,0.0,0.0
dKeima,0.036036036036036036,0.018018018018018018,0.04954954954954955,0.06306306306306306,0.04504504504504504,0.0990990990990991,0.02252252252252252,0.04954954954954955,0.07657657657657657,0.05405405405405406,0.036036036036036036,0.04054054054054054,0.06306306306306306,0.036036036036036036,0.03153153153153153,0.06306306306306306,0.06756756756756757,0.06756756756756757,0.013513513513513514,0.06756756756756757,222.0,6.5210466384887695,25050.15560000001,0.0,0.0,0.0,1.0,0.0,0.0,0.0,0.0,0.0,0.0,0.0,0.0,0.0,0.0,0.0,0.0,0.0,0.0,0.0,0.0,0.0,0.0,0.0,0.0,0.0,0.0,0.0,0.0,0.0,0.0,0.0,0.0,1.0,0.0,0.0,0.0,1.0,0.0,0.0,0.0,0.0
mCerulean,0.04184100418410042,0.008368200836820083,0.0794979079497908,0.06694560669456066,0.0502092050209205,0.09205020920502092,0.03347280334728033,0.05439330543933055,0.08786610878661087,0.08786610878661087,0.02092050209205021,0.0502092050209205,0.04184100418410042,0.03347280334728033,0.02510460251046025,0.03765690376569038,0.07112970711297072,0.07112970711297072,0.008368200836820083,0.03765690376569038,239.0,5.493454551696778,26832.04860000002,0.0,0.0,0.0,0.0,0.0,0.0,0.0,0.0,1.0,0.0,0.0,0.0,0.0,0.0,0.0,0.0,0.0,0.0,0.0,0.0,0.0,0.0,0.0,0.0,0.0,0.0,0.0,0.0,0.0,0.0,0.0,1.0,0.0,0.0,0.0,0.0,1.0,0.0,0.0,0.0,0.0
sg12,0.03765690376569038,0.008368200836820083,0.07531380753138076,0.06694560669456066,0.0502092050209205,0.09205020920502092,0.04184100418410042,0.0502092050209205,0.08368200836820083,0.08368200836820083,0.02510460251046025,0.05439330543933055,0.04184100418410042,0.029288702928870293,0.029288702928870293,0.04602510460251046,0.06276150627615062,0.07112970711297072,0.0041841004184100415,0.04602510460251046,239.0,5.795326423645019,26951.112800000017,0.0,0.0,0.0,0.0,1.0,0.0,0.0,0.0,0.0,0.0,0.0,0.0,0.0,0.0,0.0,0.0,0.0,0.0,0.0,0.0,0.0,0.0,0.0,0.0,0.0,0.0,0.0,0.0,0.0,0.0,0.0,0.0,0.0,0.0,0.0,1.0,1.0,0.0,0.0,0.0,0.0
SPOON,0.03765690376569038,0.008368200836820083,0.0794979079497908,0.06694560669456066,0.0502092050209205,0.100418410041841,0.04184100418410042,0.0502092050209205,0.08368200836820083,0.09205020920502092,0.02092050209205021,0.0502092050209205,0.04184100418410042,0.029288702928870293,0.02510460251046025,0.03765690376569038,0.06276150627615062,0.07112970711297072,0.0041841004184100415,0.04602510460251046,239.0,5.552908134460449,26830.97910000002,0.0,0.0,1.0,0.0,0.0,0.0,0.0,0.0,0.0,0.0,0.0,0.0,0.0,0.0,0.0,0.0,0.0,0.0,0.0,0.0,0.0,0.0,0.0,0.0,0.0,0.0,0.0,0.0,0.0,0.0,0.0,1.0,0.0,0.0,0.0,0.0,0.0,1.0,0.0,0.0,0.0
EBFP2,0.03347280334728033,0.008368200836820083,0.07112970711297072,0.06694560669456066,0.05439330543933055,0.09205020920502092,0.04184100418410042,0.04602510460251046,0.08368200836820083,0.08786610878661087,0.02510460251046025,0.0502092050209205,0.04184100418410042,0.03347280334728033,0.03347280334728033,0.04184100418410042,0.06694560669456066,0.08368200836820083,0.0041841004184100415,0.03347280334728033,239.0,6.057638359069824,26904.233600000018,0.0,0.0,0.0,0.0,0.0,0.0,0.0,0.0,0.0,0.0,1.0,0.0,0.0,0.0,0.0,0.0,0.0,0.0,0.0,0.0,0.0,0.0,0.0,0.0,0.0,0.0,0.0,0.0,0.0,0.0,0.0,1.0,0.0,0.0,0.0,0.0,1.0,0.0,0.0,0.0,0.0
mRFP1,0.05333333333333334,0.0,0.06222222222222222,0.09777777777777778,0.044444444444444446,0.10222222222222223,0.022222222222222223,0.04,0.09777777777777778,0.05333333333333334,0.04,0.017777777777777778,0.05333333333333334,0.035555555555555556,0.04,0.05333333333333334,0.06222222222222222,0.06222222222222222,0.013333333333333334,0.04888888888888889,225.0,5.653058433532714,25423.409100000004,0.0,0.0,0.0,1.0,0.0,0.0,0.0,0.0,0.0,0.0,0.0,0.0,0.0,0.0,0.0,0.0,0.0,0.0,0.0,0.0,0.0,0.0,0.0,0.0,0.0,0.0,0.0,0.0,0.0,0.0,0.0,1.0,0.0,0.0,0.0,0.0,1.0,0.0,0.0,0.0,0.0
frSkylan-S,0.05726872246696035,0.00881057268722467,0.07488986784140969,0.06167400881057269,0.05726872246696035,0.09251101321585903,0.03524229074889868,0.04405286343612335,0.0881057268722467,0.06167400881057269,0.03524229074889868,0.05286343612334802,0.048458149779735685,0.01762114537444934,0.048458149779735685,0.03524229074889868,0.05726872246696035,0.06167400881057269,0.00881057268722467,0.05286343612334802,227.0,7.09421100616455,25847.002300000015,0.0,0.0,0.0,0.0,1.0,0.0,0.0,0.0,0.0,0.0,0.0,0.0,0.0,0.0,0.0,0.0,0.0,0.0,0.0,0.0,0.0,0.0,0.0,0.0,0.0,0.0,0.0,0.0,0.0,0.0,0.0,1.0,0.0,0.0,0.0,0.0,0.0,1.0,0.0,0.0,0.0
PdaC1,0.04054054054054054,0.013513513513513514,0.04054054054054054,0.06756756756756757,0.08108108108108109,0.0945945945945946,0.04054054054054054,0.04054054054054054,0.08108108108108109,0.05855855855855856,0.04054054054054054,0.04504504504504504,0.05405405405405406,0.02702702702702703,0.03153153153153153,0.06306306306306306,0.07207207207207207,0.06306306306306306,0.013513513513513514,0.03153153153153153,222.0,7.758090400695801,25092.337900000013,0.0,0.0,0.0,0.0,0.0,0.0,0.0,0.0,0.0,0.0,0.0,0.0,0.0,1.0,0.0,0.0,0.0,0.0,0.0,0.0,0.0,0.0,0.0,0.0,0.0,0.0,0.0,0.0,0.0,0.0,0.0,0.0,0.0,0.0,0.0,1.0,1.0,0.0,0.0,0.0,0.0
pHluorin2,0.03361344537815126,0.008403361344537815,0.07983193277310924,0.06722689075630252,0.0546218487394958,0.09243697478991597,0.05042016806722689,0.05042016806722689,0.07983193277310924,0.08403361344537816,0.025210084033613446,0.046218487394957986,0.04201680672268908,0.037815126050420166,0.02100840336134454,0.037815126050420166,0.06302521008403361,0.07563025210084033,0.004201680672268907,0.046218487394957986,238.0,5.495159721374511,26929.060600000015,0.0,0.0,0.0,0.0,1.0,0.0,0.0,0.0,0.0,0.0,0.0,0.0,0.0,0.0,0.0,0.0,0.0,0.0,0.0,0.0,0.0,0.0,0.0,0.0,0.0,0.0,0.0,0.0,0.0,0.0,0.0,0.0,0.0,0.0,0.0,1.0,0.0,0.0,0.0,0.0,1.0
eqFP670,0.042735042735042736,0.021367521367521368,0.038461538461538464,0.07692307692307693,0.05128205128205128,0.10256410256410256,0.03418803418803419,0.038461538461538464,0.08547008547008547,0.07692307692307693,0.038461538461538464,0.04700854700854701,0.04700854700854701,0.03418803418803419,0.02564102564102564,0.05555555555555555,0.0811965811965812,0.04700854700854701,0.008547008547008548,0.04700854700854701,234.0,6.708217430114746,26232.532400000007,1.0,0.0,0.0,0.0,0.0,0.0,0.0,0.0,0.0,0.0,0.0,0.0,0.0,0.0,0.0,0.0,0.0,0.0,0.0,0.0,0.0,0.0,0.0,0.0,0.0,0.0,0.0,0.0,0.0,0.0,0.0,0.0,1.0,0.0,0.0,0.0,1.0,0.0,0.0,0.0,0.0
mKeima,0.036036036036036036,0.018018018018018018,0.04954954954954955,0.07207207207207207,0.04504504504504504,0.0990990990990991,0.02252252252252252,0.04954954954954955,0.07657657657657657,0.05405405405405406,0.036036036036036036,0.04054054054054054,0.06306306306306306,0.04054054054054054,0.036036036036036036,0.06756756756756757,0.05855855855855856,0.06306306306306306,0.013513513513513514,0.05855855855855856,222.0,6.224119758605957,25052.09060000001,0.0,0.0,0.0,1.0,0.0,0.0,0.0,0.0,0.0,0.0,0.0,0.0,0.0,0.0,0.0,0.0,0.0,0.0,0.0,0.0,0.0,0.0,0.0,0.0,0.0,0.0,0.0,0.0,0.0,0.0,0.0,1.0,0.0,0.0,0.0,0.0,1.0,0.0,0.0,0.0,0.0
htFuncLib_acid.6,0.028225806451612902,0.012096774193548387,0.07258064516129033,0.07258064516129033,0.04838709677419355,0.09274193548387097,0.06451612903225806,0.04435483870967742,0.07258064516129033,0.09274193548387097,0.028225806451612902,0.04838709677419355,0.04435483870967742,0.024193548387096774,0.028225806451612902,0.036290322580645164,0.06048387096774194,0.07661290322580645,0.008064516129032258,0.04435483870967742,248.0,5.770260429382325,28216.582300000027,0.0,1.0,0.0,0.0,0.0,0.0,0.0,0.0,0.0,0.0,0.0,0.0,0.0,0.0,0.0,0.0,0.0,0.0,0.0,0.0,0.0,0.0,0.0,0.0,0.0,0.0,0.0,0.0,0.0,0.0,0.0,0.0,0.0,0.0,0.0,1.0,1.0,0.0,0.0,0.0,0.0
SOPP,0.02830188679245283,0.0,0.07547169811320754,0.07547169811320754,0.05660377358490566,0.07547169811320754,0.009433962264150943,0.08490566037735849,0.05660377358490566,0.11320754716981132,0.018867924528301886,0.03773584905660377,0.04716981132075472,0.07547169811320754,0.07547169811320754,0.03773584905660377,0.05660377358490566,0.03773584905660377,0.009433962264150943,0.02830188679245283,106.0,5.376252555847168,12312.879799999992,0.0,0.0,0.0,0.0,0.0,0.0,1.0,0.0,0.0,0.0,0.0,0.0,0.0,0.0,0.0,0.0,0.0,0.0,0.0,0.0,0.0,0.0,0.0,0.0,0.0,0.0,0.0,0.0,0.0,0.0,0.0,0.0,0.0,0.0,0.0,1.0,1.0,0.0,0.0,0.0,0.0
dTFP0.2,0.0375,0.004166666666666667,0.06666666666666667,0.08333333333333333,0.04583333333333333,0.08333333333333333,0.025,0.058333333333333334,0.10416666666666667,0.07083333333333333,0.03333333333333333,0.05,0.05416666666666667,0.016666666666666666,0.029166666666666667,0.05,0.04583333333333333,0.07083333333333333,0.008333333333333333,0.0625,240.0,5.919746971130371,27428.93320000003,0.0,0.0,0.0,1.0,0.0,0.0,0.0,0.0,0.0,0.0,0.0,0.0,0.0,0.0,0.0,0.0,0.0,0.0,0.0,0.0,0.0,0.0,0.0,0.0,0.0,0.0,0.0,0.0,0.0,0.0,0.0,0.0,1.0,0.0,0.0,0.0,1.0,0.0,0.0,0.0,0.0
mStrawberry,0.046610169491525424,0.0,0.05508474576271186,0.1016949152542373,0.0423728813559322,0.11016949152542373,0.0211864406779661,0.046610169491525424,0.1016949152542373,0.059322033898305086,0.0423728813559322,0.029661016949152543,0.05084745762711865,0.0211864406779661,0.038135593220338986,0.046610169491525424,0.059322033898305086,0.0635593220338983,0.012711864406779662,0.05084745762711865,236.0,5.8371599197387685,26639.94380000001,0.0,1.0,0.0,0.0,0.0,0.0,0.0,0.0,0.0,0.0,0.0,0.0,0.0,0.0,0.0,0.0,0.0,0.0,0.0,0.0,0.0,0.0,0.0,0.0,0.0,0.0,0.0,0.0,0.0,0.0,0.0,1.0,0.0,0.0,0.0,0.0,1.0,0.0,0.0,0.0,0.0
pHmScarlet,0.03879310344827586,0.004310344827586207,0.0603448275862069,0.09051724137931035,0.04741379310344827,0.10775862068965517,0.021551724137931036,0.034482758620689655,0.09051724137931035,0.0603448275862069,0.04310344827586207,0.021551724137931036,0.05603448275862069,0.034482758620689655,0.04741379310344827,0.04741379310344827,0.06465517241379311,0.06465517241379311,0.01293103448275862,0.05172413793103448,232.0,6.017396354675292,26361.582000000006,1.0,0.0,0.0,0.0,0.0,0.0,0.0,0.0,0.0,0.0,0.0,0.0,0.0,0.0,0.0,0.0,0.0,0.0,0.0,0.0,0.0,0.0,0.0,0.0,0.0,0.0,0.0,0.0,0.0,0.0,0.0,0.0,0.0,0.0,0.0,1.0,1.0,0.0,0.0,0.0,0.0
SuperNova2,0.0502092050209205,0.02510460251046025,0.08368200836820083,0.0502092050209205,0.07112970711297072,0.08786610878661087,0.0502092050209205,0.07112970711297072,0.03765690376569038,0.029288702928870293,0.03765690376569038,0.02510460251046025,0.06276150627615062,0.03765690376569038,0.0502092050209205,0.06276150627615062,0.08368200836820083,0.06276150627615062,0.0041841004184100415,0.016736401673640166,239.0,5.472424125671386,26559.564099999996,0.0,0.0,0.0,1.0,0.0,0.0,0.0,0.0,0.0,0.0,0.0,0.0,0.0,0.0,0.0,0.0,0.0,0.0,0.0,0.0,0.0,0.0,0.0,0.0,0.0,0.0,0.0,0.0,0.0,0.0,0.0,1.0,0.0,0.0,0.0,0.0,1.0,0.0,0.0,0.0,0.0
mEos3.2,0.05752212389380531,0.01327433628318584,0.0752212389380531,0.061946902654867256,0.061946902654867256,0.09292035398230089,0.03982300884955752,0.04424778761061947,0.09292035398230089,0.061946902654867256,0.035398230088495575,0.05309734513274336,0.048672566371681415,0.017699115044247787,0.04424778761061947,0.035398230088495575,0.05309734513274336,0.05309734513274336,0.008849557522123894,0.048672566371681415,226.0,7.121209526062012,25743.905800000015,0.0,0.0,0.0,0.0,0.0,1.0,0.0,0.0,0.0,0.0,0.0,0.0,0.0,0.0,0.0,0.0,0.0,0.0,0.0,0.0,0.0,0.0,0.0,0.0,0.0,0.0,0.0,0.0,0.0,0.0,0.0,1.0,0.0,0.0,0.0,0.0,0.0,0.0,0.0,1.0,0.0
KikGR1,0.04405286343612335,0.013215859030837005,0.05726872246696035,0.07048458149779736,0.05726872246696035,0.09251101321585903,0.03524229074889868,0.048458149779735685,0.07929515418502203,0.05726872246696035,0.039647577092511016,0.048458149779735685,0.04405286343612335,0.030837004405286344,0.039647577092511016,0.048458149779735685,0.05286343612334802,0.08370044052863436,0.00881057268722467,0.048458149779735685,227.0,6.449884223937987,25763.049500000016,0.0,0.0,0.0,0.0,0.0,1.0,0.0,0.0,0.0,0.0,0.0,0.0,0.0,0.0,0.0,0.0,0.0,0.0,0.0,0.0,0.0,0.0,0.0,0.0,0.0,0.0,0.0,0.0,0.0,0.0,0.0,0.0,0.0,1.0,0.0,0.0,0.0,0.0,0.0,1.0,0.0
mRFP1-Q66C,0.05333333333333334,0.0044444444444444444,0.06222222222222222,0.09777777777777778,0.044444444444444446,0.10222222222222223,0.022222222222222223,0.04,0.09777777777777778,0.05333333333333334,0.04,0.017777777777777778,0.05333333333333334,0.03111111111111111,0.04,0.05333333333333334,0.06222222222222222,0.06222222222222222,0.013333333333333334,0.04888888888888889,225.0,5.653001594543457,25398.4228,0.0,0.0,0.0,0.0,0.0,0.0,0.0,1.0,0.0,0.0,0.0,0.0,0.0,0.0,0.0,0.0,0.0,0.0,0.0,0.0,0.0,0.0,0.0,0.0,0.0,0.0,0.0,0.0,0.0,0.0,0.0,1.0,0.0,0.0,0.0,0.0,1.0,0.0,0.0,0.0,0.0
Gamillus,0.04602510460251046,0.016736401673640166,0.0502092050209205,0.058577405857740586,0.0502092050209205,0.09623430962343096,0.04602510460251046,0.0502092050209205,0.06694560669456066,0.07112970711297072,0.03347280334728033,0.03347280334728033,0.05439330543933055,0.04184100418410042,0.029288702928870293,0.05439330543933055,0.10460251046025104,0.05439330543933055,0.008368200836820083,0.03347280334728033,239.0,6.403958320617675,26545.80270000002,0.0,0.0,0.0,1.0,0.0,0.0,0.0,0.0,0.0,0.0,0.0,0.0,0.0,0.0,0.0,0.0,0.0,0.0,0.0,0.0,0.0,0.0,0.0,0.0,0.0,0.0,0.0,0.0,0.0,0.0,0.0,1.0,0.0,0.0,0.0,0.0,0.0,1.0,0.0,0.0,0.0
zoan2RFP,0.05194805194805195,0.03463203463203463,0.06493506493506493,0.06493506493506493,0.06060606060606061,0.07792207792207792,0.03896103896103896,0.06926406926406926,0.0735930735930736,0.05194805194805195,0.03463203463203463,0.05627705627705628,0.05194805194805195,0.025974025974025976,0.04329004329004329,0.05627705627705628,0.04329004329004329,0.04329004329004329,0.017316017316017316,0.03896103896103896,231.0,6.303637504577638,26404.735200000014,0.0,0.0,0.0,0.0,0.0,0.0,0.0,0.0,0.0,0.0,0.0,1.0,0.0,0.0,0.0,0.0,0.0,0.0,0.0,0.0,0.0,0.0,0.0,0.0,0.0,0.0,0.0,0.0,0.0,0.0,0.0,0.0,0.0,0.0,0.0,1.0,1.0,0.0,0.0,0.0,0.0
LSS-mKate1,0.04291845493562232,0.017167381974248927,0.04291845493562232,0.0815450643776824,0.04291845493562232,0.10300429184549356,0.030042918454935622,0.03862660944206009,0.0815450643776824,0.0815450643776824,0.034334763948497854,0.04291845493562232,0.04291845493562232,0.030042918454935622,0.03862660944206009,0.04721030042918455,0.07725321888412018,0.06437768240343347,0.008583690987124463,0.05150214592274678,233.0,6.661666297912599,26209.542100000013,1.0,0.0,0.0,0.0,0.0,0.0,0.0,0.0,0.0,0.0,0.0,0.0,0.0,0.0,0.0,0.0,0.0,0.0,0.0,0.0,0.0,0.0,0.0,0.0,0.0,0.0,0.0,0.0,0.0,0.0,0.0,1.0,0.0,0.0,0.0,0.0,1.0,0.0,0.0,0.0,0.0
mKate M41G S158C,0.04329004329004329,0.021645021645021644,0.04329004329004329,0.07792207792207792,0.04329004329004329,0.1038961038961039,0.030303030303030304,0.03896103896103896,0.08658008658008658,0.07792207792207792,0.03896103896103896,0.03896103896103896,0.047619047619047616,0.030303030303030304,0.03896103896103896,0.04329004329004329,0.07792207792207792,0.06060606060606061,0.008658008658008658,0.047619047619047616,231.0,7.6441850662231445,25963.412800000013,1.0,0.0,0.0,0.0,0.0,0.0,0.0,0.0,0.0,0.0,0.0,0.0,0.0,0.0,0.0,0.0,0.0,0.0,0.0,0.0,0.0,0.0,0.0,0.0,0.0,0.0,0.0,0.0,0.0,0.0,0.0,1.0,0.0,0.0,0.0,0.0,1.0,0.0,0.0,0.0,0.0
AzamiGreen,0.044444444444444446,0.017777777777777778,0.07111111111111111,0.057777777777777775,0.05333333333333334,0.08,0.02666666666666667,0.04888888888888889,0.08888888888888889,0.06222222222222222,0.04,0.04888888888888889,0.05333333333333334,0.03111111111111111,0.044444444444444446,0.03111111111111111,0.06222222222222222,0.06222222222222222,0.008888888888888889,0.06666666666666667,225.0,7.645435523986817,25962.36100000002,0.0,0.0,0.0,1.0,0.0,0.0,0.0,0.0,0.0,0.0,0.0,0.0,0.0,0.0,0.0,0.0,0.0,0.0,0.0,0.0,0.0,0.0,0.0,0.0,0.0,0.0,0.0,0.0,0.0,0.0,0.0,0.0,0.0,1.0,0.0,0.0,1.0,0.0,0.0,0.0,0.0
pdae1GFP,0.036036036036036036,0.013513513513513514,0.036036036036036036,0.05855855855855856,0.06306306306306306,0.11711711711711711,0.04504504504504504,0.05855855855855856,0.04954954954954955,0.05405405405405406,0.04954954954954955,0.06306306306306306,0.04054054054054054,0.018018018018018018,0.036036036036036036,0.05855855855855856,0.08558558558558559,0.04954954954954955,0.0,0.06756756756756757,222.0,6.543043327331543,24916.893300000014,0.0,0.0,1.0,0.0,0.0,0.0,0.0,0.0,0.0,0.0,0.0,0.0,0.0,0.0,0.0,0.0,0.0,0.0,0.0,0.0,0.0,0.0,0.0,0.0,0.0,0.0,0.0,0.0,0.0,0.0,0.0,0.0,0.0,0.0,0.0,1.0,1.0,0.0,0.0,0.0,0.0
htFuncLib_mid.12,0.024193548387096774,0.012096774193548387,0.07258064516129033,0.07258064516129033,0.04838709677419355,0.09274193548387097,0.06451612903225806,0.05241935483870968,0.07258064516129033,0.0846774193548387,0.028225806451612902,0.04838709677419355,0.04435483870967742,0.028225806451612902,0.028225806451612902,0.04032258064516129,0.056451612903225805,0.07661290322580645,0.008064516129032258,0.04435483870967742,248.0,5.770260429382325,28259.60700000003,0.0,0.0,0.0,0.0,1.0,0.0,0.0,0.0,0.0,0.0,0.0,0.0,0.0,0.0,0.0,0.0,0.0,0.0,0.0,0.0,0.0,0.0,0.0,0.0,0.0,0.0,0.0,0.0,0.0,0.0,0.0,0.0,0.0,0.0,0.0,1.0,1.0,0.0,0.0,0.0,0.0
HriCFP,0.03731343283582089,0.0,0.05223880597014925,0.04477611940298507,0.029850746268656716,0.09701492537313433,0.04477611940298507,0.07462686567164178,0.17164179104477612,0.08208955223880597,0.022388059701492536,0.022388059701492536,0.04477611940298507,0.022388059701492536,0.11194029850746269,0.05970149253731343,0.03731343283582089,0.007462686567164179,0.007462686567164179,0.029850746268656716,134.0,10.779065513610842,15617.10269999998,0.0,0.0,0.0,0.0,0.0,0.0,1.0,0.0,0.0,0.0,0.0,0.0,0.0,0.0,0.0,0.0,0.0,0.0,0.0,0.0,0.0,0.0,0.0,0.0,0.0,0.0,0.0,0.0,0.0,0.0,0.0,1.0,0.0,0.0,0.0,0.0,1.0,0.0,0.0,0.0,0.0
rsFolder2,0.03347280334728033,0.008368200836820083,0.07531380753138076,0.06694560669456066,0.04602510460251046,0.09205020920502092,0.04184100418410042,0.04602510460251046,0.08786610878661087,0.08786610878661087,0.02092050209205021,0.05439330543933055,0.04184100418410042,0.02510460251046025,0.03347280334728033,0.04602510460251046,0.07112970711297072,0.07531380753138076,0.0041841004184100415,0.04184100418410042,239.0,6.058945655822753,26896.059500000018,0.0,0.0,0.0,0.0,0.0,0.0,0.0,0.0,0.0,1.0,0.0,0.0,0.0,0.0,0.0,0.0,0.0,0.0,0.0,0.0,0.0,0.0,0.0,0.0,0.0,0.0,0.0,0.0,0.0,0.0,0.0,1.0,0.0,0.0,0.0,0.0,0.0,1.0,0.0,0.0,0.0
SuperNova Green,0.05485232067510549,0.02531645569620253,0.08438818565400844,0.05063291139240506,0.07172995780590717,0.08438818565400844,0.05063291139240506,0.07172995780590717,0.0379746835443038,0.029535864978902954,0.0379746835443038,0.02531645569620253,0.06329113924050633,0.0379746835443038,0.046413502109704644,0.06329113924050633,0.08438818565400844,0.05907172995780591,0.008438818565400843,0.012658227848101266,237.0,5.363918495178221,26341.310699999995,0.0,0.0,0.0,0.0,0.0,0.0,0.0,0.0,0.0,0.0,0.0,0.0,0.0,0.0,0.0,0.0,0.0,0.0,1.0,0.0,0.0,0.0,0.0,0.0,0.0,0.0,0.0,0.0,0.0,0.0,0.0,1.0,0.0,0.0,0.0,0.0,1.0,0.0,0.0,0.0,0.0
amilFP597,0.0603448275862069,0.02586206896551724,0.0603448275862069,0.0603448275862069,0.05603448275862069,0.08620689655172414,0.04310344827586207,0.03879310344827586,0.07758620689655173,0.0603448275862069,0.03879310344827586,0.04310344827586207,0.05603448275862069,0.03017241379310345,0.034482758620689655,0.0603448275862069,0.05603448275862069,0.0603448275862069,0.017241379310344827,0.034482758620689655,232.0,6.546567344665529,26088.35720000001,0.0,0.0,0.0,0.0,0.0,0.0,0.0,0.0,0.0,0.0,0.0,1.0,0.0,0.0,0.0,0.0,0.0,0.0,0.0,0.0,0.0,0.0,0.0,0.0,0.0,0.0,0.0,0.0,0.0,0.0,0.0,0.0,0.0,1.0,0.0,0.0,1.0,0.0,0.0,0.0,0.0
GFPxm163,0.029411764705882353,0.012605042016806723,0.06722689075630252,0.07563025210084033,0.06302521008403361,0.1092436974789916,0.046218487394957986,0.06302521008403361,0.07563025210084033,0.07563025210084033,0.03361344537815126,0.0546218487394958,0.04201680672268908,0.025210084033613446,0.03361344537815126,0.029411764705882353,0.0546218487394958,0.058823529411764705,0.004201680672268907,0.046218487394957986,238.0,5.755198097229004,27046.37050000002,0.0,0.0,1.0,0.0,0.0,0.0,0.0,0.0,0.0,0.0,0.0,0.0,0.0,0.0,0.0,0.0,0.0,0.0,0.0,0.0,0.0,0.0,0.0,0.0,0.0,0.0,0.0,0.0,0.0,0.0,0.0,1.0,0.0,0.0,0.0,0.0,1.0,0.0,0.0,0.0,0.0
dTomato,0.029914529914529916,0.0,0.05555555555555555,0.09401709401709402,0.04700854700854701,0.10256410256410256,0.029914529914529916,0.038461538461538464,0.09829059829059829,0.07264957264957266,0.04700854700854701,0.017094017094017096,0.05555555555555555,0.03418803418803419,0.038461538461538464,0.042735042735042736,0.05555555555555555,0.0641025641025641,0.01282051282051282,0.0641025641025641,234.0,6.1936540603637695,26961.468700000012,1.0,0.0,0.0,0.0,0.0,0.0,0.0,0.0,0.0,0.0,0.0,0.0,0.0,0.0,0.0,0.0,0.0,0.0,0.0,0.0,0.0,0.0,0.0,0.0,0.0,0.0,0.0,0.0,0.0,0.0,0.0,0.0,1.0,0.0,0.0,0.0,1.0,0.0,0.0,0.0,0.0
ECFP H148D,0.03765690376569038,0.008368200836820083,0.0794979079497908,0.06694560669456066,0.0502092050209205,0.09205020920502092,0.03347280334728033,0.05439330543933055,0.08368200836820083,0.08786610878661087,0.02092050209205021,0.0502092050209205,0.04184100418410042,0.03347280334728033,0.02510460251046025,0.04184100418410042,0.07112970711297072,0.07112970711297072,0.008368200836820083,0.04184100418410042,239.0,5.369886589050293,26883.04890000002,0.0,0.0,0.0,0.0,0.0,0.0,0.0,0.0,1.0,0.0,0.0,0.0,0.0,0.0,0.0,0.0,0.0,0.0,0.0,0.0,0.0,0.0,0.0,0.0,0.0,0.0,0.0,0.0,0.0,0.0,0.0,0.0,0.0,0.0,0.0,1.0,1.0,0.0,0.0,0.0,0.0
mc3,0.05555555555555555,0.01282051282051282,0.08547008547008547,0.05982905982905983,0.05555555555555555,0.08547008547008547,0.03418803418803419,0.05128205128205128,0.09829059829059829,0.05128205128205128,0.04700854700854701,0.029914529914529916,0.042735042735042736,0.021367521367521368,0.04700854700854701,0.021367521367521368,0.05982905982905983,0.0811965811965812,0.008547008547008548,0.05128205128205128,234.0,7.0879018783569325,26812.489000000023,0.0,0.0,0.0,0.0,0.0,0.0,0.0,0.0,0.0,0.0,0.0,1.0,0.0,0.0,0.0,0.0,0.0,0.0,0.0,0.0,0.0,0.0,0.0,0.0,0.0,0.0,0.0,0.0,0.0,0.0,0.0,0.0,0.0,0.0,0.0,1.0,1.0,0.0,0.0,0.0,0.0
mTurquoise2-1710,0.03347280334728033,0.008368200836820083,0.07112970711297072,0.06694560669456066,0.0502092050209205,0.10460251046025104,0.03765690376569038,0.04602510460251046,0.08786610878661087,0.08786610878661087,0.02092050209205021,0.04602510460251046,0.04184100418410042,0.03347280334728033,0.02510460251046025,0.04602510460251046,0.06694560669456066,0.07531380753138076,0.008368200836820083,0.04184100418410042,239.0,5.847447776794433,26762.948300000015,0.0,0.0,0.0,0.0,0.0,0.0,0.0,0.0,0.0,0.0,0.0,0.0,1.0,0.0,0.0,0.0,0.0,0.0,0.0,0.0,0.0,0.0,0.0,0.0,0.0,0.0,0.0,0.0,0.0,0.0,0.0,1.0,0.0,0.0,0.0,0.0,1.0,0.0,0.0,0.0,0.0
mKate2,0.05172413793103448,0.017241379310344827,0.04310344827586207,0.07758620689655173,0.04310344827586207,0.09913793103448276,0.03017241379310345,0.03879310344827586,0.08189655172413793,0.07758620689655173,0.03879310344827586,0.03879310344827586,0.04741379310344827,0.03017241379310345,0.04310344827586207,0.04310344827586207,0.08189655172413793,0.0603448275862069,0.008620689655172414,0.04741379310344827,232.0,7.677606391906739,26074.491700000013,1.0,0.0,0.0,0.0,0.0,0.0,0.0,0.0,0.0,0.0,0.0,0.0,0.0,0.0,0.0,0.0,0.0,0.0,0.0,0.0,0.0,0.0,0.0,0.0,0.0,0.0,0.0,0.0,0.0,0.0,0.0,1.0,0.0,0.0,0.0,0.0,1.0,0.0,0.0,0.0,0.0
SCFP3A,0.03765690376569038,0.008368200836820083,0.0794979079497908,0.06694560669456066,0.0502092050209205,0.09623430962343096,0.03347280334728033,0.05439330543933055,0.08786610878661087,0.08786610878661087,0.02092050209205021,0.0502092050209205,0.04184100418410042,0.03347280334728033,0.02510460251046025,0.03347280334728033,0.07112970711297072,0.07112970711297072,0.008368200836820083,0.04184100418410042,239.0,5.493454551696778,26894.11790000002,0.0,0.0,0.0,0.0,0.0,0.0,0.0,0.0,1.0,0.0,0.0,0.0,0.0,0.0,0.0,0.0,0.0,0.0,0.0,0.0,0.0,0.0,0.0,0.0,0.0,0.0,0.0,0.0,0.0,0.0,0.0,1.0,0.0,0.0,0.0,0.0,1.0,0.0,0.0,0.0,0.0
ShadowY,0.04184100418410042,0.008368200836820083,0.07531380753138076,0.06694560669456066,0.0502092050209205,0.09623430962343096,0.03347280334728033,0.0502092050209205,0.08368200836820083,0.09205020920502092,0.029288702928870293,0.04602510460251046,0.04602510460251046,0.02510460251046025,0.02092050209205021,0.03765690376569038,0.058577405857740586,0.0794979079497908,0.008368200836820083,0.0502092050209205,239.0,5.364430046081543,26863.27060000001,0.0,0.0,1.0,0.0,0.0,0.0,0.0,0.0,0.0,0.0,0.0,0.0,0.0,0.0,0.0,0.0,0.0,0.0,0.0,0.0,0.0,0.0,0.0,0.0,0.0,0.0,0.0,0.0,0.0,0.0,0.0,0.0,0.0,0.0,0.0,1.0,1.0,0.0,0.0,0.0,0.0
RFP637,0.03896103896103896,0.017316017316017316,0.05194805194805195,0.0735930735930736,0.07792207792207792,0.10822510822510822,0.025974025974025976,0.021645021645021644,0.0735930735930736,0.06060606060606061,0.06060606060606061,0.03463203463203463,0.04329004329004329,0.030303030303030304,0.03896103896103896,0.05194805194805195,0.06926406926406926,0.0735930735930736,0.008658008658008658,0.03896103896103896,231.0,6.089240837097167,26085.5331,1.0,0.0,0.0,0.0,0.0,0.0,0.0,0.0,0.0,0.0,0.0,0.0,0.0,0.0,0.0,0.0,0.0,0.0,0.0,0.0,0.0,0.0,0.0,0.0,0.0,0.0,0.0,0.0,0.0,0.0,0.0,0.0,0.0,1.0,0.0,0.0,1.0,0.0,0.0,0.0,0.0
mApple,0.05084745762711865,0.0,0.05508474576271186,0.1016949152542373,0.05084745762711865,0.09745762711864407,0.029661016949152543,0.059322033898305086,0.1016949152542373,0.05084745762711865,0.0423728813559322,0.029661016949152543,0.05084745762711865,0.029661016949152543,0.038135593220338986,0.05084745762711865,0.03389830508474576,0.0635593220338983,0.012711864406779662,0.05084745762711865,236.0,6.021772956848144,26958.36390000001,1.0,0.0,0.0,0.0,0.0,0.0,0.0,0.0,0.0,0.0,0.0,0.0,0.0,0.0,0.0,0.0,0.0,0.0,0.0,0.0,0.0,0.0,0.0,0.0,0.0,0.0,0.0,0.0,0.0,0.0,0.0,1.0,0.0,0.0,0.0,0.0,1.0,0.0,0.0,0.0,0.0
mIFP,0.084375,0.025,0.040625,0.05625,0.028125,0.06875,0.0375,0.06875,0.0125,0.115625,0.028125,0.040625,0.06875,0.03125,0.08125,0.071875,0.05625,0.0625,0.003125,0.01875,320.0,6.860773277282715,35110.071600000054,0.0,0.0,0.0,0.0,0.0,0.0,1.0,0.0,0.0,0.0,0.0,0.0,0.0,0.0,0.0,0.0,0.0,0.0,0.0,0.0,0.0,0.0,0.0,0.0,0.0,0.0,0.0,0.0,0.0,0.0,0.0,1.0,0.0,0.0,0.0,0.0,1.0,0.0,0.0,0.0,0.0
Superfolder GFP,0.03361344537815126,0.008403361344537815,0.07563025210084033,0.06722689075630252,0.05042016806722689,0.09243697478991597,0.04201680672268908,0.046218487394957986,0.08403361344537816,0.08403361344537816,0.02100840336134454,0.0546218487394958,0.04201680672268908,0.029411764705882353,0.03361344537815126,0.04201680672268908,0.07563025210084033,0.07563025210084033,0.004201680672268907,0.037815126050420166,238.0,5.9242372512817365,26780.886000000017,0.0,1.0,0.0,0.0,0.0,0.0,0.0,0.0,0.0,0.0,0.0,0.0,0.0,0.0,0.0,0.0,0.0,0.0,0.0,0.0,0.0,0.0,0.0,0.0,0.0,0.0,0.0,0.0,0.0,0.0,0.0,0.0,0.0,0.0,1.0,0.0,1.0,0.0,0.0,0.0,0.0
"pHluorin, ratiometric",0.037815126050420166,0.008403361344537815,0.07983193277310924,0.06722689075630252,0.0546218487394958,0.09663865546218488,0.05042016806722689,0.046218487394957986,0.07983193277310924,0.08403361344537816,0.025210084033613446,0.046218487394957986,0.04201680672268908,0.03361344537815126,0.025210084033613446,0.03361344537815126,0.06722689075630252,0.07142857142857142,0.004201680672268907,0.046218487394957986,238.0,5.601789665222167,26886.98430000001,0.0,0.0,0.0,0.0,1.0,0.0,0.0,0.0,0.0,0.0,0.0,0.0,0.0,0.0,0.0,0.0,0.0,0.0,0.0,0.0,0.0,0.0,0.0,0.0,0.0,0.0,0.0,0.0,0.0,0.0,0.0,0.0,0.0,0.0,0.0,1.0,0.0,0.0,0.0,0.0,1.0
mStayGold2,0.02575107296137339,0.012875536480686695,0.05150214592274678,0.0815450643776824,0.04291845493562232,0.09012875536480687,0.055793991416309016,0.04291845493562232,0.07725321888412018,0.060085836909871244,0.02575107296137339,0.03862660944206009,0.05150214592274678,0.04291845493562232,0.02145922746781116,0.06866952789699571,0.0815450643776824,0.060085836909871244,0.012875536480686695,0.055793991416309016,233.0,5.889849662780762,26487.26470000003,0.0,0.0,1.0,0.0,0.0,0.0,0.0,0.0,0.0,0.0,0.0,0.0,0.0,0.0,0.0,0.0,0.0,0.0,0.0,0.0,0.0,0.0,0.0,0.0,0.0,0.0,0.0,0.0,0.0,0.0,0.0,1.0,0.0,0.0,0.0,0.0,1.0,0.0,0.0,0.0,0.0
htFuncLib_sf:mid.12,0.0321285140562249,0.008032128514056224,0.07228915662650602,0.0642570281124498,0.04417670682730924,0.09236947791164658,0.05622489959839357,0.04819277108433735,0.08032128514056225,0.08433734939759036,0.024096385542168676,0.05220883534136546,0.040160642570281124,0.028112449799196786,0.0321285140562249,0.04819277108433735,0.06827309236947791,0.08433734939759036,0.004016064257028112,0.03614457831325301,249.0,6.147102928161621,27967.275600000026,0.0,0.0,0.0,0.0,1.0,0.0,0.0,0.0,0.0,0.0,0.0,0.0,0.0,0.0,0.0,0.0,0.0,0.0,0.0,0.0,0.0,0.0,0.0,0.0,0.0,0.0,0.0,0.0,0.0,0.0,0.0,0.0,0.0,0.0,0.0,1.0,1.0,0.0,0.0,0.0,0.0
mK-GO,0.05045871559633028,0.009174311926605505,0.045871559633027525,0.0963302752293578,0.05504587155963303,0.10550458715596331,0.045871559633027525,0.04128440366972477,0.06422018348623854,0.05045871559633028,0.045871559633027525,0.027522935779816515,0.05045871559633028,0.022935779816513763,0.03669724770642202,0.06422018348623854,0.06422018348623854,0.06880733944954129,0.009174311926605505,0.045871559633027525,218.0,5.563593864440917,24456.276700000006,0.0,0.0,0.0,0.0,0.0,0.0,0.0,1.0,0.0,0.0,0.0,0.0,0.0,0.0,0.0,0.0,0.0,0.0,0.0,0.0,0.0,0.0,0.0,0.0,0.0,0.0,0.0,0.0,0.0,0.0,0.0,1.0,0.0,0.0,0.0,0.0,0.0,0.0,0.0,0.0,1.0
miRFP670v1,0.07936507936507936,0.02857142857142857,0.04126984126984127,0.06031746031746032,0.031746031746031744,0.08571428571428572,0.044444444444444446,0.047619047619047616,0.012698412698412698,0.12698412698412698,0.025396825396825397,0.015873015873015872,0.06349206349206349,0.031746031746031744,0.07936507936507936,0.07301587301587302,0.04126984126984127,0.08253968253968254,0.0031746031746031746,0.025396825396825397,315.0,6.528663063049316,34475.431200000006,0.0,0.0,0.0,0.0,0.0,0.0,1.0,0.0,0.0,0.0,0.0,0.0,0.0,0.0,0.0,0.0,0.0,0.0,0.0,0.0,0.0,0.0,0.0,0.0,0.0,0.0,0.0,0.0,0.0,0.0,0.0,1.0,0.0,0.0,0.0,0.0,1.0,0.0,0.0,0.0,0.0
StayRose,0.03225806451612903,0.02304147465437788,0.05069124423963134,0.06912442396313365,0.041474654377880185,0.08755760368663594,0.06451612903225806,0.03686635944700461,0.08294930875576037,0.059907834101382486,0.027649769585253458,0.04608294930875576,0.059907834101382486,0.04608294930875576,0.018433179723502304,0.06912442396313365,0.06912442396313365,0.05069124423963134,0.013824884792626729,0.04608294930875576,217.0,6.380142784118653,24517.179600000025,0.0,0.0,0.0,0.0,0.0,0.0,0.0,0.0,0.0,0.0,0.0,0.0,0.0,0.0,0.0,0.0,0.0,0.0,0.0,0.0,0.0,0.0,0.0,1.0,0.0,0.0,0.0,0.0,0.0,0.0,0.0,0.0,1.0,0.0,0.0,0.0,1.0,0.0,0.0,0.0,0.0
meffCFP,0.04310344827586207,0.03017241379310345,0.0603448275862069,0.05603448275862069,0.06896551724137931,0.09051724137931035,0.03879310344827586,0.034482758620689655,0.10775862068965517,0.0603448275862069,0.03879310344827586,0.034482758620689655,0.05603448275862069,0.02586206896551724,0.021551724137931036,0.07327586206896551,0.06896551724137931,0.04741379310344827,0.008620689655172414,0.034482758620689655,232.0,8.368528175354008,25993.39570000001,0.0,0.0,0.0,1.0,0.0,0.0,0.0,0.0,0.0,0.0,0.0,0.0,0.0,0.0,0.0,0.0,0.0,0.0,0.0,0.0,0.0,0.0,0.0,0.0,0.0,0.0,0.0,0.0,0.0,0.0,0.0,0.0,0.0,1.0,0.0,0.0,1.0,0.0,0.0,0.0,0.0
mRtms5,0.04072398190045249,0.02262443438914027,0.04072398190045249,0.06334841628959276,0.049773755656108594,0.09954751131221719,0.027149321266968326,0.04072398190045249,0.08144796380090498,0.04524886877828054,0.03619909502262444,0.04524886877828054,0.06787330316742081,0.04072398190045249,0.03619909502262444,0.049773755656108594,0.06787330316742081,0.07239819004524888,0.013574660633484163,0.058823529411764705,221.0,8.475610160827639,24961.142000000014,0.0,0.0,0.0,1.0,0.0,0.0,0.0,0.0,0.0,0.0,0.0,0.0,0.0,0.0,0.0,0.0,0.0,0.0,0.0,0.0,0.0,0.0,0.0,0.0,0.0,0.0,0.0,0.0,0.0,0.0,0.0,1.0,0.0,0.0,0.0,0.0,1.0,0.0,0.0,0.0,0.0
sg50,0.04184100418410042,0.008368200836820083,0.07531380753138076,0.06694560669456066,0.0502092050209205,0.09205020920502092,0.04602510460251046,0.0502092050209205,0.08368200836820083,0.08368200836820083,0.02510460251046025,0.05439330543933055,0.04184100418410042,0.029288702928870293,0.029288702928870293,0.04602510460251046,0.06276150627615062,0.06694560669456066,0.0041841004184100415,0.04184100418410042,239.0,5.86751194000244,26897.025800000018,0.0,0.0,0.0,0.0,0.0,0.0,0.0,0.0,0.0,0.0,1.0,0.0,0.0,0.0,0.0,0.0,0.0,0.0,0.0,0.0,0.0,0.0,0.0,0.0,0.0,0.0,0.0,0.0,0.0,0.0,0.0,0.0,0.0,0.0,0.0,1.0,1.0,0.0,0.0,0.0,0.0
ptilGFP,0.04201680672268908,0.004201680672268907,0.04201680672268908,0.07983193277310924,0.07983193277310924,0.09663865546218488,0.03361344537815126,0.0546218487394958,0.06302521008403361,0.06302521008403361,0.03361344537815126,0.0546218487394958,0.037815126050420166,0.029411764705882353,0.037815126050420166,0.06302521008403361,0.037815126050420166,0.08823529411764706,0.004201680672268907,0.0546218487394958,238.0,5.913210487365721,27047.392400000004,0.0,0.0,0.0,1.0,0.0,0.0,0.0,0.0,0.0,0.0,0.0,0.0,0.0,0.0,0.0,0.0,0.0,0.0,0.0,0.0,0.0,0.0,0.0,0.0,0.0,0.0,0.0,0.0,0.0,0.0,0.0,0.0,0.0,0.0,0.0,1.0,1.0,0.0,0.0,0.0,0.0
mRhubarb719,0.12025316455696203,0.015822784810126583,0.056962025316455694,0.06329113924050633,0.03481012658227848,0.06962025316455696,0.03481012658227848,0.08227848101265822,0.00949367088607595,0.0949367088607595,0.02531645569620253,0.022151898734177215,0.06645569620253164,0.03164556962025317,0.07911392405063292,0.05379746835443038,0.04746835443037975,0.06645569620253164,0.006329113924050633,0.0189873417721519,316.0,5.56484432220459,34496.18090000002,0.0,0.0,0.0,0.0,0.0,0.0,1.0,0.0,0.0,0.0,0.0,0.0,0.0,0.0,0.0,0.0,0.0,0.0,0.0,0.0,0.0,0.0,0.0,0.0,0.0,0.0,0.0,0.0,0.0,0.0,0.0,1.0,0.0,0.0,0.0,0.0,1.0,0.0,0.0,0.0,0.0
tdKatushka2,0.04329004329004329,0.017316017316017316,0.03463203463203463,0.0735930735930736,0.05627705627705628,0.09956709956709957,0.04329004329004329,0.04329004329004329,0.09090909090909091,0.06926406926406926,0.047619047619047616,0.047619047619047616,0.04329004329004329,0.03463203463203463,0.025974025974025976,0.05194805194805195,0.07792207792207792,0.047619047619047616,0.008658008658008658,0.04329004329004329,231.0,8.235981178283694,26078.52630000001,1.0,0.0,0.0,0.0,0.0,0.0,0.0,0.0,0.0,0.0,0.0,0.0,0.0,0.0,0.0,0.0,0.0,0.0,0.0,0.0,0.0,0.0,0.0,0.0,0.0,0.0,0.0,0.0,0.0,0.0,0.0,0.0,0.0,0.0,0.0,1.0,1.0,0.0,0.0,0.0,0.0
TagYFP,0.03347280334728033,0.012552301255230125,0.07112970711297072,0.07531380753138076,0.04602510460251046,0.100418410041841,0.04602510460251046,0.05439330543933055,0.07531380753138076,0.08368200836820083,0.02510460251046025,0.0502092050209205,0.04184100418410042,0.02510460251046025,0.03765690376569038,0.04184100418410042,0.058577405857740586,0.07112970711297072,0.0041841004184100415,0.04602510460251046,239.0,5.757471656799316,26969.157900000024,0.0,1.0,0.0,0.0,0.0,0.0,0.0,0.0,0.0,0.0,0.0,0.0,0.0,0.0,0.0,0.0,0.0,0.0,0.0,0.0,0.0,0.0,0.0,0.0,0.0,0.0,0.0,0.0,0.0,0.0,0.0,1.0,0.0,0.0,0.0,0.0,1.0,0.0,0.0,0.0,0.0
VFP,0.044444444444444446,0.017777777777777778,0.07555555555555556,0.05333333333333334,0.044444444444444446,0.08888888888888889,0.02666666666666667,0.057777777777777775,0.08888888888888889,0.057777777777777775,0.04,0.04,0.04888888888888889,0.02666666666666667,0.044444444444444446,0.057777777777777775,0.04888888888888889,0.06666666666666667,0.008888888888888889,0.06222222222222222,225.0,7.648391151428222,25582.90730000002,0.0,0.0,0.0,1.0,0.0,0.0,0.0,0.0,0.0,0.0,0.0,0.0,0.0,0.0,0.0,0.0,0.0,0.0,0.0,0.0,0.0,0.0,0.0,0.0,0.0,0.0,0.0,0.0,0.0,0.0,0.0,0.0,1.0,0.0,0.0,0.0,1.0,0.0,0.0,0.0,0.0
Superfolder YFP,0.03361344537815126,0.008403361344537815,0.07563025210084033,0.06722689075630252,0.05042016806722689,0.09243697478991597,0.04201680672268908,0.046218487394957986,0.08403361344537816,0.08403361344537816,0.02100840336134454,0.0546218487394958,0.04201680672268908,0.029411764705882353,0.03361344537815126,0.04201680672268908,0.07142857142857142,0.07563025210084033,0.004201680672268907,0.04201680672268908,238.0,5.9242372512817365,26842.955300000016,0.0,1.0,0.0,0.0,0.0,0.0,0.0,0.0,0.0,0.0,0.0,0.0,0.0,0.0,0.0,0.0,0.0,0.0,0.0,0.0,0.0,0.0,0.0,0.0,0.0,0.0,0.0,0.0,0.0,0.0,0.0,0.0,0.0,0.0,1.0,0.0,1.0,0.0,0.0,0.0,0.0
mEos4b-L93M,0.05726872246696035,0.00881057268722467,0.07488986784140969,0.06167400881057269,0.05726872246696035,0.09251101321585903,0.039647577092511016,0.04405286343612335,0.0881057268722467,0.05726872246696035,0.039647577092511016,0.05286343612334802,0.048458149779735685,0.01762114537444934,0.048458149779735685,0.030837004405286344,0.05726872246696035,0.06167400881057269,0.00881057268722467,0.05286343612334802,227.0,7.127348136901856,25915.102700000018,0.0,0.0,0.0,0.0,0.0,1.0,0.0,0.0,0.0,0.0,0.0,0.0,0.0,0.0,0.0,0.0,0.0,0.0,0.0,0.0,0.0,0.0,0.0,0.0,0.0,0.0,0.0,0.0,0.0,0.0,0.0,1.0,0.0,0.0,0.0,0.0,0.0,0.0,0.0,1.0,0.0
FusionRed-MQV,0.05603448275862069,0.01293103448275862,0.04741379310344827,0.08189655172413793,0.04310344827586207,0.11637931034482758,0.02586206896551724,0.034482758620689655,0.06896551724137931,0.0603448275862069,0.04310344827586207,0.03879310344827586,0.05603448275862069,0.03017241379310345,0.034482758620689655,0.03879310344827586,0.08620689655172414,0.07327586206896551,0.008620689655172414,0.04310344827586207,232.0,5.562798118591308,25588.690499999993,1.0,0.0,0.0,0.0,0.0,0.0,0.0,0.0,0.0,0.0,0.0,0.0,0.0,0.0,0.0,0.0,0.0,0.0,0.0,0.0,0.0,0.0,0.0,0.0,0.0,0.0,0.0,0.0,0.0,0.0,0.0,1.0,0.0,0.0,0.0,0.0,1.0,0.0,0.0,0.0,0.0
td5StayGold,0.030927835051546393,0.020618556701030927,0.049484536082474224,0.07422680412371134,0.041237113402061855,0.09896907216494845,0.061855670103092786,0.03505154639175258,0.07422680412371134,0.0577319587628866,0.024742268041237112,0.04536082474226804,0.0577319587628866,0.041237113402061855,0.016494845360824743,0.07835051546391752,0.07216494845360824,0.05979381443298969,0.01443298969072165,0.04536082474226804,485.0,5.9903978347778315,54259.78360000004,0.0,0.0,1.0,0.0,0.0,0.0,0.0,0.0,0.0,0.0,0.0,0.0,0.0,0.0,0.0,0.0,0.0,0.0,0.0,0.0,0.0,0.0,0.0,0.0,0.0,0.0,0.0,0.0,0.0,0.0,0.0,0.0,0.0,0.0,0.0,1.0,1.0,0.0,0.0,0.0,0.0
Aquamarine,0.03765690376569038,0.008368200836820083,0.07531380753138076,0.06694560669456066,0.0502092050209205,0.09623430962343096,0.03347280334728033,0.05439330543933055,0.08368200836820083,0.08786610878661087,0.02092050209205021,0.0502092050209205,0.04184100418410042,0.03347280334728033,0.02510460251046025,0.04602510460251046,0.06694560669456066,0.07112970711297072,0.008368200836820083,0.04184100418410042,239.0,5.488964271545409,26810.986200000018,0.0,0.0,0.0,0.0,0.0,0.0,0.0,0.0,0.0,0.0,0.0,0.0,1.0,0.0,0.0,0.0,0.0,0.0,0.0,0.0,0.0,0.0,0.0,0.0,0.0,0.0,0.0,0.0,0.0,0.0,0.0,1.0,0.0,0.0,0.0,0.0,1.0,0.0,0.0,0.0,0.0
IrisFP-M159A,0.05752212389380531,0.01327433628318584,0.0752212389380531,0.061946902654867256,0.05309734513274336,0.09292035398230089,0.048672566371681415,0.048672566371681415,0.084070796460177,0.06637168141592921,0.030973451327433628,0.048672566371681415,0.048672566371681415,0.017699115044247787,0.04424778761061947,0.03982300884955752,0.05309734513274336,0.05752212389380531,0.008849557522123894,0.048672566371681415,226.0,6.593118476867676,25634.717100000023,0.0,0.0,0.0,0.0,0.0,1.0,0.0,0.0,0.0,0.0,0.0,0.0,0.0,0.0,0.0,0.0,0.0,0.0,0.0,0.0,0.0,0.0,0.0,0.0,0.0,0.0,0.0,0.0,0.0,0.0,0.0,0.0,0.0,1.0,0.0,0.0,0.0,1.0,0.0,0.0,0.0
LSSmScarlet3,0.04310344827586207,0.0,0.06896551724137931,0.09482758620689655,0.04741379310344827,0.10344827586206896,0.03017241379310345,0.03017241379310345,0.08620689655172414,0.06465517241379311,0.04741379310344827,0.021551724137931036,0.05603448275862069,0.02586206896551724,0.05172413793103448,0.04310344827586207,0.06896551724137931,0.06465517241379311,0.008620689655172414,0.04310344827586207,232.0,5.709897422790529,26310.454400000006,1.0,0.0,0.0,0.0,0.0,0.0,0.0,0.0,0.0,0.0,0.0,0.0,0.0,0.0,0.0,0.0,0.0,0.0,0.0,0.0,0.0,0.0,0.0,0.0,0.0,0.0,0.0,0.0,0.0,0.0,0.0,1.0,0.0,0.0,0.0,0.0,1.0,0.0,0.0,0.0,0.0
AvicFP1,0.03361344537815126,0.01680672268907563,0.07142857142857142,0.06302521008403361,0.046218487394957986,0.10084033613445378,0.046218487394957986,0.07142857142857142,0.07983193277310924,0.06722689075630252,0.025210084033613446,0.058823529411764705,0.04201680672268908,0.03361344537815126,0.029411764705882353,0.037815126050420166,0.06302521008403361,0.06302521008403361,0.004201680672268907,0.046218487394957986,238.0,5.98471393585205,26800.98790000002,0.0,0.0,0.0,0.0,0.0,0.0,0.0,1.0,0.0,0.0,0.0,0.0,0.0,0.0,0.0,0.0,0.0,0.0,0.0,0.0,0.0,0.0,0.0,0.0,0.0,0.0,0.0,0.0,0.0,0.0,0.0,0.0,0.0,0.0,1.0,0.0,1.0,0.0,0.0,0.0,0.0
MiCy,0.05172413793103448,0.01293103448275862,0.03879310344827586,0.07327586206896551,0.06465517241379311,0.09482758620689655,0.034482758620689655,0.04310344827586207,0.08620689655172414,0.05172413793103448,0.03879310344827586,0.03017241379310345,0.05172413793103448,0.04310344827586207,0.03879310344827586,0.06896551724137931,0.05172413793103448,0.07327586206896551,0.008620689655172414,0.04310344827586207,232.0,8.609446525573734,26151.556900000007,0.0,0.0,0.0,1.0,0.0,0.0,0.0,0.0,0.0,0.0,0.0,0.0,0.0,0.0,0.0,0.0,0.0,0.0,0.0,0.0,0.0,0.0,0.0,0.0,0.0,0.0,0.0,0.0,0.0,0.0,0.0,0.0,1.0,0.0,0.0,0.0,1.0,0.0,0.0,0.0,0.0
Superfolder mTurquoise2 ox,0.03765690376569038,0.0041841004184100415,0.0794979079497908,0.06694560669456066,0.0502092050209205,0.09623430962343096,0.03347280334728033,0.04602510460251046,0.08786610878661087,0.08786610878661087,0.02092050209205021,0.0502092050209205,0.04184100418410042,0.03347280334728033,0.029288702928870293,0.03765690376569038,0.07112970711297072,0.0794979079497908,0.008368200836820083,0.03765690376569038,239.0,5.626457786560058,26843.011600000013,0.0,0.0,0.0,0.0,0.0,0.0,0.0,0.0,0.0,0.0,0.0,0.0,1.0,0.0,0.0,0.0,0.0,0.0,0.0,0.0,0.0,0.0,0.0,0.0,0.0,0.0,0.0,0.0,0.0,0.0,0.0,1.0,0.0,0.0,0.0,0.0,1.0,0.0,0.0,0.0,0.0
mRojoA,0.046610169491525424,0.00423728813559322,0.059322033898305086,0.1016949152542373,0.0423728813559322,0.1059322033898305,0.029661016949152543,0.038135593220338986,0.1016949152542373,0.059322033898305086,0.0423728813559322,0.029661016949152543,0.05084745762711865,0.029661016949152543,0.029661016949152543,0.05084745762711865,0.05508474576271186,0.05508474576271186,0.012711864406779662,0.05508474576271186,236.0,5.584510612487793,26743.857800000013,1.0,0.0,0.0,0.0,0.0,0.0,0.0,0.0,0.0,0.0,0.0,0.0,0.0,0.0,0.0,0.0,0.0,0.0,0.0,0.0,0.0,0.0,0.0,0.0,0.0,0.0,0.0,0.0,0.0,0.0,0.0,1.0,0.0,0.0,0.0,0.0,1.0,0.0,0.0,0.0,0.0
htFuncLib_sf:acid.5,0.0321285140562249,0.008032128514056224,0.07228915662650602,0.0642570281124498,0.04417670682730924,0.09236947791164658,0.05622489959839357,0.040160642570281124,0.08032128514056225,0.08433734939759036,0.024096385542168676,0.05220883534136546,0.040160642570281124,0.028112449799196786,0.0321285140562249,0.04417670682730924,0.07630522088353414,0.08835341365461848,0.004016064257028112,0.03614457831325301,249.0,6.147102928161621,27955.221900000022,0.0,1.0,0.0,0.0,0.0,0.0,0.0,0.0,0.0,0.0,0.0,0.0,0.0,0.0,0.0,0.0,0.0,0.0,0.0,0.0,0.0,0.0,0.0,0.0,0.0,0.0,0.0,0.0,0.0,0.0,0.0,0.0,0.0,0.0,0.0,1.0,1.0,0.0,0.0,0.0,0.0
amFP506,0.056768558951965066,0.021834061135371178,0.056768558951965066,0.034934497816593885,0.07423580786026202,0.10480349344978165,0.039301310043668124,0.026200873362445413,0.07423580786026202,0.039301310043668124,0.048034934497816595,0.043668122270742356,0.05240174672489083,0.026200873362445413,0.021834061135371178,0.056768558951965066,0.10043668122270742,0.06986899563318777,0.008733624454148471,0.043668122270742356,229.0,7.67965259552002,25315.4338,0.0,0.0,0.0,0.0,0.0,0.0,0.0,0.0,0.0,0.0,0.0,0.0,0.0,1.0,0.0,0.0,0.0,0.0,0.0,0.0,0.0,0.0,0.0,0.0,0.0,0.0,0.0,0.0,0.0,0.0,0.0,0.0,0.0,1.0,0.0,0.0,1.0,0.0,0.0,0.0,0.0
EBFP1.5,0.03765690376569038,0.008368200836820083,0.07531380753138076,0.06694560669456066,0.0502092050209205,0.09205020920502092,0.04184100418410042,0.04602510460251046,0.08368200836820083,0.08786610878661087,0.02092050209205021,0.05439330543933055,0.04184100418410042,0.03347280334728033,0.029288702928870293,0.04184100418410042,0.06694560669456066,0.08368200836820083,0.0041841004184100415,0.03347280334728033,239.0,5.795383262634277,26769.946000000018,0.0,0.0,0.0,0.0,0.0,0.0,0.0,0.0,0.0,0.0,1.0,0.0,0.0,0.0,0.0,0.0,0.0,0.0,0.0,0.0,0.0,0.0,0.0,0.0,0.0,0.0,0.0,0.0,0.0,0.0,0.0,1.0,0.0,0.0,0.0,0.0,1.0,0.0,0.0,0.0,0.0
KO,0.05069124423963134,0.02304147465437788,0.041474654377880185,0.07834101382488479,0.07373271889400922,0.10138248847926268,0.04608294930875576,0.03225806451612903,0.08755760368663594,0.05069124423963134,0.04608294930875576,0.027649769585253458,0.055299539170506916,0.03225806451612903,0.027649769585253458,0.059907834101382486,0.06451612903225806,0.06451612903225806,0.009216589861751152,0.027649769585253458,217.0,6.792225456237793,24282.45330000001,0.0,0.0,0.0,0.0,0.0,0.0,0.0,1.0,0.0,0.0,0.0,0.0,0.0,0.0,0.0,0.0,0.0,0.0,0.0,0.0,0.0,0.0,0.0,0.0,0.0,0.0,0.0,0.0,0.0,0.0,0.0,0.0,1.0,0.0,0.0,0.0,1.0,0.0,0.0,0.0,0.0
rsTagRFP,0.046413502109704644,0.016877637130801686,0.04219409282700422,0.08016877637130802,0.04219409282700422,0.10548523206751055,0.03375527426160337,0.03375527426160337,0.08016877637130802,0.08438818565400844,0.04219409282700422,0.046413502109704644,0.046413502109704644,0.029535864978902954,0.0379746835443038,0.0379746835443038,0.0759493670886076,0.06329113924050633,0.012658227848101266,0.04219409282700422,237.0,6.712366676330566,26634.129300000015,1.0,0.0,0.0,0.0,0.0,0.0,0.0,0.0,0.0,0.0,0.0,0.0,0.0,0.0,0.0,0.0,0.0,0.0,0.0,0.0,0.0,0.0,0.0,0.0,0.0,0.0,0.0,0.0,0.0,0.0,0.0,1.0,0.0,0.0,0.0,0.0,0.0,1.0,0.0,0.0,0.0
Rtms5,0.03619909502262444,0.02262443438914027,0.04072398190045249,0.06334841628959276,0.05429864253393665,0.09954751131221719,0.027149321266968326,0.04072398190045249,0.08144796380090498,0.04524886877828054,0.03619909502262444,0.04524886877828054,0.06787330316742081,0.04072398190045249,0.027149321266968326,0.05429864253393665,0.06787330316742081,0.07692307692307693,0.013574660633484163,0.058823529411764705,221.0,7.627531242370606,24911.07480000001,0.0,0.0,0.0,1.0,0.0,0.0,0.0,0.0,0.0,0.0,0.0,0.0,0.0,0.0,0.0,0.0,0.0,0.0,0.0,0.0,0.0,0.0,0.0,0.0,0.0,0.0,0.0,0.0,0.0,0.0,0.0,0.0,0.0,1.0,0.0,0.0,0.0,0.0,0.0,0.0,1.0
htFuncLib_mid.6,0.024193548387096774,0.012096774193548387,0.07258064516129033,0.07258064516129033,0.04838709677419355,0.09274193548387097,0.06854838709677419,0.04838709677419355,0.07258064516129033,0.0846774193548387,0.03225806451612903,0.04838709677419355,0.04435483870967742,0.028225806451612902,0.028225806451612902,0.036290322580645164,0.06854838709677419,0.06451612903225806,0.008064516129032258,0.04435483870967742,248.0,5.822097587585449,28333.626100000023,0.0,1.0,0.0,0.0,0.0,0.0,0.0,0.0,0.0,0.0,0.0,0.0,0.0,0.0,0.0,0.0,0.0,0.0,0.0,0.0,0.0,0.0,0.0,0.0,0.0,0.0,0.0,0.0,0.0,0.0,0.0,0.0,0.0,0.0,0.0,1.0,1.0,0.0,0.0,0.0,0.0
PS-CFP2,0.0546218487394958,0.008403361344537815,0.07142857142857142,0.06302521008403361,0.05042016806722689,0.08823529411764706,0.03361344537815126,0.058823529411764705,0.07563025210084033,0.07563025210084033,0.025210084033613446,0.058823529411764705,0.04201680672268908,0.029411764705882353,0.029411764705882353,0.046218487394957986,0.07142857142857142,0.06302521008403361,0.004201680672268907,0.05042016806722689,238.0,5.610201835632325,26684.770100000016,0.0,0.0,0.0,0.0,1.0,0.0,0.0,0.0,0.0,0.0,0.0,0.0,0.0,0.0,0.0,0.0,0.0,0.0,0.0,0.0,0.0,0.0,0.0,0.0,0.0,0.0,0.0,0.0,0.0,0.0,0.0,1.0,0.0,0.0,0.0,0.0,0.0,0.0,0.0,1.0,0.0
mKeima,0.036036036036036036,0.018018018018018018,0.04954954954954955,0.07207207207207207,0.04504504504504504,0.0990990990990991,0.02252252252252252,0.04954954954954955,0.07657657657657657,0.05405405405405406,0.036036036036036036,0.04054054054054054,0.06306306306306306,0.04054054054054054,0.036036036036036036,0.06756756756756757,0.05855855855855856,0.06306306306306306,0.013513513513513514,0.05855855855855856,222.0,6.224119758605957,25052.09060000001,0.0,0.0,0.0,1.0,0.0,0.0,0.0,0.0,0.0,0.0,0.0,0.0,0.0,0.0,0.0,0.0,0.0,0.0,0.0,0.0,0.0,0.0,0.0,0.0,0.0,0.0,0.0,0.0,0.0,0.0,0.0,1.0,0.0,0.0,0.0,0.0,1.0,0.0,0.0,0.0,0.0
PSmOrange,0.0423728813559322,0.0,0.05084745762711865,0.1016949152542373,0.046610169491525424,0.11016949152542373,0.0211864406779661,0.046610169491525424,0.09745762711864407,0.05084745762711865,0.046610169491525424,0.025423728813559324,0.046610169491525424,0.025423728813559324,0.0423728813559322,0.05508474576271186,0.059322033898305086,0.0635593220338983,0.012711864406779662,0.05508474576271186,236.0,6.0296735763549805,26788.085700000007,0.0,1.0,0.0,0.0,0.0,0.0,0.0,0.0,0.0,0.0,0.0,0.0,0.0,0.0,0.0,0.0,0.0,0.0,0.0,0.0,0.0,0.0,0.0,0.0,0.0,0.0,0.0,0.0,0.0,0.0,0.0,1.0,0.0,0.0,0.0,0.0,0.0,0.0,0.0,1.0,0.0
mKeima,0.036036036036036036,0.018018018018018018,0.04954954954954955,0.07207207207207207,0.04504504504504504,0.0990990990990991,0.02252252252252252,0.04954954954954955,0.07657657657657657,0.05405405405405406,0.036036036036036036,0.04054054054054054,0.06306306306306306,0.04054054054054054,0.036036036036036036,0.06756756756756757,0.05855855855855856,0.06306306306306306,0.013513513513513514,0.05855855855855856,222.0,6.224119758605957,25052.09060000001,0.0,0.0,0.0,1.0,0.0,0.0,0.0,0.0,0.0,0.0,0.0,0.0,0.0,0.0,0.0,0.0,0.0,0.0,0.0,0.0,0.0,0.0,0.0,0.0,0.0,0.0,0.0,0.0,0.0,0.0,0.0,1.0,0.0,0.0,0.0,0.0,1.0,0.0,0.0,0.0,0.0
Dendra2-T69A,0.043478260869565216,0.013043478260869565,0.05652173913043478,0.06956521739130435,0.05217391304347826,0.08695652173913043,0.034782608695652174,0.04782608695652174,0.08260869565217391,0.07391304347826087,0.02608695652173913,0.05652173913043478,0.06086956521739131,0.02608695652173913,0.034782608695652174,0.0391304347826087,0.06086956521739131,0.07391304347826087,0.013043478260869565,0.04782608695652174,230.0,6.44982738494873,26094.39130000002,0.0,0.0,0.0,0.0,0.0,1.0,0.0,0.0,0.0,0.0,0.0,0.0,0.0,0.0,0.0,0.0,0.0,0.0,0.0,0.0,0.0,0.0,0.0,0.0,0.0,0.0,0.0,0.0,0.0,0.0,0.0,1.0,0.0,0.0,0.0,0.0,0.0,0.0,0.0,1.0,0.0
NijiFP,0.0391304347826087,0.013043478260869565,0.05652173913043478,0.06956521739130435,0.04782608695652174,0.08695652173913043,0.034782608695652174,0.04782608695652174,0.08260869565217391,0.07391304347826087,0.02608695652173913,0.05652173913043478,0.06086956521739131,0.02608695652173913,0.034782608695652174,0.043478260869565216,0.06521739130434782,0.07391304347826087,0.013043478260869565,0.04782608695652174,230.0,6.44982738494873,26064.32080000002,0.0,0.0,0.0,0.0,0.0,1.0,0.0,0.0,0.0,0.0,0.0,0.0,0.0,0.0,0.0,0.0,0.0,0.0,0.0,0.0,0.0,0.0,0.0,0.0,0.0,0.0,0.0,0.0,0.0,0.0,0.0,1.0,0.0,0.0,0.0,0.0,0.0,0.0,0.0,0.0,1.0
mNeptune2,0.036885245901639344,0.02459016393442623,0.045081967213114756,0.08196721311475409,0.045081967213114756,0.10655737704918032,0.03278688524590164,0.028688524590163935,0.0860655737704918,0.0860655737704918,0.036885245901639344,0.045081967213114756,0.045081967213114756,0.028688524590163935,0.036885245901639344,0.036885245901639344,0.0778688524590164,0.06557377049180328,0.00819672131147541,0.045081967213114756,244.0,6.711116218566894,27449.03260000002,1.0,0.0,0.0,0.0,0.0,0.0,0.0,0.0,0.0,0.0,0.0,0.0,0.0,0.0,0.0,0.0,0.0,0.0,0.0,0.0,0.0,0.0,0.0,0.0,0.0,0.0,0.0,0.0,0.0,0.0,0.0,1.0,0.0,0.0,0.0,0.0,1.0,0.0,0.0,0.0,0.0
Clover,0.04184100418410042,0.008368200836820083,0.07531380753138076,0.06694560669456066,0.05439330543933055,0.09623430962343096,0.04602510460251046,0.04602510460251046,0.08368200836820083,0.0794979079497908,0.02092050209205021,0.05439330543933055,0.04184100418410042,0.029288702928870293,0.029288702928870293,0.04184100418410042,0.06694560669456066,0.07531380753138076,0.0041841004184100415,0.03765690376569038,239.0,5.86751194000244,26792.855100000015,0.0,0.0,1.0,0.0,0.0,0.0,0.0,0.0,0.0,0.0,0.0,0.0,0.0,0.0,0.0,0.0,0.0,0.0,0.0,0.0,0.0,0.0,0.0,0.0,0.0,0.0,0.0,0.0,0.0,0.0,0.0,0.0,0.0,0.0,1.0,0.0,1.0,0.0,0.0,0.0,0.0
mRed7,0.034482758620689655,0.0,0.0603448275862069,0.09482758620689655,0.05172413793103448,0.10775862068965517,0.02586206896551724,0.03017241379310345,0.09482758620689655,0.0603448275862069,0.03879310344827586,0.021551724137931036,0.0603448275862069,0.03879310344827586,0.02586206896551724,0.05172413793103448,0.06465517241379311,0.07327586206896551,0.01293103448275862,0.05172413793103448,232.0,5.3478899002075195,26214.2622,1.0,0.0,0.0,0.0,0.0,0.0,0.0,0.0,0.0,0.0,0.0,0.0,0.0,0.0,0.0,0.0,0.0,0.0,0.0,0.0,0.0,0.0,0.0,0.0,0.0,0.0,0.0,0.0,0.0,0.0,0.0,1.0,0.0,0.0,0.0,0.0,1.0,0.0,0.0,0.0,0.0
moxVenus,0.03765690376569038,0.0,0.07531380753138076,0.06694560669456066,0.0502092050209205,0.100418410041841,0.03765690376569038,0.04602510460251046,0.09205020920502092,0.09205020920502092,0.02092050209205021,0.05439330543933055,0.04184100418410042,0.03347280334728033,0.029288702928870293,0.03765690376569038,0.06694560669456066,0.07112970711297072,0.0041841004184100415,0.04184100418410042,239.0,5.991818809509277,26852.001800000013,0.0,0.0,1.0,0.0,0.0,0.0,0.0,0.0,0.0,0.0,0.0,0.0,0.0,0.0,0.0,0.0,0.0,0.0,0.0,0.0,0.0,0.0,0.0,0.0,0.0,0.0,0.0,0.0,0.0,0.0,0.0,1.0,0.0,0.0,0.0,0.0,1.0,0.0,0.0,0.0,0.0
W2,0.037815126050420166,0.008403361344537815,0.07563025210084033,0.06722689075630252,0.0546218487394958,0.09243697478991597,0.04201680672268908,0.046218487394957986,0.08823529411764706,0.07983193277310924,0.02100840336134454,0.05042016806722689,0.04201680672268908,0.03361344537815126,0.029411764705882353,0.046218487394957986,0.06722689075630252,0.07142857142857142,0.008403361344537815,0.037815126050420166,238.0,5.9242372512817365,26843.94170000002,0.0,0.0,0.0,0.0,0.0,0.0,0.0,0.0,0.0,0.0,0.0,0.0,1.0,0.0,0.0,0.0,0.0,0.0,0.0,0.0,0.0,0.0,0.0,0.0,0.0,0.0,0.0,0.0,0.0,0.0,0.0,0.0,1.0,0.0,0.0,0.0,1.0,0.0,0.0,0.0,0.0
mRojoB,0.046610169491525424,0.00423728813559322,0.059322033898305086,0.1016949152542373,0.0423728813559322,0.1059322033898305,0.025423728813559324,0.038135593220338986,0.1016949152542373,0.05508474576271186,0.046610169491525424,0.029661016949152543,0.05084745762711865,0.029661016949152543,0.03389830508474576,0.05084745762711865,0.05508474576271186,0.05508474576271186,0.012711864406779662,0.05508474576271186,236.0,5.624241065979004,26780.94260000001,1.0,0.0,0.0,0.0,0.0,0.0,0.0,0.0,0.0,0.0,0.0,0.0,0.0,0.0,0.0,0.0,0.0,0.0,0.0,0.0,0.0,0.0,0.0,0.0,0.0,0.0,0.0,0.0,0.0,0.0,0.0,1.0,0.0,0.0,0.0,0.0,1.0,0.0,0.0,0.0,0.0
aceGFP-G222E-Y220L,0.046218487394957986,0.008403361344537815,0.07142857142857142,0.06722689075630252,0.0546218487394958,0.08823529411764706,0.037815126050420166,0.06302521008403361,0.07563025210084033,0.07563025210084033,0.029411764705882353,0.06302521008403361,0.04201680672268908,0.029411764705882353,0.025210084033613446,0.046218487394957986,0.07142857142857142,0.0546218487394958,0.004201680672268907,0.046218487394957986,238.0,5.45463352203369,26796.87670000002,0.0,0.0,0.0,0.0,1.0,0.0,0.0,0.0,0.0,0.0,0.0,0.0,0.0,0.0,0.0,0.0,0.0,0.0,0.0,0.0,0.0,0.0,0.0,0.0,0.0,0.0,0.0,0.0,0.0,0.0,0.0,1.0,0.0,0.0,0.0,0.0,1.0,0.0,0.0,0.0,0.0
htFuncLib_acid.4,0.024193548387096774,0.012096774193548387,0.07258064516129033,0.07258064516129033,0.04838709677419355,0.09274193548387097,0.06854838709677419,0.04435483870967742,0.07258064516129033,0.08870967741935484,0.028225806451612902,0.04838709677419355,0.04435483870967742,0.024193548387096774,0.028225806451612902,0.04032258064516129,0.06451612903225806,0.07258064516129033,0.008064516129032258,0.04435483870967742,248.0,5.822097587585449,28258.536300000025,0.0,1.0,0.0,0.0,0.0,0.0,0.0,0.0,0.0,0.0,0.0,0.0,0.0,0.0,0.0,0.0,0.0,0.0,0.0,0.0,0.0,0.0,0.0,0.0,0.0,0.0,0.0,0.0,0.0,0.0,0.0,0.0,0.0,0.0,0.0,1.0,1.0,0.0,0.0,0.0,0.0
ccalOFP1,0.05752212389380531,0.030973451327433628,0.048672566371681415,0.06637168141592921,0.05752212389380531,0.07964601769911504,0.05309734513274336,0.048672566371681415,0.084070796460177,0.05752212389380531,0.03982300884955752,0.030973451327433628,0.05752212389380531,0.035398230088495575,0.035398230088495575,0.05752212389380531,0.061946902654867256,0.05752212389380531,0.008849557522123894,0.030973451327433628,226.0,7.666693305969238,25470.903900000016,0.0,1.0,0.0,0.0,0.0,0.0,0.0,0.0,0.0,0.0,0.0,0.0,0.0,0.0,0.0,0.0,0.0,0.0,0.0,0.0,0.0,0.0,0.0,0.0,0.0,0.0,0.0,0.0,0.0,0.0,0.0,0.0,0.0,1.0,0.0,0.0,1.0,0.0,0.0,0.0,0.0
Dendra2-T69A,0.043478260869565216,0.013043478260869565,0.05652173913043478,0.06956521739130435,0.05217391304347826,0.08695652173913043,0.034782608695652174,0.04782608695652174,0.08260869565217391,0.07391304347826087,0.02608695652173913,0.05652173913043478,0.06086956521739131,0.02608695652173913,0.034782608695652174,0.0391304347826087,0.06086956521739131,0.07391304347826087,0.013043478260869565,0.04782608695652174,230.0,6.44982738494873,26094.39130000002,0.0,0.0,0.0,0.0,0.0,1.0,0.0,0.0,0.0,0.0,0.0,0.0,0.0,0.0,0.0,0.0,0.0,0.0,0.0,0.0,0.0,0.0,0.0,0.0,0.0,0.0,0.0,0.0,0.0,0.0,0.0,1.0,0.0,0.0,0.0,0.0,0.0,0.0,0.0,1.0,0.0
mLychee,0.05128205128205128,0.0,0.05555555555555555,0.09401709401709402,0.05128205128205128,0.10683760683760683,0.029914529914529916,0.05555555555555555,0.09401709401709402,0.04700854700854701,0.03418803418803419,0.021367521367521368,0.05982905982905983,0.038461538461538464,0.042735042735042736,0.05982905982905983,0.03418803418803419,0.05982905982905983,0.01282051282051282,0.05128205128205128,234.0,6.193767738342285,26522.6796,1.0,0.0,0.0,0.0,0.0,0.0,0.0,0.0,0.0,0.0,0.0,0.0,0.0,0.0,0.0,0.0,0.0,0.0,0.0,0.0,0.0,0.0,0.0,0.0,0.0,0.0,0.0,0.0,0.0,0.0,0.0,1.0,0.0,0.0,0.0,0.0,1.0,0.0,0.0,0.0,0.0
mCherry_I202Y,0.046610169491525424,0.0,0.059322033898305086,0.1016949152542373,0.0423728813559322,0.1059322033898305,0.025423728813559324,0.038135593220338986,0.1016949152542373,0.05508474576271186,0.0423728813559322,0.029661016949152543,0.05084745762711865,0.03389830508474576,0.03389830508474576,0.05084745762711865,0.05084745762711865,0.0635593220338983,0.012711864406779662,0.05508474576271186,236.0,5.624297904968262,26771.891000000007,1.0,0.0,0.0,0.0,0.0,0.0,0.0,0.0,0.0,0.0,0.0,0.0,0.0,0.0,0.0,0.0,0.0,0.0,0.0,0.0,0.0,0.0,0.0,0.0,0.0,0.0,0.0,0.0,0.0,0.0,0.0,0.0,0.0,0.0,0.0,1.0,1.0,0.0,0.0,0.0,0.0
mKO2,0.05045871559633028,0.009174311926605505,0.045871559633027525,0.0963302752293578,0.05045871559633028,0.10550458715596331,0.045871559633027525,0.04128440366972477,0.06422018348623854,0.045871559633027525,0.05045871559633028,0.027522935779816515,0.05045871559633028,0.027522935779816515,0.03669724770642202,0.06422018348623854,0.06422018348623854,0.06880733944954129,0.009174311926605505,0.045871559633027525,218.0,5.563593864440917,24455.270500000002,0.0,0.0,0.0,0.0,0.0,0.0,0.0,1.0,0.0,0.0,0.0,0.0,0.0,0.0,0.0,0.0,0.0,0.0,0.0,0.0,0.0,0.0,0.0,0.0,0.0,0.0,0.0,0.0,0.0,0.0,0.0,1.0,0.0,0.0,0.0,0.0,1.0,0.0,0.0,0.0,0.0
cpCitrine,0.03734439834024896,0.0,0.07883817427385892,0.06639004149377593,0.05394190871369295,0.0954356846473029,0.04149377593360996,0.04979253112033195,0.08298755186721991,0.08713692946058091,0.029045643153526972,0.05394190871369295,0.04564315352697095,0.024896265560165973,0.029045643153526972,0.03734439834024896,0.058091286307053944,0.07468879668049792,0.004149377593360996,0.04979253112033195,241.0,5.677215003967285,27264.52480000002,0.0,0.0,1.0,0.0,0.0,0.0,0.0,0.0,0.0,0.0,0.0,0.0,0.0,0.0,0.0,0.0,0.0,0.0,0.0,0.0,0.0,0.0,0.0,0.0,0.0,0.0,0.0,0.0,0.0,0.0,0.0,0.0,0.0,0.0,0.0,1.0,1.0,0.0,0.0,0.0,0.0
Rosmarinus,0.03524229074889868,0.00881057268722467,0.05286343612334802,0.07488986784140969,0.05726872246696035,0.08370044052863436,0.039647577092511016,0.05286343612334802,0.0881057268722467,0.05726872246696035,0.030837004405286344,0.039647577092511016,0.048458149779735685,0.02643171806167401,0.04405286343612335,0.039647577092511016,0.07048458149779736,0.0881057268722467,0.00881057268722467,0.05286343612334802,227.0,7.770140266418458,26051.456000000024,0.0,0.0,0.0,1.0,0.0,0.0,0.0,0.0,0.0,0.0,0.0,0.0,0.0,0.0,0.0,0.0,0.0,0.0,0.0,0.0,0.0,0.0,0.0,0.0,0.0,0.0,0.0,0.0,0.0,0.0,0.0,0.0,0.0,1.0,0.0,0.0,1.0,0.0,0.0,0.0,0.0
dis2RFP,0.017391304347826087,0.013043478260869565,0.05217391304347826,0.0782608695652174,0.06086956521739131,0.1,0.034782608695652174,0.0391304347826087,0.08695652173913043,0.05652173913043478,0.0391304347826087,0.021739130434782608,0.06086956521739131,0.034782608695652174,0.04782608695652174,0.06956521739130435,0.030434782608695653,0.09130434782608696,0.008695652173913044,0.05652173913043478,230.0,7.714835929870605,26369.849700000002,0.0,0.0,0.0,1.0,0.0,0.0,0.0,0.0,0.0,0.0,0.0,0.0,0.0,0.0,0.0,0.0,0.0,0.0,0.0,0.0,0.0,0.0,0.0,0.0,0.0,0.0,0.0,0.0,0.0,0.0,0.0,0.0,0.0,0.0,0.0,1.0,1.0,0.0,0.0,0.0,0.0
lanRFP-&Delta;S83l,0.0593607305936073,0.0045662100456621,0.0684931506849315,0.0365296803652968,0.0593607305936073,0.0958904109589041,0.045662100456621,0.0502283105022831,0.0776255707762557,0.0730593607305936,0.0365296803652968,0.045662100456621,0.0547945205479452,0.045662100456621,0.0228310502283105,0.0593607305936073,0.0593607305936073,0.0365296803652968,0.0182648401826484,0.0502283105022831,219.0,6.790122413635253,24718.653200000015,0.0,0.0,1.0,0.0,0.0,0.0,0.0,0.0,0.0,0.0,0.0,0.0,0.0,0.0,0.0,0.0,0.0,0.0,0.0,0.0,0.0,0.0,0.0,0.0,0.0,0.0,0.0,0.0,0.0,0.0,0.0,0.0,1.0,0.0,0.0,0.0,1.0,0.0,0.0,0.0,0.0
mTagBFP2,0.05063291139240506,0.012658227848101266,0.04219409282700422,0.08016877637130802,0.046413502109704644,0.0970464135021097,0.029535864978902954,0.0379746835443038,0.08438818565400844,0.08016877637130802,0.03375527426160337,0.05063291139240506,0.04219409282700422,0.029535864978902954,0.03375527426160337,0.04219409282700422,0.08438818565400844,0.06329113924050633,0.008438818565400843,0.05063291139240506,237.0,6.662973594665529,26653.999800000012,0.0,0.0,0.0,0.0,0.0,0.0,0.0,0.0,0.0,0.0,0.0,0.0,0.0,0.0,1.0,0.0,0.0,0.0,0.0,0.0,0.0,0.0,0.0,0.0,0.0,0.0,0.0,0.0,0.0,0.0,0.0,1.0,0.0,0.0,0.0,0.0,1.0,0.0,0.0,0.0,0.0
d-RFP618,0.03463203463203463,0.017316017316017316,0.05194805194805195,0.0735930735930736,0.07792207792207792,0.10822510822510822,0.025974025974025976,0.021645021645021644,0.0735930735930736,0.06060606060606061,0.06060606060606061,0.03463203463203463,0.04329004329004329,0.030303030303030304,0.04329004329004329,0.05627705627705628,0.06493506493506493,0.0735930735930736,0.008658008658008658,0.03896103896103896,231.0,6.316937828063964,26156.6143,1.0,0.0,0.0,0.0,0.0,0.0,0.0,0.0,0.0,0.0,0.0,0.0,0.0,0.0,0.0,0.0,0.0,0.0,0.0,0.0,0.0,0.0,0.0,0.0,0.0,0.0,0.0,0.0,0.0,0.0,0.0,0.0,1.0,0.0,0.0,0.0,1.0,0.0,0.0,0.0,0.0
V127T SAASoti,0.05405405405405406,0.02252252252252252,0.05855855855855856,0.06306306306306306,0.06306306306306306,0.08108108108108109,0.04504504504504504,0.06306306306306306,0.07657657657657657,0.05405405405405406,0.04054054054054054,0.036036036036036036,0.04504504504504504,0.036036036036036036,0.02702702702702703,0.05405405405405406,0.07207207207207207,0.05405405405405406,0.009009009009009009,0.04504504504504504,222.0,6.192176246643067,25153.37150000001,0.0,0.0,0.0,0.0,0.0,1.0,0.0,0.0,0.0,0.0,0.0,0.0,0.0,0.0,0.0,0.0,0.0,0.0,0.0,0.0,0.0,0.0,0.0,0.0,0.0,0.0,0.0,0.0,0.0,0.0,0.0,1.0,0.0,0.0,0.0,0.0,0.0,0.0,0.0,1.0,0.0
Ultramarine,0.04072398190045249,0.02262443438914027,0.04072398190045249,0.06334841628959276,0.049773755656108594,0.09954751131221719,0.02262443438914027,0.04072398190045249,0.08144796380090498,0.04072398190045249,0.03619909502262444,0.049773755656108594,0.06787330316742081,0.04072398190045249,0.03619909502262444,0.049773755656108594,0.07239819004524888,0.07239819004524888,0.013574660633484163,0.058823529411764705,221.0,8.474901008605961,24926.051600000013,0.0,0.0,0.0,1.0,0.0,0.0,0.0,0.0,0.0,0.0,0.0,0.0,0.0,0.0,0.0,0.0,0.0,0.0,0.0,0.0,0.0,0.0,0.0,0.0,0.0,0.0,0.0,0.0,0.0,0.0,0.0,1.0,0.0,0.0,0.0,0.0,1.0,0.0,0.0,0.0,0.0
mRed7Q1S1BM,0.03879310344827586,0.0,0.06465517241379311,0.09482758620689655,0.05172413793103448,0.10775862068965517,0.021551724137931036,0.03017241379310345,0.09051724137931035,0.05603448275862069,0.04741379310344827,0.021551724137931036,0.05603448275862069,0.03017241379310345,0.04741379310344827,0.04741379310344827,0.06896551724137931,0.06465517241379311,0.01293103448275862,0.04741379310344827,232.0,5.656980323791504,26364.4966,1.0,0.0,0.0,0.0,0.0,0.0,0.0,0.0,0.0,0.0,0.0,0.0,0.0,0.0,0.0,0.0,0.0,0.0,0.0,0.0,0.0,0.0,0.0,0.0,0.0,0.0,0.0,0.0,0.0,0.0,0.0,1.0,0.0,0.0,0.0,0.0,1.0,0.0,0.0,0.0,0.0
iLov,0.032,0.0,0.112,0.064,0.048,0.088,0.016,0.072,0.064,0.088,0.008,0.04,0.04,0.072,0.064,0.048,0.056,0.048,0.008,0.032,125.0,4.862087059020996,14273.69179999999,0.0,0.0,0.0,0.0,0.0,0.0,1.0,0.0,0.0,0.0,0.0,0.0,0.0,0.0,0.0,0.0,0.0,0.0,0.0,0.0,0.0,0.0,0.0,0.0,0.0,0.0,0.0,0.0,0.0,0.0,0.0,0.0,0.0,0.0,0.0,1.0,0.0,0.0,0.0,0.0,1.0
mRFP1-Q66T,0.05333333333333334,0.0,0.06222222222222222,0.09777777777777778,0.044444444444444446,0.10222222222222223,0.022222222222222223,0.04,0.09777777777777778,0.05333333333333334,0.04,0.017777777777777778,0.05333333333333334,0.03111111111111111,0.04,0.05333333333333334,0.06666666666666667,0.06222222222222222,0.013333333333333334,0.04888888888888889,225.0,5.653058433532714,25396.383800000003,0.0,1.0,0.0,0.0,0.0,0.0,0.0,0.0,0.0,0.0,0.0,0.0,0.0,0.0,0.0,0.0,0.0,0.0,0.0,0.0,0.0,0.0,0.0,0.0,0.0,0.0,0.0,0.0,0.0,0.0,0.0,1.0,0.0,0.0,0.0,0.0,1.0,0.0,0.0,0.0,0.0
Electra2,0.0379746835443038,0.004219409282700422,0.05063291139240506,0.0970464135021097,0.05485232067510549,0.12236286919831224,0.02109704641350211,0.04219409282700422,0.06751054852320675,0.05485232067510549,0.04219409282700422,0.03375527426160337,0.04219409282700422,0.02109704641350211,0.046413502109704644,0.04219409282700422,0.06751054852320675,0.10126582278481013,0.008438818565400843,0.04219409282700422,237.0,5.258027458190917,26444.708000000006,0.0,0.0,0.0,0.0,0.0,0.0,0.0,0.0,0.0,0.0,0.0,0.0,0.0,0.0,0.0,0.0,1.0,0.0,0.0,0.0,0.0,0.0,0.0,0.0,0.0,0.0,0.0,0.0,0.0,0.0,0.0,1.0,0.0,0.0,0.0,0.0,1.0,0.0,0.0,0.0,0.0
mK-GO,0.05045871559633028,0.009174311926605505,0.045871559633027525,0.0963302752293578,0.05504587155963303,0.10550458715596331,0.045871559633027525,0.04128440366972477,0.06422018348623854,0.05045871559633028,0.045871559633027525,0.027522935779816515,0.05045871559633028,0.022935779816513763,0.03669724770642202,0.06422018348623854,0.06422018348623854,0.06880733944954129,0.009174311926605505,0.045871559633027525,218.0,5.563593864440917,24456.276700000006,0.0,0.0,0.0,0.0,0.0,0.0,0.0,1.0,0.0,0.0,0.0,0.0,0.0,0.0,0.0,0.0,0.0,0.0,0.0,0.0,0.0,0.0,0.0,0.0,0.0,0.0,0.0,0.0,0.0,0.0,0.0,1.0,0.0,0.0,0.0,0.0,0.0,0.0,0.0,0.0,1.0
CyOFP1,0.042735042735042736,0.008547008547008548,0.04700854700854701,0.08974358974358974,0.04700854700854701,0.1111111111111111,0.029914529914529916,0.02564102564102564,0.09401709401709402,0.07264957264957266,0.03418803418803419,0.038461538461538464,0.05128205128205128,0.029914529914529916,0.038461538461538464,0.038461538461538464,0.05555555555555555,0.0811965811965812,0.008547008547008548,0.05555555555555555,234.0,6.668543815612794,26416.727900000005,1.0,0.0,0.0,0.0,0.0,0.0,0.0,0.0,0.0,0.0,0.0,0.0,0.0,0.0,0.0,0.0,0.0,0.0,0.0,0.0,0.0,0.0,0.0,0.0,0.0,0.0,0.0,0.0,0.0,0.0,0.0,1.0,0.0,0.0,0.0,0.0,1.0,0.0,0.0,0.0,0.0
eYGPdp,0.045662100456621,0.0136986301369863,0.0365296803652968,0.0867579908675799,0.0776255707762557,0.091324200913242,0.0319634703196347,0.0730593607305936,0.0684931506849315,0.0593607305936073,0.0319634703196347,0.0593607305936073,0.045662100456621,0.0228310502283105,0.0319634703196347,0.0639269406392694,0.0639269406392694,0.045662100456621,0.0045662100456621,0.045662100456621,219.0,5.818062019348145,24769.791200000007,0.0,0.0,1.0,0.0,0.0,0.0,0.0,0.0,0.0,0.0,0.0,0.0,0.0,0.0,0.0,0.0,0.0,0.0,0.0,0.0,0.0,0.0,0.0,0.0,0.0,0.0,0.0,0.0,0.0,0.0,0.0,0.0,1.0,0.0,0.0,0.0,1.0,0.0,0.0,0.0,0.0
mEos3.2,0.05752212389380531,0.01327433628318584,0.0752212389380531,0.061946902654867256,0.061946902654867256,0.09292035398230089,0.03982300884955752,0.04424778761061947,0.09292035398230089,0.061946902654867256,0.035398230088495575,0.05309734513274336,0.048672566371681415,0.017699115044247787,0.04424778761061947,0.035398230088495575,0.05309734513274336,0.05309734513274336,0.008849557522123894,0.048672566371681415,226.0,7.121209526062012,25743.905800000015,0.0,0.0,0.0,0.0,0.0,1.0,0.0,0.0,0.0,0.0,0.0,0.0,0.0,0.0,0.0,0.0,0.0,0.0,0.0,0.0,0.0,0.0,0.0,0.0,0.0,0.0,0.0,0.0,0.0,0.0,0.0,1.0,0.0,0.0,0.0,0.0,0.0,0.0,0.0,1.0,0.0
htFuncLib_mid.2,0.024193548387096774,0.012096774193548387,0.07258064516129033,0.07258064516129033,0.04838709677419355,0.09274193548387097,0.06854838709677419,0.05241935483870968,0.07258064516129033,0.0846774193548387,0.024193548387096774,0.04838709677419355,0.04435483870967742,0.028225806451612902,0.028225806451612902,0.04032258064516129,0.06048387096774194,0.07258064516129033,0.008064516129032258,0.04435483870967742,248.0,5.822097587585449,28267.52320000003,0.0,1.0,0.0,0.0,0.0,0.0,0.0,0.0,0.0,0.0,0.0,0.0,0.0,0.0,0.0,0.0,0.0,0.0,0.0,0.0,0.0,0.0,0.0,0.0,0.0,0.0,0.0,0.0,0.0,0.0,0.0,0.0,0.0,0.0,0.0,1.0,1.0,0.0,0.0,0.0,0.0
mc2,0.048458149779735685,0.013215859030837005,0.08370044052863436,0.05726872246696035,0.05726872246696035,0.08370044052863436,0.030837004405286344,0.04405286343612335,0.10572687224669604,0.06167400881057269,0.039647577092511016,0.030837004405286344,0.05286343612334802,0.030837004405286344,0.03524229074889868,0.030837004405286344,0.05286343612334802,0.07488986784140969,0.00881057268722467,0.05726872246696035,227.0,7.048682975769043,26016.511200000015,0.0,0.0,0.0,0.0,0.0,0.0,0.0,0.0,0.0,0.0,0.0,1.0,0.0,0.0,0.0,0.0,0.0,0.0,0.0,0.0,0.0,0.0,0.0,0.0,0.0,0.0,0.0,0.0,0.0,0.0,0.0,0.0,0.0,0.0,0.0,1.0,1.0,0.0,0.0,0.0,0.0
Var1,0.037815126050420166,0.008403361344537815,0.07563025210084033,0.06722689075630252,0.0546218487394958,0.09243697478991597,0.04201680672268908,0.05042016806722689,0.08823529411764706,0.07983193277310924,0.025210084033613446,0.05042016806722689,0.04201680672268908,0.03361344537815126,0.025210084033613446,0.04201680672268908,0.06302521008403361,0.07142857142857142,0.004201680672268907,0.046218487394957986,238.0,5.795326423645019,26884.064900000016,0.0,0.0,0.0,0.0,1.0,0.0,0.0,0.0,0.0,0.0,0.0,0.0,0.0,0.0,0.0,0.0,0.0,0.0,0.0,0.0,0.0,0.0,0.0,0.0,0.0,0.0,0.0,0.0,0.0,0.0,0.0,0.0,0.0,0.0,0.0,1.0,1.0,0.0,0.0,0.0,0.0
eGFP203C,0.03361344537815126,0.012605042016806723,0.07563025210084033,0.06722689075630252,0.05042016806722689,0.09243697478991597,0.04201680672268908,0.05042016806722689,0.08403361344537816,0.08403361344537816,0.025210084033613446,0.0546218487394958,0.04201680672268908,0.03361344537815126,0.025210084033613446,0.037815126050420166,0.06722689075630252,0.07142857142857142,0.004201680672268907,0.046218487394957986,238.0,5.670394325256347,26882.070600000017,0.0,1.0,0.0,0.0,0.0,0.0,0.0,0.0,0.0,0.0,0.0,0.0,0.0,0.0,0.0,0.0,0.0,0.0,0.0,0.0,0.0,0.0,0.0,0.0,0.0,0.0,0.0,0.0,0.0,0.0,0.0,0.0,1.0,0.0,0.0,0.0,1.0,0.0,0.0,0.0,0.0
KCY-G4219-38L,0.04484304932735426,0.017937219730941704,0.053811659192825115,0.06726457399103139,0.05829596412556054,0.10762331838565023,0.026905829596412557,0.053811659192825115,0.09865470852017937,0.05829596412556054,0.03587443946188341,0.03139013452914798,0.06278026905829596,0.013452914798206279,0.026905829596412557,0.06726457399103139,0.07174887892376682,0.04484304932735426,0.008968609865470852,0.04932735426008968,223.0,7.652199363708497,24825.039400000005,0.0,0.0,0.0,0.0,1.0,0.0,0.0,0.0,0.0,0.0,0.0,0.0,0.0,0.0,0.0,0.0,0.0,0.0,0.0,0.0,0.0,0.0,0.0,0.0,0.0,0.0,0.0,0.0,0.0,0.0,0.0,0.0,0.0,0.0,0.0,1.0,1.0,0.0,0.0,0.0,0.0
mVFP1,0.044444444444444446,0.017777777777777778,0.07555555555555556,0.05333333333333334,0.044444444444444446,0.08888888888888889,0.02666666666666667,0.057777777777777775,0.09333333333333334,0.057777777777777775,0.04,0.035555555555555556,0.04888888888888889,0.02666666666666667,0.044444444444444446,0.057777777777777775,0.04888888888888889,0.06666666666666667,0.008888888888888889,0.06222222222222222,225.0,8.201490592956542,25596.97700000002,0.0,0.0,0.0,1.0,0.0,0.0,0.0,0.0,0.0,0.0,0.0,0.0,0.0,0.0,0.0,0.0,0.0,0.0,0.0,0.0,0.0,0.0,0.0,0.0,0.0,0.0,0.0,0.0,0.0,0.0,0.0,1.0,0.0,0.0,0.0,0.0,1.0,0.0,0.0,0.0,0.0
mKate,0.04329004329004329,0.017316017316017316,0.04329004329004329,0.07792207792207792,0.04329004329004329,0.09956709956709957,0.030303030303030304,0.03896103896103896,0.08658008658008658,0.07792207792207792,0.04329004329004329,0.03896103896103896,0.047619047619047616,0.030303030303030304,0.03896103896103896,0.047619047619047616,0.07792207792207792,0.06060606060606061,0.008658008658008658,0.047619047619047616,231.0,7.674309730529786,26021.49190000001,1.0,0.0,0.0,0.0,0.0,0.0,0.0,0.0,0.0,0.0,0.0,0.0,0.0,0.0,0.0,0.0,0.0,0.0,0.0,0.0,0.0,0.0,0.0,0.0,0.0,0.0,0.0,0.0,0.0,0.0,0.0,1.0,0.0,0.0,0.0,0.0,1.0,0.0,0.0,0.0,0.0
alajGFP2,0.0639269406392694,0.0182648401826484,0.0593607305936073,0.0684931506849315,0.0593607305936073,0.0958904109589041,0.0228310502283105,0.0365296803652968,0.0867579908675799,0.0639269406392694,0.0410958904109589,0.0547945205479452,0.0410958904109589,0.0228310502283105,0.0365296803652968,0.0410958904109589,0.0593607305936073,0.0684931506849315,0.0136986301369863,0.045662100456621,219.0,6.526673698425292,24669.83450000001,0.0,0.0,0.0,0.0,0.0,0.0,0.0,1.0,0.0,0.0,0.0,0.0,0.0,0.0,0.0,0.0,0.0,0.0,0.0,0.0,0.0,0.0,0.0,0.0,0.0,0.0,0.0,0.0,0.0,0.0,0.0,0.0,0.0,1.0,0.0,0.0,1.0,0.0,0.0,0.0,0.0
Dreiklang,0.03765690376569038,0.008368200836820083,0.0794979079497908,0.06694560669456066,0.0502092050209205,0.09623430962343096,0.04184100418410042,0.05439330543933055,0.08368200836820083,0.09205020920502092,0.029288702928870293,0.0502092050209205,0.04184100418410042,0.029288702928870293,0.02510460251046025,0.03765690376569038,0.058577405857740586,0.06694560669456066,0.0041841004184100415,0.04602510460251046,239.0,5.552908134460449,26949.242500000015,0.0,0.0,1.0,0.0,0.0,0.0,0.0,0.0,0.0,0.0,0.0,0.0,0.0,0.0,0.0,0.0,0.0,0.0,0.0,0.0,0.0,0.0,0.0,0.0,0.0,0.0,0.0,0.0,0.0,0.0,0.0,1.0,0.0,0.0,0.0,0.0,0.0,1.0,0.0,0.0,0.0
oxBFP,0.03765690376569038,0.0,0.07112970711297072,0.06694560669456066,0.05439330543933055,0.09205020920502092,0.04184100418410042,0.04602510460251046,0.08368200836820083,0.08786610878661087,0.02510460251046025,0.0502092050209205,0.04184100418410042,0.03347280334728033,0.03347280334728033,0.04602510460251046,0.06694560669456066,0.08368200836820083,0.0041841004184100415,0.03347280334728033,239.0,6.057979393005371,26856.103000000017,0.0,0.0,0.0,0.0,0.0,0.0,0.0,0.0,0.0,0.0,1.0,0.0,0.0,0.0,0.0,0.0,0.0,0.0,0.0,0.0,0.0,0.0,0.0,0.0,0.0,0.0,0.0,0.0,0.0,0.0,0.0,0.0,1.0,0.0,0.0,0.0,1.0,0.0,0.0,0.0,0.0
LanYFP,0.0547945205479452,0.0045662100456621,0.0502283105022831,0.0410958904109589,0.0730593607305936,0.091324200913242,0.0273972602739726,0.0365296803652968,0.0639269406392694,0.0593607305936073,0.045662100456621,0.0502283105022831,0.0547945205479452,0.045662100456621,0.0273972602739726,0.0639269406392694,0.0958904109589041,0.045662100456621,0.0182648401826484,0.0502283105022831,219.0,7.014295387268065,24715.64090000002,0.0,0.0,1.0,0.0,0.0,0.0,0.0,0.0,0.0,0.0,0.0,0.0,0.0,0.0,0.0,0.0,0.0,0.0,0.0,0.0,0.0,0.0,0.0,0.0,0.0,0.0,0.0,0.0,0.0,0.0,0.0,0.0,0.0,1.0,0.0,0.0,1.0,0.0,0.0,0.0,0.0
mRFP1.2,0.048672566371681415,0.0,0.05752212389380531,0.10176991150442478,0.04424778761061947,0.10619469026548672,0.022123893805309734,0.03982300884955752,0.10176991150442478,0.05309734513274336,0.04424778761061947,0.017699115044247787,0.05309734513274336,0.030973451327433628,0.03982300884955752,0.05309734513274336,0.05752212389380531,0.06637168141592921,0.01327433628318584,0.048672566371681415,226.0,5.829941368103028,25552.675300000003,1.0,0.0,0.0,0.0,0.0,0.0,0.0,0.0,0.0,0.0,0.0,0.0,0.0,0.0,0.0,0.0,0.0,0.0,0.0,0.0,0.0,0.0,0.0,0.0,0.0,0.0,0.0,0.0,0.0,0.0,0.0,1.0,0.0,0.0,0.0,0.0,1.0,0.0,0.0,0.0,0.0
mGarnet,0.04405286343612335,0.013215859030837005,0.039647577092511016,0.07048458149779736,0.05286343612334802,0.1277533039647577,0.02643171806167401,0.039647577092511016,0.07048458149779736,0.05726872246696035,0.05726872246696035,0.04405286343612335,0.04405286343612335,0.030837004405286344,0.048458149779735685,0.048458149779735685,0.06167400881057269,0.07929515418502203,0.00881057268722467,0.03524229074889868,227.0,8.347447013854982,25191.608099999998,1.0,0.0,0.0,0.0,0.0,0.0,0.0,0.0,0.0,0.0,0.0,0.0,0.0,0.0,0.0,0.0,0.0,0.0,0.0,0.0,0.0,0.0,0.0,0.0,0.0,0.0,0.0,0.0,0.0,0.0,0.0,1.0,0.0,0.0,0.0,0.0,1.0,0.0,0.0,0.0,0.0
mRubyFT,0.029661016949152543,0.012711864406779662,0.046610169491525424,0.08050847457627118,0.05508474576271186,0.1228813559322034,0.029661016949152543,0.03389830508474576,0.07203389830508475,0.05508474576271186,0.059322033898305086,0.025423728813559324,0.046610169491525424,0.025423728813559324,0.05084745762711865,0.05508474576271186,0.0635593220338983,0.08898305084745763,0.00847457627118644,0.038135593220338986,236.0,6.664621925354004,26431.001000000004,0.0,0.0,0.0,0.0,0.0,0.0,0.0,0.0,0.0,0.0,0.0,0.0,0.0,0.0,1.0,0.0,0.0,0.0,0.0,0.0,0.0,0.0,0.0,0.0,0.0,0.0,0.0,0.0,0.0,0.0,0.0,1.0,0.0,0.0,0.0,0.0,0.0,0.0,0.0,0.0,1.0
meleCFP,0.04405286343612335,0.013215859030837005,0.05286343612334802,0.06607929515418502,0.05726872246696035,0.0881057268722467,0.039647577092511016,0.048458149779735685,0.07488986784140969,0.05726872246696035,0.02643171806167401,0.04405286343612335,0.05286343612334802,0.03524229074889868,0.048458149779735685,0.03524229074889868,0.07048458149779736,0.08370044052863436,0.00881057268722467,0.05286343612334802,227.0,7.741834449768067,25904.161100000023,0.0,0.0,0.0,1.0,0.0,0.0,0.0,0.0,0.0,0.0,0.0,0.0,0.0,0.0,0.0,0.0,0.0,0.0,0.0,0.0,0.0,0.0,0.0,0.0,0.0,0.0,0.0,0.0,0.0,0.0,0.0,0.0,0.0,1.0,0.0,0.0,1.0,0.0,0.0,0.0,0.0
mEos2-A69T,0.048672566371681415,0.01327433628318584,0.0752212389380531,0.05752212389380531,0.061946902654867256,0.09292035398230089,0.04424778761061947,0.048672566371681415,0.09292035398230089,0.061946902654867256,0.035398230088495575,0.048672566371681415,0.048672566371681415,0.017699115044247787,0.04424778761061947,0.035398230088495575,0.05752212389380531,0.05309734513274336,0.008849557522123894,0.05309734513274336,226.0,7.738480949401856,25873.10740000002,0.0,0.0,0.0,0.0,0.0,1.0,0.0,0.0,0.0,0.0,0.0,0.0,0.0,0.0,0.0,0.0,0.0,0.0,0.0,0.0,0.0,0.0,0.0,0.0,0.0,0.0,0.0,0.0,0.0,0.0,0.0,1.0,0.0,0.0,0.0,0.0,0.0,0.0,0.0,1.0,0.0
iFP2.0,0.12149532710280374,0.009345794392523364,0.03426791277258567,0.056074766355140186,0.024922118380062305,0.07165109034267912,0.03426791277258567,0.024922118380062305,0.006230529595015576,0.14330218068535824,0.021806853582554516,0.021806853582554516,0.09034267912772585,0.056074766355140186,0.06542056074766354,0.04361370716510903,0.07476635514018691,0.06230529595015576,0.012461059190031152,0.024922118380062305,321.0,5.9871011734008786,34852.53039999999,0.0,0.0,0.0,0.0,0.0,0.0,1.0,0.0,0.0,0.0,0.0,0.0,0.0,0.0,0.0,0.0,0.0,0.0,0.0,0.0,0.0,0.0,0.0,0.0,0.0,0.0,0.0,0.0,0.0,0.0,0.0,0.0,0.0,0.0,0.0,1.0,1.0,0.0,0.0,0.0,0.0
Maroon0.1,0.036885245901639344,0.02459016393442623,0.045081967213114756,0.08196721311475409,0.045081967213114756,0.10655737704918032,0.03278688524590164,0.028688524590163935,0.0860655737704918,0.0860655737704918,0.03278688524590164,0.045081967213114756,0.04918032786885246,0.028688524590163935,0.036885245901639344,0.036885245901639344,0.07377049180327869,0.06557377049180328,0.012295081967213115,0.045081967213114756,244.0,6.711116218566894,27500.05780000002,1.0,0.0,0.0,0.0,0.0,0.0,0.0,0.0,0.0,0.0,0.0,0.0,0.0,0.0,0.0,0.0,0.0,0.0,0.0,0.0,0.0,0.0,0.0,0.0,0.0,0.0,0.0,0.0,0.0,0.0,0.0,0.0,1.0,0.0,0.0,0.0,1.0,0.0,0.0,0.0,0.0
REACh2,0.03765690376569038,0.008368200836820083,0.07531380753138076,0.06694560669456066,0.05439330543933055,0.09623430962343096,0.03347280334728033,0.0502092050209205,0.08368200836820083,0.08786610878661087,0.02510460251046025,0.05439330543933055,0.04184100418410042,0.03347280334728033,0.02510460251046025,0.03765690376569038,0.058577405857740586,0.07531380753138076,0.008368200836820083,0.04602510460251046,239.0,5.488964271545409,26976.242800000015,0.0,0.0,1.0,0.0,0.0,0.0,0.0,0.0,0.0,0.0,0.0,0.0,0.0,0.0,0.0,0.0,0.0,0.0,0.0,0.0,0.0,0.0,0.0,0.0,0.0,0.0,0.0,0.0,0.0,0.0,0.0,0.0,0.0,0.0,0.0,1.0,1.0,0.0,0.0,0.0,0.0
CGFP,0.03361344537815126,0.008403361344537815,0.07563025210084033,0.06722689075630252,0.05042016806722689,0.09243697478991597,0.04201680672268908,0.05042016806722689,0.08403361344537816,0.08403361344537816,0.025210084033613446,0.0546218487394958,0.04201680672268908,0.03361344537815126,0.025210084033613446,0.04201680672268908,0.06722689075630252,0.07142857142857142,0.008403361344537815,0.04201680672268908,238.0,5.6704511642456055,26889.041700000016,0.0,0.0,0.0,0.0,0.0,0.0,0.0,0.0,1.0,0.0,0.0,0.0,0.0,0.0,0.0,0.0,0.0,0.0,0.0,0.0,0.0,0.0,0.0,0.0,0.0,0.0,0.0,0.0,0.0,0.0,0.0,0.0,0.0,0.0,0.0,1.0,1.0,0.0,0.0,0.0,0.0
mPapaya0.7,0.0379746835443038,0.029535864978902954,0.05063291139240506,0.0759493670886076,0.046413502109704644,0.09282700421940929,0.03375527426160337,0.05485232067510549,0.10970464135021098,0.05485232067510549,0.03375527426160337,0.0379746835443038,0.05063291139240506,0.03375527426160337,0.029535864978902954,0.05063291139240506,0.046413502109704644,0.06751054852320675,0.016877637130801686,0.046413502109704644,237.0,8.347124671936037,26973.668300000012,0.0,0.0,0.0,0.0,0.0,0.0,0.0,0.0,0.0,0.0,0.0,0.0,0.0,1.0,0.0,0.0,0.0,0.0,0.0,0.0,0.0,0.0,0.0,0.0,0.0,0.0,0.0,0.0,0.0,0.0,0.0,1.0,0.0,0.0,0.0,0.0,1.0,0.0,0.0,0.0,0.0
mMaple2,0.0379746835443038,0.008438818565400843,0.07172995780590717,0.08016877637130802,0.05063291139240506,0.08016877637130802,0.03375527426160337,0.05907172995780591,0.10126582278481013,0.05063291139240506,0.04219409282700422,0.04219409282700422,0.046413502109704644,0.016877637130801686,0.0379746835443038,0.05063291139240506,0.05907172995780591,0.07172995780590717,0.008438818565400843,0.05063291139240506,237.0,6.257256889343262,27154.610200000025,0.0,0.0,0.0,0.0,0.0,1.0,0.0,0.0,0.0,0.0,0.0,0.0,0.0,0.0,0.0,0.0,0.0,0.0,0.0,0.0,0.0,0.0,0.0,0.0,0.0,0.0,0.0,0.0,0.0,0.0,0.0,0.0,0.0,0.0,1.0,0.0,0.0,0.0,0.0,1.0,0.0
sg42,0.03765690376569038,0.008368200836820083,0.07531380753138076,0.06694560669456066,0.0502092050209205,0.09205020920502092,0.04602510460251046,0.0502092050209205,0.08368200836820083,0.08368200836820083,0.02510460251046025,0.05439330543933055,0.04184100418410042,0.029288702928870293,0.029288702928870293,0.04602510460251046,0.06276150627615062,0.07112970711297072,0.0041841004184100415,0.04184100418410042,239.0,5.86751194000244,26925.07890000002,0.0,0.0,0.0,0.0,0.0,0.0,0.0,0.0,0.0,0.0,1.0,0.0,0.0,0.0,0.0,0.0,0.0,0.0,0.0,0.0,0.0,0.0,0.0,0.0,0.0,0.0,0.0,0.0,0.0,0.0,0.0,0.0,0.0,0.0,0.0,1.0,1.0,0.0,0.0,0.0,0.0
mc5,0.02666666666666667,0.013333333333333334,0.057777777777777775,0.07111111111111111,0.06222222222222222,0.08,0.035555555555555556,0.05333333333333334,0.08888888888888889,0.06222222222222222,0.035555555555555556,0.03111111111111111,0.05333333333333334,0.017777777777777778,0.044444444444444446,0.06222222222222222,0.06222222222222222,0.08,0.008888888888888889,0.05333333333333334,225.0,7.718018913269043,25843.321600000025,0.0,0.0,0.0,1.0,0.0,0.0,0.0,0.0,0.0,0.0,0.0,0.0,0.0,0.0,0.0,0.0,0.0,0.0,0.0,0.0,0.0,0.0,0.0,0.0,0.0,0.0,0.0,0.0,0.0,0.0,0.0,0.0,0.0,0.0,0.0,1.0,1.0,0.0,0.0,0.0,0.0
ShadowG,0.03347280334728033,0.008368200836820083,0.07531380753138076,0.06694560669456066,0.0502092050209205,0.09623430962343096,0.03765690376569038,0.0502092050209205,0.08786610878661087,0.09205020920502092,0.029288702928870293,0.05439330543933055,0.04184100418410042,0.029288702928870293,0.02510460251046025,0.03765690376569038,0.06276150627615062,0.07112970711297072,0.008368200836820083,0.04184100418410042,239.0,5.713932991027832,26978.326800000017,0.0,0.0,1.0,0.0,0.0,0.0,0.0,0.0,0.0,0.0,0.0,0.0,0.0,0.0,0.0,0.0,0.0,0.0,0.0,0.0,0.0,0.0,0.0,0.0,0.0,0.0,0.0,0.0,0.0,0.0,0.0,0.0,0.0,0.0,0.0,1.0,1.0,0.0,0.0,0.0,0.0
tdTomato,0.03361344537815126,0.0,0.0546218487394958,0.08823529411764706,0.046218487394957986,0.1092436974789916,0.031512605042016806,0.037815126050420166,0.09243697478991597,0.06932773109243698,0.04411764705882353,0.02100840336134454,0.0546218487394958,0.03361344537815126,0.037815126050420166,0.052521008403361345,0.06092436974789916,0.06092436974789916,0.012605042016806723,0.058823529411764705,476.0,6.239807319641113,54194.92220000001,1.0,0.0,0.0,0.0,0.0,0.0,0.0,0.0,0.0,0.0,0.0,0.0,0.0,0.0,0.0,0.0,0.0,0.0,0.0,0.0,0.0,0.0,0.0,0.0,0.0,0.0,0.0,0.0,0.0,0.0,0.0,0.0,0.0,0.0,0.0,1.0,1.0,0.0,0.0,0.0,0.0
iq-mEmerald,0.03347280334728033,0.008368200836820083,0.07531380753138076,0.06694560669456066,0.0502092050209205,0.09205020920502092,0.0502092050209205,0.04602510460251046,0.09205020920502092,0.08786610878661087,0.02092050209205021,0.0502092050209205,0.04184100418410042,0.029288702928870293,0.02510460251046025,0.029288702928870293,0.07531380753138076,0.07531380753138076,0.0041841004184100415,0.04602510460251046,239.0,6.048089408874512,27063.30730000003,0.0,1.0,0.0,0.0,0.0,0.0,0.0,0.0,0.0,0.0,0.0,0.0,0.0,0.0,0.0,0.0,0.0,0.0,0.0,0.0,0.0,0.0,0.0,0.0,0.0,0.0,0.0,0.0,0.0,0.0,0.0,1.0,0.0,0.0,0.0,0.0,1.0,0.0,0.0,0.0,0.0
mClavGR2,0.0379746835443038,0.008438818565400843,0.06751054852320675,0.08016877637130802,0.05063291139240506,0.09282700421940929,0.0379746835443038,0.06329113924050633,0.10126582278481013,0.05485232067510549,0.04219409282700422,0.03375527426160337,0.05063291139240506,0.016877637130801686,0.03375527426160337,0.04219409282700422,0.05485232067510549,0.06751054852320675,0.008438818565400843,0.05485232067510549,237.0,6.316198921203613,27075.63920000002,0.0,0.0,0.0,0.0,0.0,1.0,0.0,0.0,0.0,0.0,0.0,0.0,0.0,0.0,0.0,0.0,0.0,0.0,0.0,0.0,0.0,0.0,0.0,0.0,0.0,0.0,0.0,0.0,0.0,0.0,0.0,1.0,0.0,0.0,0.0,0.0,0.0,0.0,0.0,1.0,0.0
mEos4Fast2,0.05726872246696035,0.00881057268722467,0.07488986784140969,0.06167400881057269,0.05726872246696035,0.09251101321585903,0.039647577092511016,0.04405286343612335,0.0881057268722467,0.05726872246696035,0.039647577092511016,0.05286343612334802,0.048458149779735685,0.022026431718061675,0.048458149779735685,0.030837004405286344,0.05286343612334802,0.06167400881057269,0.00881057268722467,0.05286343612334802,227.0,7.127348136901856,25942.12800000002,0.0,0.0,0.0,0.0,0.0,1.0,0.0,0.0,0.0,0.0,0.0,0.0,0.0,0.0,0.0,0.0,0.0,0.0,0.0,0.0,0.0,0.0,0.0,0.0,0.0,0.0,0.0,0.0,0.0,0.0,0.0,1.0,0.0,0.0,0.0,0.0,0.0,0.0,0.0,1.0,0.0
Superfolder CFP,0.03361344537815126,0.008403361344537815,0.07563025210084033,0.06722689075630252,0.05042016806722689,0.09243697478991597,0.04201680672268908,0.046218487394957986,0.08403361344537816,0.08403361344537816,0.02100840336134454,0.0546218487394958,0.04201680672268908,0.029411764705882353,0.03361344537815126,0.04201680672268908,0.07563025210084033,0.07563025210084033,0.008403361344537815,0.03361344537815126,238.0,5.9242372512817365,26803.922700000017,0.0,0.0,0.0,0.0,0.0,0.0,0.0,0.0,1.0,0.0,0.0,0.0,0.0,0.0,0.0,0.0,0.0,0.0,0.0,0.0,0.0,0.0,0.0,0.0,0.0,0.0,0.0,0.0,0.0,0.0,0.0,0.0,0.0,0.0,1.0,0.0,1.0,0.0,0.0,0.0,0.0
deGFP4,0.03361344537815126,0.012605042016806723,0.07563025210084033,0.06722689075630252,0.0546218487394958,0.09243697478991597,0.037815126050420166,0.05042016806722689,0.08403361344537816,0.07983193277310924,0.025210084033613446,0.0546218487394958,0.04201680672268908,0.03361344537815126,0.025210084033613446,0.046218487394957986,0.06302521008403361,0.07142857142857142,0.004201680672268907,0.046218487394957986,238.0,5.583544349670409,26851.998200000016,0.0,1.0,0.0,0.0,0.0,0.0,0.0,0.0,0.0,0.0,0.0,0.0,0.0,0.0,0.0,0.0,0.0,0.0,0.0,0.0,0.0,0.0,0.0,0.0,0.0,0.0,0.0,0.0,0.0,0.0,0.0,0.0,0.0,0.0,0.0,1.0,1.0,0.0,0.0,0.0,0.0
mMiCy,0.04741379310344827,0.01293103448275862,0.03879310344827586,0.07327586206896551,0.05603448275862069,0.09482758620689655,0.034482758620689655,0.04310344827586207,0.08620689655172414,0.05603448275862069,0.034482758620689655,0.03017241379310345,0.05603448275862069,0.04741379310344827,0.034482758620689655,0.06896551724137931,0.0603448275862069,0.07327586206896551,0.008620689655172414,0.04310344827586207,232.0,8.300514030456544,26039.35950000001,0.0,0.0,0.0,1.0,0.0,0.0,0.0,0.0,0.0,0.0,0.0,0.0,0.0,0.0,0.0,0.0,0.0,0.0,0.0,0.0,0.0,0.0,0.0,0.0,0.0,0.0,0.0,0.0,0.0,0.0,0.0,1.0,0.0,0.0,0.0,0.0,1.0,0.0,0.0,0.0,0.0
mCherry_M10L,0.046610169491525424,0.0,0.059322033898305086,0.1016949152542373,0.0423728813559322,0.1059322033898305,0.025423728813559324,0.0423728813559322,0.1016949152542373,0.059322033898305086,0.038135593220338986,0.029661016949152543,0.05084745762711865,0.03389830508474576,0.03389830508474576,0.05084745762711865,0.05084745762711865,0.0635593220338983,0.012711864406779662,0.05084745762711865,236.0,5.624297904968262,26703.83700000001,1.0,0.0,0.0,0.0,0.0,0.0,0.0,0.0,0.0,0.0,0.0,0.0,0.0,0.0,0.0,0.0,0.0,0.0,0.0,0.0,0.0,0.0,0.0,0.0,0.0,0.0,0.0,0.0,0.0,0.0,0.0,0.0,0.0,0.0,0.0,1.0,1.0,0.0,0.0,0.0,0.0
mKO&kappa;,0.05045871559633028,0.009174311926605505,0.045871559633027525,0.0963302752293578,0.05504587155963303,0.10550458715596331,0.045871559633027525,0.04128440366972477,0.06422018348623854,0.045871559633027525,0.045871559633027525,0.027522935779816515,0.05045871559633028,0.027522935779816515,0.03669724770642202,0.06422018348623854,0.06422018348623854,0.06880733944954129,0.009174311926605505,0.045871559633027525,218.0,5.563593864440917,24471.248300000003,0.0,0.0,0.0,0.0,0.0,0.0,0.0,1.0,0.0,0.0,0.0,0.0,0.0,0.0,0.0,0.0,0.0,0.0,0.0,0.0,0.0,0.0,0.0,0.0,0.0,0.0,0.0,0.0,0.0,0.0,0.0,1.0,0.0,0.0,0.0,0.0,1.0,0.0,0.0,0.0,0.0
mARs1,0.0365296803652968,0.0182648401826484,0.0684931506849315,0.0639269406392694,0.045662100456621,0.1004566210045662,0.0273972602739726,0.0410958904109589,0.091324200913242,0.0593607305936073,0.0319634703196347,0.0365296803652968,0.0593607305936073,0.0273972602739726,0.045662100456621,0.045662100456621,0.0502283105022831,0.0776255707762557,0.0091324200913242,0.0639269406392694,219.0,7.648902702331544,24885.042800000017,1.0,0.0,0.0,0.0,0.0,0.0,0.0,0.0,0.0,0.0,0.0,0.0,0.0,0.0,0.0,0.0,0.0,0.0,0.0,0.0,0.0,0.0,0.0,0.0,0.0,0.0,0.0,0.0,0.0,0.0,0.0,1.0,0.0,0.0,0.0,0.0,1.0,0.0,0.0,0.0,0.0
sarcGFP,0.057777777777777775,0.013333333333333334,0.07111111111111111,0.057777777777777775,0.04888888888888889,0.07555555555555556,0.03111111111111111,0.04888888888888889,0.08444444444444445,0.06666666666666667,0.044444444444444446,0.057777777777777775,0.05333333333333334,0.03111111111111111,0.04,0.05333333333333334,0.04,0.04888888888888889,0.008888888888888889,0.06666666666666667,225.0,6.655698204040529,25826.04080000001,0.0,0.0,0.0,1.0,0.0,0.0,0.0,0.0,0.0,0.0,0.0,0.0,0.0,0.0,0.0,0.0,0.0,0.0,0.0,0.0,0.0,0.0,0.0,0.0,0.0,0.0,0.0,0.0,0.0,0.0,0.0,0.0,0.0,1.0,0.0,0.0,1.0,0.0,0.0,0.0,0.0
mRFP1_Violet,0.05333333333333334,0.0044444444444444444,0.06222222222222222,0.09777777777777778,0.04,0.10222222222222223,0.022222222222222223,0.04,0.09777777777777778,0.05333333333333334,0.044444444444444446,0.017777777777777778,0.05333333333333334,0.03111111111111111,0.04,0.05333333333333334,0.06222222222222222,0.06222222222222222,0.013333333333333334,0.04888888888888889,225.0,5.653001594543457,25382.445000000007,1.0,0.0,0.0,0.0,0.0,0.0,0.0,0.0,0.0,0.0,0.0,0.0,0.0,0.0,0.0,0.0,0.0,0.0,0.0,0.0,0.0,0.0,0.0,0.0,0.0,0.0,0.0,0.0,0.0,0.0,0.0,0.0,0.0,0.0,0.0,1.0,1.0,0.0,0.0,0.0,0.0
mGarnet2,0.04405286343612335,0.013215859030837005,0.039647577092511016,0.07048458149779736,0.05286343612334802,0.1277533039647577,0.030837004405286344,0.039647577092511016,0.07048458149779736,0.06167400881057269,0.05726872246696035,0.04405286343612335,0.04405286343612335,0.030837004405286344,0.048458149779735685,0.04405286343612335,0.06167400881057269,0.07488986784140969,0.00881057268722467,0.03524229074889868,227.0,8.349252128601076,25255.6967,1.0,0.0,0.0,0.0,0.0,0.0,0.0,0.0,0.0,0.0,0.0,0.0,0.0,0.0,0.0,0.0,0.0,0.0,0.0,0.0,0.0,0.0,0.0,0.0,0.0,0.0,0.0,0.0,0.0,0.0,0.0,1.0,0.0,0.0,0.0,0.0,1.0,0.0,0.0,0.0,0.0
(n1)oxStayGold,0.02654867256637168,0.01327433628318584,0.048672566371681415,0.0752212389380531,0.04424778761061947,0.09292035398230089,0.05752212389380531,0.04424778761061947,0.07964601769911504,0.061946902654867256,0.02654867256637168,0.04424778761061947,0.05752212389380531,0.04424778761061947,0.017699115044247787,0.06637168141592921,0.07079646017699115,0.061946902654867256,0.01327433628318584,0.05309734513274336,226.0,6.095436286926269,25615.419200000022,0.0,0.0,1.0,0.0,0.0,0.0,0.0,0.0,0.0,0.0,0.0,0.0,0.0,0.0,0.0,0.0,0.0,0.0,0.0,0.0,0.0,0.0,0.0,0.0,0.0,0.0,0.0,0.0,0.0,0.0,0.0,0.0,0.0,0.0,0.0,1.0,1.0,0.0,0.0,0.0,0.0
mWatermelon,0.04310344827586207,0.004310344827586207,0.06896551724137931,0.09051724137931035,0.03879310344827586,0.11206896551724138,0.03017241379310345,0.034482758620689655,0.09051724137931035,0.0603448275862069,0.04310344827586207,0.017241379310344827,0.05603448275862069,0.02586206896551724,0.05172413793103448,0.04741379310344827,0.06465517241379311,0.05603448275862069,0.01293103448275862,0.05172413793103448,232.0,6.013701820373535,26287.3797,0.0,0.0,1.0,0.0,0.0,0.0,0.0,0.0,0.0,0.0,0.0,0.0,0.0,0.0,0.0,0.0,0.0,0.0,0.0,0.0,0.0,0.0,0.0,0.0,0.0,0.0,0.0,0.0,0.0,0.0,0.0,1.0,0.0,0.0,0.0,0.0,1.0,0.0,0.0,0.0,0.0
aeurGFP,0.05194805194805195,0.012987012987012988,0.03896103896103896,0.06493506493506493,0.06926406926406926,0.08658008658008658,0.03896103896103896,0.047619047619047616,0.08225108225108226,0.05627705627705628,0.03896103896103896,0.03463203463203463,0.05627705627705628,0.04329004329004329,0.025974025974025976,0.06493506493506493,0.05627705627705628,0.07792207792207792,0.008658008658008658,0.04329004329004329,231.0,7.741607093811036,26017.500600000003,0.0,0.0,0.0,1.0,0.0,0.0,0.0,0.0,0.0,0.0,0.0,0.0,0.0,0.0,0.0,0.0,0.0,0.0,0.0,0.0,0.0,0.0,0.0,0.0,0.0,0.0,0.0,0.0,0.0,0.0,0.0,0.0,0.0,1.0,0.0,0.0,1.0,0.0,0.0,0.0,0.0
Neptune,0.040983606557377046,0.02459016393442623,0.045081967213114756,0.08196721311475409,0.045081967213114756,0.10655737704918032,0.028688524590163935,0.036885245901639344,0.09016393442622951,0.08196721311475409,0.040983606557377046,0.040983606557377046,0.045081967213114756,0.028688524590163935,0.036885245901639344,0.036885245901639344,0.07377049180327869,0.06147540983606557,0.00819672131147541,0.045081967213114756,244.0,7.039702415466309,27441.159600000017,1.0,0.0,0.0,0.0,0.0,0.0,0.0,0.0,0.0,0.0,0.0,0.0,0.0,0.0,0.0,0.0,0.0,0.0,0.0,0.0,0.0,0.0,0.0,0.0,0.0,0.0,0.0,0.0,0.0,0.0,0.0,0.0,1.0,0.0,0.0,0.0,1.0,0.0,0.0,0.0,0.0
ccalYFP1,0.04524886877828054,0.04072398190045249,0.03619909502262444,0.06787330316742081,0.06787330316742081,0.08144796380090498,0.049773755656108594,0.027149321266968326,0.07692307692307693,0.05429864253393665,0.04524886877828054,0.04524886877828054,0.05429864253393665,0.049773755656108594,0.027149321266968326,0.049773755656108594,0.08144796380090498,0.058823529411764705,0.004524886877828055,0.03619909502262444,221.0,7.144797706604003,24996.24100000001,0.0,0.0,0.0,0.0,0.0,0.0,0.0,1.0,0.0,0.0,0.0,0.0,0.0,0.0,0.0,0.0,0.0,0.0,0.0,0.0,0.0,0.0,0.0,0.0,0.0,0.0,0.0,0.0,0.0,0.0,0.0,0.0,0.0,1.0,0.0,0.0,1.0,0.0,0.0,0.0,0.0
mEosFP-F173S,0.048672566371681415,0.01327433628318584,0.0752212389380531,0.061946902654867256,0.05309734513274336,0.09292035398230089,0.05309734513274336,0.048672566371681415,0.084070796460177,0.06637168141592921,0.035398230088495575,0.048672566371681415,0.048672566371681415,0.017699115044247787,0.04424778761061947,0.03982300884955752,0.05309734513274336,0.05752212389380531,0.008849557522123894,0.048672566371681415,226.0,6.631541633605957,25760.896600000022,0.0,0.0,0.0,0.0,0.0,1.0,0.0,0.0,0.0,0.0,0.0,0.0,0.0,0.0,0.0,0.0,0.0,0.0,0.0,0.0,0.0,0.0,0.0,0.0,0.0,0.0,0.0,0.0,0.0,0.0,0.0,1.0,0.0,0.0,0.0,0.0,0.0,0.0,0.0,0.0,1.0
EYFP,0.03765690376569038,0.008368200836820083,0.07531380753138076,0.06694560669456066,0.05439330543933055,0.09623430962343096,0.03765690376569038,0.0502092050209205,0.08368200836820083,0.08786610878661087,0.02510460251046025,0.05439330543933055,0.04184100418410042,0.03347280334728033,0.02510460251046025,0.03765690376569038,0.058577405857740586,0.07112970711297072,0.0041841004184100415,0.0502092050209205,239.0,5.583601188659667,26991.214400000015,0.0,0.0,1.0,0.0,0.0,0.0,0.0,0.0,0.0,0.0,0.0,0.0,0.0,0.0,0.0,0.0,0.0,0.0,0.0,0.0,0.0,0.0,0.0,0.0,0.0,0.0,0.0,0.0,0.0,0.0,0.0,0.0,0.0,0.0,1.0,0.0,1.0,0.0,0.0,0.0,0.0
fabdGFP,0.049107142857142856,0.022321428571428572,0.07589285714285714,0.0625,0.05357142857142857,0.08928571428571429,0.03125,0.05357142857142857,0.11160714285714286,0.06696428571428571,0.026785714285714284,0.04017857142857143,0.049107142857142856,0.03125,0.026785714285714284,0.03571428571428571,0.044642857142857144,0.06696428571428571,0.008928571428571428,0.05357142857142857,224.0,7.038395118713378,25447.823700000023,0.0,0.0,0.0,0.0,0.0,0.0,0.0,0.0,0.0,0.0,0.0,0.0,0.0,0.0,0.0,0.0,0.0,1.0,0.0,0.0,0.0,0.0,0.0,0.0,0.0,0.0,0.0,0.0,0.0,0.0,0.0,0.0,0.0,1.0,0.0,0.0,1.0,0.0,0.0,0.0,0.0
alajGFP3,0.05752212389380531,0.022123893805309734,0.05309734513274336,0.07079646017699115,0.061946902654867256,0.11061946902654868,0.030973451327433628,0.035398230088495575,0.08849557522123894,0.05309734513274336,0.048672566371681415,0.03982300884955752,0.03982300884955752,0.02654867256637168,0.04424778761061947,0.05309734513274336,0.061946902654867256,0.06637168141592921,0.008849557522123894,0.02654867256637168,226.0,8.205423164367676,25151.458700000014,0.0,0.0,0.0,0.0,0.0,0.0,0.0,0.0,0.0,1.0,0.0,0.0,0.0,0.0,0.0,0.0,0.0,0.0,0.0,0.0,0.0,0.0,0.0,0.0,0.0,0.0,0.0,0.0,0.0,0.0,0.0,0.0,0.0,1.0,0.0,0.0,1.0,0.0,0.0,0.0,0.0
AvicFP4,0.04310344827586207,0.03017241379310345,0.04310344827586207,0.06896551724137931,0.05172413793103448,0.11206896551724138,0.034482758620689655,0.06465517241379311,0.06896551724137931,0.06896551724137931,0.017241379310344827,0.0603448275862069,0.05172413793103448,0.017241379310344827,0.034482758620689655,0.0603448275862069,0.0603448275862069,0.06896551724137931,0.004310344827586207,0.03879310344827586,232.0,6.4448823928833,25497.675500000027,0.0,1.0,0.0,0.0,0.0,0.0,0.0,0.0,0.0,0.0,0.0,0.0,0.0,0.0,0.0,0.0,0.0,0.0,0.0,0.0,0.0,0.0,0.0,0.0,0.0,0.0,0.0,0.0,0.0,0.0,0.0,0.0,0.0,0.0,0.0,1.0,1.0,0.0,0.0,0.0,0.0
GFP-Tyr151pyz,0.04201680672268908,0.008403361344537815,0.07563025210084033,0.06302521008403361,0.05042016806722689,0.09243697478991597,0.04201680672268908,0.05042016806722689,0.08403361344537816,0.07983193277310924,0.02100840336134454,0.0546218487394958,0.04201680672268908,0.03361344537815126,0.025210084033613446,0.05042016806722689,0.06722689075630252,0.06722689075630252,0.004201680672268907,0.046218487394957986,238.0,5.789813041687012,26709.71680000002,0.0,0.0,0.0,0.0,1.0,0.0,0.0,0.0,0.0,0.0,0.0,0.0,0.0,0.0,0.0,0.0,0.0,0.0,0.0,0.0,0.0,0.0,0.0,0.0,0.0,0.0,0.0,0.0,0.0,0.0,0.0,0.0,0.0,0.0,0.0,1.0,1.0,0.0,0.0,0.0,0.0
pHmScarlet,0.03879310344827586,0.004310344827586207,0.0603448275862069,0.09051724137931035,0.04741379310344827,0.10775862068965517,0.021551724137931036,0.034482758620689655,0.09051724137931035,0.0603448275862069,0.04310344827586207,0.021551724137931036,0.05603448275862069,0.034482758620689655,0.04741379310344827,0.04741379310344827,0.06465517241379311,0.06465517241379311,0.01293103448275862,0.05172413793103448,232.0,6.017396354675292,26361.582000000006,1.0,0.0,0.0,0.0,0.0,0.0,0.0,0.0,0.0,0.0,0.0,0.0,0.0,0.0,0.0,0.0,0.0,0.0,0.0,0.0,0.0,0.0,0.0,0.0,0.0,0.0,0.0,0.0,0.0,0.0,0.0,0.0,0.0,0.0,0.0,1.0,1.0,0.0,0.0,0.0,0.0
cgigGFP,0.034934497816593885,0.017467248908296942,0.06550218340611354,0.05240174672489083,0.043668122270742356,0.08296943231441048,0.039301310043668124,0.05240174672489083,0.08296943231441048,0.056768558951965066,0.026200873362445413,0.034934497816593885,0.0611353711790393,0.034934497816593885,0.034934497816593885,0.06550218340611354,0.07423580786026202,0.07423580786026202,0.013100436681222707,0.039301310043668124,229.0,7.114900398254394,25613.77300000001,0.0,0.0,0.0,1.0,0.0,0.0,0.0,0.0,0.0,0.0,0.0,0.0,0.0,0.0,0.0,0.0,0.0,0.0,0.0,0.0,0.0,0.0,0.0,0.0,0.0,0.0,0.0,0.0,0.0,0.0,0.0,0.0,0.0,0.0,0.0,1.0,1.0,0.0,0.0,0.0,0.0
mClavGR2,0.0379746835443038,0.008438818565400843,0.06751054852320675,0.08016877637130802,0.05063291139240506,0.09282700421940929,0.0379746835443038,0.06329113924050633,0.10126582278481013,0.05485232067510549,0.04219409282700422,0.03375527426160337,0.05063291139240506,0.016877637130801686,0.03375527426160337,0.04219409282700422,0.05485232067510549,0.06751054852320675,0.008438818565400843,0.05485232067510549,237.0,6.316198921203613,27075.63920000002,0.0,0.0,0.0,0.0,0.0,1.0,0.0,0.0,0.0,0.0,0.0,0.0,0.0,0.0,0.0,0.0,0.0,0.0,0.0,0.0,0.0,0.0,0.0,0.0,0.0,0.0,0.0,0.0,0.0,0.0,0.0,1.0,0.0,0.0,0.0,0.0,0.0,0.0,0.0,1.0,0.0
anobCFP1,0.05627705627705628,0.012987012987012988,0.04329004329004329,0.06926406926406926,0.06060606060606061,0.09523809523809523,0.047619047619047616,0.03896103896103896,0.08225108225108226,0.05194805194805195,0.03896103896103896,0.030303030303030304,0.05627705627705628,0.03463203463203463,0.025974025974025976,0.06060606060606061,0.06493506493506493,0.0735930735930736,0.008658008658008658,0.047619047619047616,231.0,6.830307579040528,25896.152400000006,0.0,0.0,0.0,1.0,0.0,0.0,0.0,0.0,0.0,0.0,0.0,0.0,0.0,0.0,0.0,0.0,0.0,0.0,0.0,0.0,0.0,0.0,0.0,0.0,0.0,0.0,0.0,0.0,0.0,0.0,0.0,0.0,0.0,1.0,0.0,0.0,1.0,0.0,0.0,0.0,0.0
mCerulean.B,0.04184100418410042,0.008368200836820083,0.07531380753138076,0.06694560669456066,0.0502092050209205,0.100418410041841,0.03347280334728033,0.05439330543933055,0.08786610878661087,0.08786610878661087,0.02092050209205021,0.0502092050209205,0.04184100418410042,0.03347280334728033,0.02510460251046025,0.03347280334728033,0.07112970711297072,0.07112970711297072,0.008368200836820083,0.03765690376569038,239.0,5.622820091247559,26743.986500000017,0.0,0.0,0.0,0.0,0.0,0.0,0.0,0.0,1.0,0.0,0.0,0.0,0.0,0.0,0.0,0.0,0.0,0.0,0.0,0.0,0.0,0.0,0.0,0.0,0.0,0.0,0.0,0.0,0.0,0.0,0.0,1.0,0.0,0.0,0.0,0.0,1.0,0.0,0.0,0.0,0.0
htFuncLib_sf:bleach.2,0.040160642570281124,0.008032128514056224,0.07228915662650602,0.0642570281124498,0.04417670682730924,0.09236947791164658,0.060240963855421686,0.04417670682730924,0.08032128514056225,0.08835341365461848,0.024096385542168676,0.05220883534136546,0.040160642570281124,0.028112449799196786,0.0321285140562249,0.04819277108433735,0.07228915662650602,0.06827309236947791,0.004016064257028112,0.03614457831325301,249.0,6.18973217010498,27951.150600000023,0.0,0.0,0.0,0.0,1.0,0.0,0.0,0.0,0.0,0.0,0.0,0.0,0.0,0.0,0.0,0.0,0.0,0.0,0.0,0.0,0.0,0.0,0.0,0.0,0.0,0.0,0.0,0.0,0.0,0.0,0.0,0.0,0.0,0.0,0.0,1.0,1.0,0.0,0.0,0.0,0.0
td-RFP611,0.03463203463203463,0.017316017316017316,0.05194805194805195,0.0735930735930736,0.0735930735930736,0.10822510822510822,0.025974025974025976,0.021645021645021644,0.0735930735930736,0.06060606060606061,0.06060606060606061,0.03896103896103896,0.04329004329004329,0.030303030303030304,0.04329004329004329,0.05194805194805195,0.06493506493506493,0.07792207792207792,0.008658008658008658,0.03896103896103896,231.0,6.316937828063964,26135.596800000003,1.0,0.0,0.0,0.0,0.0,0.0,0.0,0.0,0.0,0.0,0.0,0.0,0.0,0.0,0.0,0.0,0.0,0.0,0.0,0.0,0.0,0.0,0.0,0.0,0.0,0.0,0.0,0.0,0.0,0.0,0.0,0.0,1.0,0.0,0.0,0.0,1.0,0.0,0.0,0.0,0.0
pcStar,0.05752212389380531,0.01327433628318584,0.07079646017699115,0.06637168141592921,0.061946902654867256,0.09734513274336283,0.03982300884955752,0.04424778761061947,0.09292035398230089,0.05752212389380531,0.03982300884955752,0.048672566371681415,0.048672566371681415,0.017699115044247787,0.04424778761061947,0.035398230088495575,0.05309734513274336,0.05309734513274336,0.008849557522123894,0.048672566371681415,226.0,7.121777915954591,25718.919500000015,0.0,0.0,0.0,0.0,0.0,1.0,0.0,0.0,0.0,0.0,0.0,0.0,0.0,0.0,0.0,0.0,0.0,0.0,0.0,0.0,0.0,0.0,0.0,0.0,0.0,0.0,0.0,0.0,0.0,0.0,0.0,1.0,0.0,0.0,0.0,0.0,0.0,0.0,0.0,1.0,0.0
mGrape2,0.0423728813559322,0.0,0.059322033898305086,0.09745762711864407,0.0423728813559322,0.1059322033898305,0.025423728813559324,0.029661016949152543,0.1059322033898305,0.059322033898305086,0.05084745762711865,0.025423728813559324,0.05508474576271186,0.029661016949152543,0.03389830508474576,0.05084745762711865,0.05084745762711865,0.06779661016949153,0.012711864406779662,0.05508474576271186,236.0,5.9325357437133786,26803.12020000001,1.0,0.0,0.0,0.0,0.0,0.0,0.0,0.0,0.0,0.0,0.0,0.0,0.0,0.0,0.0,0.0,0.0,0.0,0.0,0.0,0.0,0.0,0.0,0.0,0.0,0.0,0.0,0.0,0.0,0.0,0.0,1.0,0.0,0.0,0.0,0.0,1.0,0.0,0.0,0.0,0.0
dVFP,0.04888888888888889,0.017777777777777778,0.07555555555555556,0.05333333333333334,0.044444444444444446,0.08888888888888889,0.02666666666666667,0.057777777777777775,0.08888888888888889,0.057777777777777775,0.04,0.04,0.04888888888888889,0.02666666666666667,0.044444444444444446,0.057777777777777775,0.044444444444444446,0.06666666666666667,0.008888888888888889,0.06222222222222222,225.0,7.648391151428222,25552.881300000015,0.0,0.0,0.0,1.0,0.0,0.0,0.0,0.0,0.0,0.0,0.0,0.0,0.0,0.0,0.0,0.0,0.0,0.0,0.0,0.0,0.0,0.0,0.0,0.0,0.0,0.0,0.0,0.0,0.0,0.0,0.0,0.0,1.0,0.0,0.0,0.0,1.0,0.0,0.0,0.0,0.0
Enhanced Cyan-Emitting GFP,0.039473684210526314,0.008771929824561403,0.07456140350877193,0.06578947368421052,0.05263157894736842,0.09210526315789473,0.043859649122807015,0.05263157894736842,0.07894736842105263,0.08333333333333333,0.017543859649122806,0.04824561403508772,0.043859649122807015,0.03508771929824561,0.03070175438596491,0.043859649122807015,0.07017543859649122,0.07017543859649122,0.008771929824561403,0.039473684210526314,228.0,5.787539482116699,25692.649000000016,0.0,0.0,0.0,0.0,0.0,0.0,0.0,0.0,1.0,0.0,0.0,0.0,0.0,0.0,0.0,0.0,0.0,0.0,0.0,0.0,0.0,0.0,0.0,0.0,0.0,0.0,0.0,0.0,0.0,0.0,0.0,0.0,0.0,0.0,0.0,1.0,1.0,0.0,0.0,0.0,0.0
vsfGFP-0,0.04941860465116279,0.011627906976744186,0.06395348837209303,0.061046511627906974,0.0436046511627907,0.09593023255813954,0.02616279069767442,0.03488372093023256,0.06395348837209303,0.07267441860465117,0.020348837209302327,0.05232558139534884,0.040697674418604654,0.040697674418604654,0.04941860465116279,0.06686046511627906,0.06395348837209303,0.0872093023255814,0.011627906976744186,0.0436046511627907,344.0,6.162563133239746,38387.63200000005,0.0,1.0,0.0,0.0,0.0,0.0,0.0,0.0,0.0,0.0,0.0,0.0,0.0,0.0,0.0,0.0,0.0,0.0,0.0,0.0,0.0,0.0,0.0,0.0,0.0,0.0,0.0,0.0,0.0,0.0,0.0,0.0,1.0,0.0,0.0,0.0,1.0,0.0,0.0,0.0,0.0
rsEGFP2,0.03347280334728033,0.008368200836820083,0.07531380753138076,0.06694560669456066,0.0502092050209205,0.09205020920502092,0.03765690376569038,0.0502092050209205,0.08786610878661087,0.09205020920502092,0.02510460251046025,0.05439330543933055,0.04184100418410042,0.029288702928870293,0.02510460251046025,0.04602510460251046,0.06276150627615062,0.07112970711297072,0.0041841004184100415,0.04602510460251046,239.0,5.713932991027832,26941.19740000002,0.0,0.0,0.0,0.0,0.0,0.0,0.0,0.0,0.0,1.0,0.0,0.0,0.0,0.0,0.0,0.0,0.0,0.0,0.0,0.0,0.0,0.0,0.0,0.0,0.0,0.0,0.0,0.0,0.0,0.0,0.0,1.0,0.0,0.0,0.0,0.0,0.0,1.0,0.0,0.0,0.0
htFuncLib_mid.4,0.03225806451612903,0.012096774193548387,0.07258064516129033,0.07258064516129033,0.04838709677419355,0.09274193548387097,0.06854838709677419,0.04435483870967742,0.07258064516129033,0.08064516129032258,0.028225806451612902,0.04838709677419355,0.04435483870967742,0.028225806451612902,0.028225806451612902,0.036290322580645164,0.06451612903225806,0.07258064516129033,0.008064516129032258,0.04435483870967742,248.0,5.822097587585449,28215.428800000027,0.0,1.0,0.0,0.0,0.0,0.0,0.0,0.0,0.0,0.0,0.0,0.0,0.0,0.0,0.0,0.0,0.0,0.0,0.0,0.0,0.0,0.0,0.0,0.0,0.0,0.0,0.0,0.0,0.0,0.0,0.0,0.0,0.0,0.0,0.0,1.0,1.0,0.0,0.0,0.0,0.0
P4-1,0.037815126050420166,0.008403361344537815,0.07563025210084033,0.07142857142857142,0.0546218487394958,0.09243697478991597,0.04201680672268908,0.05042016806722689,0.07983193277310924,0.07983193277310924,0.02100840336134454,0.0546218487394958,0.04201680672268908,0.03361344537815126,0.025210084033613446,0.04201680672268908,0.06722689075630252,0.07142857142857142,0.004201680672268907,0.046218487394957986,238.0,5.460203742980957,26840.844800000017,0.0,1.0,0.0,0.0,0.0,0.0,0.0,0.0,0.0,0.0,0.0,0.0,0.0,0.0,0.0,0.0,0.0,0.0,0.0,0.0,0.0,0.0,0.0,0.0,0.0,0.0,0.0,0.0,0.0,0.0,0.0,0.0,0.0,0.0,0.0,1.0,1.0,0.0,0.0,0.0,0.0
iRFP720,0.11708860759493671,0.015822784810126583,0.056962025316455694,0.060126582278481014,0.0379746835443038,0.06962025316455696,0.03164556962025317,0.08227848101265822,0.00949367088607595,0.0949367088607595,0.02531645569620253,0.02531645569620253,0.06645569620253164,0.03481012658227848,0.07911392405063292,0.05379746835443038,0.04746835443037975,0.06329113924050633,0.00949367088607595,0.0189873417721519,316.0,5.587750434875488,34635.33420000002,0.0,0.0,0.0,0.0,0.0,0.0,1.0,0.0,0.0,0.0,0.0,0.0,0.0,0.0,0.0,0.0,0.0,0.0,0.0,0.0,0.0,0.0,0.0,0.0,0.0,0.0,0.0,0.0,0.0,0.0,0.0,0.0,1.0,0.0,0.0,0.0,1.0,0.0,0.0,0.0,0.0
G3,0.046610169491525424,0.0,0.07627118644067797,0.0847457627118644,0.046610169491525424,0.08898305084745763,0.029661016949152543,0.05508474576271186,0.1016949152542373,0.05084745762711865,0.046610169491525424,0.046610169491525424,0.046610169491525424,0.00847457627118644,0.03389830508474576,0.0423728813559322,0.059322033898305086,0.07203389830508475,0.00847457627118644,0.05508474576271186,236.0,5.701030540466309,26873.186600000015,0.0,0.0,0.0,0.0,0.0,0.0,0.0,0.0,0.0,1.0,0.0,0.0,0.0,0.0,0.0,0.0,0.0,0.0,0.0,0.0,0.0,0.0,0.0,0.0,0.0,0.0,0.0,0.0,0.0,0.0,0.0,1.0,0.0,0.0,0.0,0.0,1.0,0.0,0.0,0.0,0.0
mBanana,0.05084745762711865,0.00423728813559322,0.046610169491525424,0.1059322033898305,0.046610169491525424,0.11440677966101695,0.0211864406779661,0.0423728813559322,0.1016949152542373,0.05084745762711865,0.0423728813559322,0.025423728813559324,0.05084745762711865,0.025423728813559324,0.038135593220338986,0.05508474576271186,0.05508474576271186,0.059322033898305086,0.012711864406779662,0.05084745762711865,236.0,6.032629203796386,26565.802400000008,0.0,0.0,0.0,0.0,0.0,0.0,0.0,1.0,0.0,0.0,0.0,0.0,0.0,0.0,0.0,0.0,0.0,0.0,0.0,0.0,0.0,0.0,0.0,0.0,0.0,0.0,0.0,0.0,0.0,0.0,0.0,1.0,0.0,0.0,0.0,0.0,1.0,0.0,0.0,0.0,0.0
mCherry2,0.046610169491525424,0.00423728813559322,0.0635593220338983,0.1016949152542373,0.0423728813559322,0.1059322033898305,0.025423728813559324,0.0423728813559322,0.08898305084745763,0.059322033898305086,0.0423728813559322,0.029661016949152543,0.05084745762711865,0.03389830508474576,0.038135593220338986,0.046610169491525424,0.05084745762711865,0.0635593220338983,0.012711864406779662,0.05084745762711865,236.0,5.27274875640869,26737.85480000001,1.0,0.0,0.0,0.0,0.0,0.0,0.0,0.0,0.0,0.0,0.0,0.0,0.0,0.0,0.0,0.0,0.0,0.0,0.0,0.0,0.0,0.0,0.0,0.0,0.0,0.0,0.0,0.0,0.0,0.0,0.0,1.0,0.0,0.0,0.0,0.0,1.0,0.0,0.0,0.0,0.0
laGFP,0.05701754385964912,0.0043859649122807015,0.039473684210526314,0.05263157894736842,0.07017543859649122,0.08333333333333333,0.05263157894736842,0.05263157894736842,0.05701754385964912,0.06578947368421052,0.03070175438596491,0.043859649122807015,0.05263157894736842,0.04824561403508772,0.02631578947368421,0.06140350877192982,0.09210526315789473,0.043859649122807015,0.017543859649122806,0.04824561403508772,228.0,6.626880836486817,25880.882400000017,0.0,0.0,1.0,0.0,0.0,0.0,0.0,0.0,0.0,0.0,0.0,0.0,0.0,0.0,0.0,0.0,0.0,0.0,0.0,0.0,0.0,0.0,0.0,0.0,0.0,0.0,0.0,0.0,0.0,0.0,0.0,0.0,0.0,0.0,0.0,1.0,1.0,0.0,0.0,0.0,0.0
Katushka2S,0.04680851063829787,0.01702127659574468,0.0425531914893617,0.07234042553191489,0.05106382978723404,0.09787234042553192,0.03404255319148936,0.03829787234042553,0.08085106382978724,0.07659574468085106,0.04680851063829787,0.03829787234042553,0.04680851063829787,0.03404255319148936,0.029787234042553193,0.05531914893617021,0.08085106382978724,0.05531914893617021,0.00851063829787234,0.04680851063829787,235.0,6.708899497985839,26389.851700000007,1.0,0.0,0.0,0.0,0.0,0.0,0.0,0.0,0.0,0.0,0.0,0.0,0.0,0.0,0.0,0.0,0.0,0.0,0.0,0.0,0.0,0.0,0.0,0.0,0.0,0.0,0.0,0.0,0.0,0.0,0.0,0.0,1.0,0.0,0.0,0.0,1.0,0.0,0.0,0.0,0.0
efasGFP,0.07272727272727272,0.03636363636363636,0.05,0.08181818181818182,0.06363636363636363,0.10909090909090909,0.031818181818181815,0.031818181818181815,0.07272727272727272,0.045454545454545456,0.045454545454545456,0.05,0.04090909090909091,0.031818181818181815,0.04090909090909091,0.04090909090909091,0.06363636363636363,0.05454545454545454,0.00909090909090909,0.02727272727272727,220.0,5.988920021057129,24418.37620000001,0.0,0.0,0.0,0.0,0.0,0.0,0.0,1.0,0.0,0.0,0.0,0.0,0.0,0.0,0.0,0.0,0.0,0.0,0.0,0.0,0.0,0.0,0.0,0.0,0.0,0.0,0.0,0.0,0.0,0.0,0.0,0.0,0.0,1.0,0.0,0.0,1.0,0.0,0.0,0.0,0.0
Skylan-NS,0.05752212389380531,0.01327433628318584,0.0752212389380531,0.061946902654867256,0.061946902654867256,0.09292035398230089,0.035398230088495575,0.03982300884955752,0.09292035398230089,0.06637168141592921,0.035398230088495575,0.05309734513274336,0.048672566371681415,0.017699115044247787,0.04424778761061947,0.035398230088495575,0.05309734513274336,0.05752212389380531,0.008849557522123894,0.048672566371681415,226.0,7.088356590270995,25705.897500000014,0.0,0.0,0.0,0.0,0.0,0.0,0.0,0.0,0.0,0.0,0.0,0.0,0.0,0.0,1.0,0.0,0.0,0.0,0.0,0.0,0.0,0.0,0.0,0.0,0.0,0.0,0.0,0.0,0.0,0.0,0.0,1.0,0.0,0.0,0.0,0.0,0.0,1.0,0.0,0.0,0.0
DsRed-Express2,0.03111111111111111,0.0,0.05333333333333334,0.08444444444444445,0.057777777777777775,0.09777777777777778,0.04,0.04,0.09777777777777778,0.06222222222222222,0.02666666666666667,0.022222222222222223,0.06222222222222222,0.04,0.02666666666666667,0.05333333333333334,0.04888888888888889,0.08444444444444445,0.013333333333333334,0.057777777777777775,225.0,6.313129615783692,25702.85210000001,0.0,0.0,0.0,1.0,0.0,0.0,0.0,0.0,0.0,0.0,0.0,0.0,0.0,0.0,0.0,0.0,0.0,0.0,0.0,0.0,0.0,0.0,0.0,0.0,0.0,0.0,0.0,0.0,0.0,0.0,0.0,0.0,0.0,0.0,0.0,1.0,1.0,0.0,0.0,0.0,0.0
CyRFP1,0.042735042735042736,0.008547008547008548,0.04700854700854701,0.08974358974358974,0.04700854700854701,0.1111111111111111,0.02564102564102564,0.02564102564102564,0.09401709401709402,0.07692307692307693,0.038461538461538464,0.038461538461538464,0.05128205128205128,0.029914529914529916,0.038461538461538464,0.038461538461538464,0.05555555555555555,0.07692307692307693,0.008547008547008548,0.05555555555555555,234.0,6.610965919494629,26424.811200000007,1.0,0.0,0.0,0.0,0.0,0.0,0.0,0.0,0.0,0.0,0.0,0.0,0.0,0.0,0.0,0.0,0.0,0.0,0.0,0.0,0.0,0.0,0.0,0.0,0.0,0.0,0.0,0.0,0.0,0.0,0.0,0.0,0.0,0.0,1.0,0.0,1.0,0.0,0.0,0.0,0.0
Clomeleon,0.04184100418410042,0.008368200836820083,0.07531380753138076,0.06694560669456066,0.05439330543933055,0.09623430962343096,0.03765690376569038,0.0502092050209205,0.0794979079497908,0.08368200836820083,0.02510460251046025,0.05439330543933055,0.04184100418410042,0.029288702928870293,0.029288702928870293,0.03765690376569038,0.06276150627615062,0.07112970711297072,0.0041841004184100415,0.0502092050209205,239.0,5.583601188659667,26950.122800000016,0.0,0.0,1.0,0.0,0.0,0.0,0.0,0.0,0.0,0.0,0.0,0.0,0.0,0.0,0.0,0.0,0.0,0.0,0.0,0.0,0.0,0.0,0.0,0.0,0.0,0.0,0.0,0.0,0.0,0.0,0.0,0.0,0.0,0.0,0.0,1.0,1.0,0.0,0.0,0.0,0.0
mRFP1.1,0.05333333333333334,0.0,0.06222222222222222,0.09777777777777778,0.044444444444444446,0.10222222222222223,0.022222222222222223,0.04,0.09777777777777778,0.05333333333333334,0.044444444444444446,0.017777777777777778,0.05333333333333334,0.03111111111111111,0.04,0.057777777777777775,0.057777777777777775,0.06222222222222222,0.013333333333333334,0.04888888888888889,225.0,5.653058433532714,25412.4493,1.0,0.0,0.0,0.0,0.0,0.0,0.0,0.0,0.0,0.0,0.0,0.0,0.0,0.0,0.0,0.0,0.0,0.0,0.0,0.0,0.0,0.0,0.0,0.0,0.0,0.0,0.0,0.0,0.0,0.0,0.0,1.0,0.0,0.0,0.0,0.0,1.0,0.0,0.0,0.0,0.0
miRFP,0.07667731629392971,0.022364217252396165,0.051118210862619806,0.0670926517571885,0.02875399361022364,0.08626198083067092,0.038338658146964855,0.05750798722044728,0.009584664536741214,0.13099041533546327,0.025559105431309903,0.01597444089456869,0.07028753993610223,0.02875399361022364,0.07667731629392971,0.06389776357827476,0.04472843450479233,0.07348242811501597,0.003194888178913738,0.02875399361022364,313.0,5.626969337463378,34320.13109999999,0.0,0.0,0.0,0.0,0.0,0.0,1.0,0.0,0.0,0.0,0.0,0.0,0.0,0.0,0.0,0.0,0.0,0.0,0.0,0.0,0.0,0.0,0.0,0.0,0.0,0.0,0.0,0.0,0.0,0.0,0.0,1.0,0.0,0.0,0.0,0.0,1.0,0.0,0.0,0.0,0.0
sREACh2,0.04184100418410042,0.008368200836820083,0.07531380753138076,0.06694560669456066,0.0502092050209205,0.09623430962343096,0.03347280334728033,0.0502092050209205,0.08786610878661087,0.09205020920502092,0.029288702928870293,0.04602510460251046,0.04602510460251046,0.02510460251046025,0.02510460251046025,0.03347280334728033,0.058577405857740586,0.0794979079497908,0.008368200836820083,0.04602510460251046,239.0,5.622820091247559,26897.378100000013,0.0,0.0,1.0,0.0,0.0,0.0,0.0,0.0,0.0,0.0,0.0,0.0,0.0,0.0,0.0,0.0,0.0,0.0,0.0,0.0,0.0,0.0,0.0,0.0,0.0,0.0,0.0,0.0,0.0,0.0,0.0,0.0,0.0,0.0,0.0,1.0,1.0,0.0,0.0,0.0,0.0
AvicFP3,0.04741379310344827,0.02586206896551724,0.05603448275862069,0.04741379310344827,0.04310344827586207,0.10775862068965517,0.02586206896551724,0.06465517241379311,0.07327586206896551,0.06896551724137931,0.021551724137931036,0.06465517241379311,0.034482758620689655,0.03879310344827586,0.03017241379310345,0.0603448275862069,0.06896551724137931,0.06896551724137931,0.004310344827586207,0.04741379310344827,232.0,6.990650367736817,25537.64980000001,0.0,0.0,0.0,0.0,0.0,0.0,0.0,0.0,0.0,1.0,0.0,0.0,0.0,0.0,0.0,0.0,0.0,0.0,0.0,0.0,0.0,0.0,0.0,0.0,0.0,0.0,0.0,0.0,0.0,0.0,0.0,0.0,0.0,0.0,0.0,1.0,1.0,0.0,0.0,0.0,0.0
CheGFP1,0.07327586206896551,0.021551724137931036,0.05603448275862069,0.05603448275862069,0.04310344827586207,0.09482758620689655,0.034482758620689655,0.0603448275862069,0.06896551724137931,0.07327586206896551,0.021551724137931036,0.05172413793103448,0.03879310344827586,0.02586206896551724,0.034482758620689655,0.04741379310344827,0.06465517241379311,0.07758620689655173,0.004310344827586207,0.05172413793103448,232.0,6.441813087463378,25619.859600000025,0.0,0.0,0.0,0.0,0.0,0.0,0.0,0.0,0.0,1.0,0.0,0.0,0.0,0.0,0.0,0.0,0.0,0.0,0.0,0.0,0.0,0.0,0.0,0.0,0.0,0.0,0.0,0.0,0.0,0.0,0.0,0.0,0.0,0.0,0.0,1.0,1.0,0.0,0.0,0.0,0.0
P9,0.03361344537815126,0.008403361344537815,0.07563025210084033,0.06722689075630252,0.0546218487394958,0.09243697478991597,0.04201680672268908,0.046218487394957986,0.08403361344537816,0.07983193277310924,0.025210084033613446,0.0546218487394958,0.04201680672268908,0.029411764705882353,0.029411764705882353,0.046218487394957986,0.06302521008403361,0.07563025210084033,0.004201680672268907,0.046218487394957986,238.0,5.795326423645019,26900.024500000014,0.0,0.0,0.0,0.0,1.0,0.0,0.0,0.0,0.0,0.0,0.0,0.0,0.0,0.0,0.0,0.0,0.0,0.0,0.0,0.0,0.0,0.0,0.0,0.0,0.0,0.0,0.0,0.0,0.0,0.0,0.0,0.0,0.0,0.0,0.0,1.0,1.0,0.0,0.0,0.0,0.0
EYFP-Q69K,0.03765690376569038,0.008368200836820083,0.07531380753138076,0.06694560669456066,0.05439330543933055,0.09623430962343096,0.03765690376569038,0.0502092050209205,0.08786610878661087,0.08786610878661087,0.02510460251046025,0.05439330543933055,0.04184100418410042,0.029288702928870293,0.02510460251046025,0.03765690376569038,0.058577405857740586,0.07112970711297072,0.0041841004184100415,0.0502092050209205,239.0,5.713932991027832,26991.257500000014,0.0,0.0,1.0,0.0,0.0,0.0,0.0,0.0,0.0,0.0,0.0,0.0,0.0,0.0,0.0,0.0,0.0,0.0,0.0,0.0,0.0,0.0,0.0,0.0,0.0,0.0,0.0,0.0,0.0,0.0,0.0,0.0,0.0,0.0,1.0,0.0,1.0,0.0,0.0,0.0,0.0
Bluebonnet2,0.05555555555555555,0.004273504273504274,0.05555555555555555,0.0811965811965812,0.04700854700854701,0.09401709401709402,0.029914529914529916,0.038461538461538464,0.0811965811965812,0.0811965811965812,0.03418803418803419,0.029914529914529916,0.04700854700854701,0.029914529914529916,0.03418803418803419,0.042735042735042736,0.08547008547008547,0.05982905982905983,0.017094017094017096,0.05128205128205128,234.0,5.831646537780761,26478.721500000007,0.0,0.0,0.0,0.0,0.0,0.0,0.0,0.0,0.0,0.0,0.0,0.0,0.0,0.0,1.0,0.0,0.0,0.0,0.0,0.0,0.0,0.0,0.0,0.0,0.0,0.0,0.0,0.0,0.0,0.0,0.0,1.0,0.0,0.0,0.0,0.0,1.0,0.0,0.0,0.0,0.0
Sirius,0.03765690376569038,0.008368200836820083,0.07531380753138076,0.06694560669456066,0.04602510460251046,0.100418410041841,0.03765690376569038,0.05439330543933055,0.08368200836820083,0.09623430962343096,0.02092050209205021,0.04602510460251046,0.04184100418410042,0.03347280334728033,0.029288702928870293,0.04184100418410042,0.06276150627615062,0.07531380753138076,0.0041841004184100415,0.03765690376569038,239.0,5.71398983001709,26687.968000000015,0.0,0.0,0.0,0.0,0.0,0.0,0.0,0.0,0.0,0.0,0.0,0.0,0.0,0.0,0.0,0.0,0.0,0.0,0.0,0.0,0.0,0.0,0.0,0.0,1.0,0.0,0.0,0.0,0.0,0.0,0.0,1.0,0.0,0.0,0.0,0.0,1.0,0.0,0.0,0.0,0.0
Gamillus0.2,0.0603448275862069,0.017241379310344827,0.04741379310344827,0.05172413793103448,0.05172413793103448,0.09051724137931035,0.04310344827586207,0.05172413793103448,0.06896551724137931,0.06465517241379311,0.03017241379310345,0.03879310344827586,0.05603448275862069,0.04741379310344827,0.03017241379310345,0.05603448275862069,0.09913793103448276,0.05603448275862069,0.008620689655172414,0.03017241379310345,232.0,7.146559715270995,25653.818700000007,0.0,0.0,0.0,1.0,0.0,0.0,0.0,0.0,0.0,0.0,0.0,0.0,0.0,0.0,0.0,0.0,0.0,0.0,0.0,0.0,0.0,0.0,0.0,0.0,0.0,0.0,0.0,0.0,0.0,0.0,0.0,0.0,1.0,0.0,0.0,0.0,1.0,0.0,0.0,0.0,0.0
htFuncLib_slow.1,0.024193548387096774,0.012096774193548387,0.07661290322580645,0.07258064516129033,0.05241935483870968,0.09274193548387097,0.07258064516129033,0.04032258064516129,0.07258064516129033,0.0846774193548387,0.024193548387096774,0.04435483870967742,0.04838709677419355,0.028225806451612902,0.024193548387096774,0.04032258064516129,0.06451612903225806,0.07258064516129033,0.008064516129032258,0.04435483870967742,248.0,5.710806846618653,28255.381700000027,0.0,1.0,0.0,0.0,0.0,0.0,0.0,0.0,0.0,0.0,0.0,0.0,0.0,0.0,0.0,0.0,0.0,0.0,0.0,0.0,0.0,0.0,0.0,0.0,0.0,0.0,0.0,0.0,0.0,0.0,0.0,0.0,0.0,0.0,0.0,1.0,1.0,0.0,0.0,0.0,0.0
cFP484,0.04887218045112782,0.011278195488721804,0.06766917293233082,0.07518796992481203,0.05639097744360902,0.06766917293233082,0.02631578947368421,0.06390977443609022,0.09398496240601503,0.08646616541353383,0.03383458646616541,0.04887218045112782,0.04887218045112782,0.015037593984962405,0.03383458646616541,0.05263157894736842,0.045112781954887216,0.06390977443609022,0.007518796992481203,0.05263157894736842,266.0,6.012394523620604,30449.61100000002,0.0,0.0,0.0,1.0,0.0,0.0,0.0,0.0,0.0,0.0,0.0,0.0,0.0,0.0,0.0,0.0,0.0,0.0,0.0,0.0,0.0,0.0,0.0,0.0,0.0,0.0,0.0,0.0,0.0,0.0,0.0,0.0,0.0,1.0,0.0,0.0,1.0,0.0,0.0,0.0,0.0
HriGFP,0.04477611940298507,0.0,0.03731343283582089,0.05970149253731343,0.029850746268656716,0.08955223880597014,0.03731343283582089,0.08208955223880597,0.17164179104477612,0.07462686567164178,0.022388059701492536,0.022388059701492536,0.05223880597014925,0.022388059701492536,0.11194029850746269,0.05223880597014925,0.03731343283582089,0.007462686567164179,0.014925373134328358,0.029850746268656716,134.0,10.779001045227051,15718.290999999981,0.0,0.0,0.0,0.0,0.0,0.0,1.0,0.0,0.0,0.0,0.0,0.0,0.0,0.0,0.0,0.0,0.0,0.0,0.0,0.0,0.0,0.0,0.0,0.0,0.0,0.0,0.0,0.0,0.0,0.0,0.0,1.0,0.0,0.0,0.0,0.0,1.0,0.0,0.0,0.0,0.0
alajGFP1,0.06278026905829596,0.02242152466367713,0.053811659192825115,0.07623318385650224,0.05829596412556054,0.09865470852017937,0.02242152466367713,0.04932735426008968,0.08520179372197309,0.05829596412556054,0.04035874439461883,0.053811659192825115,0.04035874439461883,0.02242152466367713,0.03587443946188341,0.04484304932735426,0.053811659192825115,0.06726457399103139,0.008968609865470852,0.04484304932735426,223.0,6.229860496520996,24999.248000000014,0.0,0.0,0.0,0.0,0.0,0.0,0.0,1.0,0.0,0.0,0.0,0.0,0.0,0.0,0.0,0.0,0.0,0.0,0.0,0.0,0.0,0.0,0.0,0.0,0.0,0.0,0.0,0.0,0.0,0.0,0.0,0.0,0.0,1.0,0.0,0.0,1.0,0.0,0.0,0.0,0.0
deGFP2,0.03361344537815126,0.008403361344537815,0.07563025210084033,0.06722689075630252,0.0546218487394958,0.09243697478991597,0.037815126050420166,0.05042016806722689,0.08403361344537816,0.07983193277310924,0.025210084033613446,0.0546218487394958,0.04201680672268908,0.03361344537815126,0.025210084033613446,0.046218487394957986,0.06722689075630252,0.07142857142857142,0.004201680672268907,0.046218487394957986,238.0,5.583601188659667,26849.959200000016,0.0,1.0,0.0,0.0,0.0,0.0,0.0,0.0,0.0,0.0,0.0,0.0,0.0,0.0,0.0,0.0,0.0,0.0,0.0,0.0,0.0,0.0,0.0,0.0,0.0,0.0,0.0,0.0,0.0,0.0,0.0,0.0,0.0,0.0,0.0,1.0,1.0,0.0,0.0,0.0,0.0
rsGreen1,0.03347280334728033,0.008368200836820083,0.0794979079497908,0.07112970711297072,0.0502092050209205,0.09205020920502092,0.03347280334728033,0.04602510460251046,0.0794979079497908,0.09205020920502092,0.02510460251046025,0.05439330543933055,0.04184100418410042,0.029288702928870293,0.03347280334728033,0.04184100418410042,0.07112970711297072,0.07112970711297072,0.0041841004184100415,0.04184100418410042,239.0,5.382334327697754,26943.08600000002,0.0,1.0,0.0,0.0,0.0,0.0,0.0,0.0,0.0,0.0,0.0,0.0,0.0,0.0,0.0,0.0,0.0,0.0,0.0,0.0,0.0,0.0,0.0,0.0,0.0,0.0,0.0,0.0,0.0,0.0,0.0,1.0,0.0,0.0,0.0,0.0,0.0,1.0,0.0,0.0,0.0
mcCFP,0.02666666666666667,0.013333333333333334,0.057777777777777775,0.07111111111111111,0.06222222222222222,0.08444444444444445,0.03111111111111111,0.05333333333333334,0.08888888888888889,0.06222222222222222,0.035555555555555556,0.03111111111111111,0.05333333333333334,0.017777777777777778,0.044444444444444446,0.057777777777777775,0.06222222222222222,0.08444444444444445,0.008888888888888889,0.05333333333333334,225.0,7.704491233825684,25775.287300000018,0.0,0.0,0.0,1.0,0.0,0.0,0.0,0.0,0.0,0.0,0.0,0.0,0.0,0.0,0.0,0.0,0.0,0.0,0.0,0.0,0.0,0.0,0.0,0.0,0.0,0.0,0.0,0.0,0.0,0.0,0.0,0.0,0.0,1.0,0.0,0.0,1.0,0.0,0.0,0.0,0.0
eqFP578,0.04329004329004329,0.017316017316017316,0.03463203463203463,0.0735930735930736,0.05194805194805195,0.09523809523809523,0.04329004329004329,0.04329004329004329,0.09090909090909091,0.0735930735930736,0.047619047619047616,0.047619047619047616,0.04329004329004329,0.03463203463203463,0.030303030303030304,0.05194805194805195,0.07792207792207792,0.047619047619047616,0.008658008658008658,0.04329004329004329,231.0,8.53666172027588,26143.64450000001,1.0,0.0,0.0,0.0,0.0,0.0,0.0,0.0,0.0,0.0,0.0,0.0,0.0,0.0,0.0,0.0,0.0,0.0,0.0,0.0,0.0,0.0,0.0,0.0,0.0,0.0,0.0,0.0,0.0,0.0,0.0,0.0,1.0,0.0,0.0,0.0,1.0,0.0,0.0,0.0,0.0
FOLD6,0.04184100418410042,0.0,0.07531380753138076,0.06694560669456066,0.0502092050209205,0.09623430962343096,0.04602510460251046,0.04184100418410042,0.0794979079497908,0.08786610878661087,0.02092050209205021,0.058577405857740586,0.04602510460251046,0.029288702928870293,0.029288702928870293,0.03347280334728033,0.06694560669456066,0.08368200836820083,0.0041841004184100415,0.04184100418410042,239.0,5.748888969421387,26822.879200000018,0.0,0.0,1.0,0.0,0.0,0.0,0.0,0.0,0.0,0.0,0.0,0.0,0.0,0.0,0.0,0.0,0.0,0.0,0.0,0.0,0.0,0.0,0.0,0.0,0.0,0.0,0.0,0.0,0.0,0.0,0.0,0.0,0.0,0.0,1.0,0.0,1.0,0.0,0.0,0.0,0.0
htFuncLib_thermo.5,0.03225806451612903,0.012096774193548387,0.07258064516129033,0.07258064516129033,0.04838709677419355,0.09274193548387097,0.06854838709677419,0.056451612903225805,0.07258064516129033,0.08064516129032258,0.028225806451612902,0.04838709677419355,0.04435483870967742,0.024193548387096774,0.03225806451612903,0.04032258064516129,0.056451612903225805,0.06451612903225806,0.008064516129032258,0.04435483870967742,248.0,5.90627613067627,28269.56560000003,0.0,0.0,0.0,0.0,1.0,0.0,0.0,0.0,0.0,0.0,0.0,0.0,0.0,0.0,0.0,0.0,0.0,0.0,0.0,0.0,0.0,0.0,0.0,0.0,0.0,0.0,0.0,0.0,0.0,0.0,0.0,0.0,0.0,0.0,0.0,1.0,1.0,0.0,0.0,0.0,0.0
tKeima,0.036036036036036036,0.018018018018018018,0.04954954954954955,0.06306306306306306,0.04504504504504504,0.0990990990990991,0.02252252252252252,0.04504504504504504,0.07657657657657657,0.05405405405405406,0.036036036036036036,0.04054054054054054,0.06306306306306306,0.036036036036036036,0.03153153153153153,0.06306306306306306,0.06306306306306306,0.07657657657657657,0.013513513513513514,0.06756756756756757,222.0,6.5210466384887695,25034.156100000007,0.0,0.0,0.0,1.0,0.0,0.0,0.0,0.0,0.0,0.0,0.0,0.0,0.0,0.0,0.0,0.0,0.0,0.0,0.0,0.0,0.0,0.0,0.0,0.0,0.0,0.0,0.0,0.0,0.0,0.0,0.0,0.0,0.0,1.0,0.0,0.0,1.0,0.0,0.0,0.0,0.0
T-Sapphire,0.04184100418410042,0.0041841004184100415,0.07531380753138076,0.06694560669456066,0.058577405857740586,0.09623430962343096,0.03765690376569038,0.05439330543933055,0.08368200836820083,0.08368200836820083,0.029288702928870293,0.05439330543933055,0.04184100418410042,0.029288702928870293,0.02510460251046025,0.03765690376569038,0.058577405857740586,0.07531380753138076,0.0041841004184100415,0.04184100418410042,239.0,5.583658027648925,26882.174600000017,0.0,0.0,0.0,0.0,1.0,0.0,0.0,0.0,0.0,0.0,0.0,0.0,0.0,0.0,0.0,0.0,0.0,0.0,0.0,0.0,0.0,0.0,0.0,0.0,0.0,0.0,0.0,0.0,0.0,0.0,0.0,0.0,0.0,0.0,1.0,0.0,1.0,0.0,0.0,0.0,0.0
AausFP1,0.05603448275862069,0.021551724137931036,0.04741379310344827,0.0603448275862069,0.034482758620689655,0.10344827586206896,0.03879310344827586,0.07758620689655173,0.07327586206896551,0.04741379310344827,0.021551724137931036,0.05603448275862069,0.05172413793103448,0.03017241379310345,0.03017241379310345,0.03879310344827586,0.06465517241379311,0.08189655172413793,0.004310344827586207,0.0603448275862069,232.0,6.7481184005737305,25721.95310000002,0.0,1.0,0.0,0.0,0.0,0.0,0.0,0.0,0.0,0.0,0.0,0.0,0.0,0.0,0.0,0.0,0.0,0.0,0.0,0.0,0.0,0.0,0.0,0.0,0.0,0.0,0.0,0.0,0.0,0.0,0.0,0.0,1.0,0.0,0.0,0.0,1.0,0.0,0.0,0.0,0.0
TagGFP2,0.037815126050420166,0.02100840336134454,0.06722689075630252,0.07983193277310924,0.05042016806722689,0.10504201680672269,0.046218487394957986,0.058823529411764705,0.07142857142857142,0.07983193277310924,0.025210084033613446,0.05042016806722689,0.04201680672268908,0.029411764705882353,0.04201680672268908,0.037815126050420166,0.0546218487394958,0.0546218487394958,0.004201680672268907,0.04201680672268908,238.0,5.760484123229981,26873.037500000024,0.0,0.0,0.0,0.0,0.0,0.0,0.0,1.0,0.0,0.0,0.0,0.0,0.0,0.0,0.0,0.0,0.0,0.0,0.0,0.0,0.0,0.0,0.0,0.0,0.0,0.0,0.0,0.0,0.0,0.0,0.0,1.0,0.0,0.0,0.0,0.0,1.0,0.0,0.0,0.0,0.0
Phanta,0.05333333333333334,0.013333333333333334,0.07111111111111111,0.07555555555555556,0.04888888888888889,0.08,0.022222222222222223,0.05333333333333334,0.09777777777777778,0.06222222222222222,0.044444444444444446,0.02666666666666667,0.06222222222222222,0.02666666666666667,0.044444444444444446,0.04,0.05333333333333334,0.05333333333333334,0.008888888888888889,0.06222222222222222,225.0,6.536222648620606,25840.314800000015,1.0,0.0,0.0,0.0,0.0,0.0,0.0,0.0,0.0,0.0,0.0,0.0,0.0,0.0,0.0,0.0,0.0,0.0,0.0,0.0,0.0,0.0,0.0,0.0,0.0,0.0,0.0,0.0,0.0,0.0,0.0,0.0,0.0,0.0,0.0,1.0,1.0,0.0,0.0,0.0,0.0
apulFP483,0.05194805194805195,0.012987012987012988,0.04329004329004329,0.06926406926406926,0.06060606060606061,0.09523809523809523,0.047619047619047616,0.03896103896103896,0.08658008658008658,0.05194805194805195,0.03896103896103896,0.030303030303030304,0.05627705627705628,0.030303030303030304,0.025974025974025976,0.06060606060606061,0.06493506493506493,0.07792207792207792,0.008658008658008658,0.047619047619047616,231.0,7.178389549255372,25924.248600000014,0.0,0.0,0.0,1.0,0.0,0.0,0.0,0.0,0.0,0.0,0.0,0.0,0.0,0.0,0.0,0.0,0.0,0.0,0.0,0.0,0.0,0.0,0.0,0.0,0.0,0.0,0.0,0.0,0.0,0.0,0.0,0.0,0.0,1.0,0.0,0.0,1.0,0.0,0.0,0.0,0.0
pporRFP,0.03463203463203463,0.012987012987012988,0.06493506493506493,0.06060606060606061,0.05194805194805195,0.09523809523809523,0.04329004329004329,0.047619047619047616,0.08658008658008658,0.07792207792207792,0.03463203463203463,0.03463203463203463,0.06493506493506493,0.025974025974025976,0.03463203463203463,0.06060606060606061,0.05627705627705628,0.06060606060606061,0.012987012987012988,0.03896103896103896,231.0,6.794271659851074,26053.430800000016,1.0,0.0,0.0,0.0,0.0,0.0,0.0,0.0,0.0,0.0,0.0,0.0,0.0,0.0,0.0,0.0,0.0,0.0,0.0,0.0,0.0,0.0,0.0,0.0,0.0,0.0,0.0,0.0,0.0,0.0,0.0,0.0,0.0,1.0,0.0,0.0,1.0,0.0,0.0,0.0,0.0
pHluorin4,0.03347280334728033,0.008368200836820083,0.0794979079497908,0.06694560669456066,0.05439330543933055,0.09205020920502092,0.0502092050209205,0.04602510460251046,0.0794979079497908,0.08368200836820083,0.02092050209205021,0.04602510460251046,0.04184100418410042,0.03347280334728033,0.029288702928870293,0.03765690376569038,0.07112970711297072,0.08368200836820083,0.0041841004184100415,0.03765690376569038,239.0,5.71035213470459,26943.072600000014,0.0,0.0,0.0,0.0,1.0,0.0,0.0,0.0,0.0,0.0,0.0,0.0,0.0,0.0,0.0,0.0,0.0,0.0,0.0,0.0,0.0,0.0,0.0,0.0,0.0,0.0,0.0,0.0,0.0,0.0,0.0,0.0,0.0,0.0,0.0,1.0,1.0,0.0,0.0,0.0,0.0
NowGFP,0.0502092050209205,0.008368200836820083,0.0794979079497908,0.06276150627615062,0.0502092050209205,0.09623430962343096,0.03347280334728033,0.04602510460251046,0.09205020920502092,0.08368200836820083,0.02510460251046025,0.04602510460251046,0.04602510460251046,0.03347280334728033,0.02510460251046025,0.04184100418410042,0.06694560669456066,0.06694560669456066,0.008368200836820083,0.03765690376569038,239.0,5.760654640197754,26691.892200000013,0.0,0.0,0.0,0.0,0.0,0.0,0.0,0.0,1.0,0.0,0.0,0.0,0.0,0.0,0.0,0.0,0.0,0.0,0.0,0.0,0.0,0.0,0.0,0.0,0.0,0.0,0.0,0.0,0.0,0.0,0.0,1.0,0.0,0.0,0.0,0.0,1.0,0.0,0.0,0.0,0.0
UnaG,0.04316546762589928,0.0,0.07913669064748201,0.07913669064748201,0.04316546762589928,0.09352517985611511,0.007194244604316547,0.03597122302158273,0.11510791366906475,0.06474820143884892,0.02158273381294964,0.02158273381294964,0.03597122302158273,0.02158273381294964,0.04316546762589928,0.04316546762589928,0.08633093525179857,0.11510791366906475,0.014388489208633094,0.03597122302158273,139.0,6.620116996765137,15580.576299999999,0.0,0.0,0.0,0.0,0.0,0.0,1.0,0.0,0.0,0.0,0.0,0.0,0.0,0.0,0.0,0.0,0.0,0.0,0.0,0.0,0.0,0.0,0.0,0.0,0.0,0.0,0.0,0.0,0.0,0.0,0.0,0.0,0.0,0.0,0.0,1.0,1.0,0.0,0.0,0.0,0.0
laRFP,0.05701754385964912,0.0043859649122807015,0.06578947368421052,0.03508771929824561,0.05701754385964912,0.09649122807017543,0.07017543859649122,0.04824561403508772,0.07456140350877193,0.07017543859649122,0.03508771929824561,0.043859649122807015,0.05263157894736842,0.043859649122807015,0.021929824561403508,0.06578947368421052,0.05701754385964912,0.03508771929824561,0.017543859649122806,0.04824561403508772,228.0,6.972518730163575,25772.694900000013,0.0,0.0,1.0,0.0,0.0,0.0,0.0,0.0,0.0,0.0,0.0,0.0,0.0,0.0,0.0,0.0,0.0,0.0,0.0,0.0,0.0,0.0,0.0,0.0,0.0,0.0,0.0,0.0,0.0,0.0,0.0,0.0,0.0,0.0,0.0,1.0,1.0,0.0,0.0,0.0,0.0
htFuncLib_mid.8,0.028225806451612902,0.012096774193548387,0.07258064516129033,0.07258064516129033,0.04838709677419355,0.09274193548387097,0.06854838709677419,0.04435483870967742,0.07258064516129033,0.08064516129032258,0.028225806451612902,0.04838709677419355,0.04435483870967742,0.028225806451612902,0.028225806451612902,0.036290322580645164,0.06854838709677419,0.07258064516129033,0.008064516129032258,0.04435483870967742,248.0,5.822097587585449,28245.454800000025,0.0,1.0,0.0,0.0,0.0,0.0,0.0,0.0,0.0,0.0,0.0,0.0,0.0,0.0,0.0,0.0,0.0,0.0,0.0,0.0,0.0,0.0,0.0,0.0,0.0,0.0,0.0,0.0,0.0,0.0,0.0,0.0,0.0,0.0,0.0,1.0,1.0,0.0,0.0,0.0,0.0
KikG,0.039647577092511016,0.013215859030837005,0.06167400881057269,0.06607929515418502,0.05726872246696035,0.09251101321585903,0.030837004405286344,0.048458149779735685,0.08370044052863436,0.05726872246696035,0.04405286343612335,0.04405286343612335,0.04405286343612335,0.02643171806167401,0.04405286343612335,0.048458149779735685,0.05286343612334802,0.08370044052863436,0.00881057268722467,0.05286343612334802,227.0,7.052036476135252,25877.30110000002,0.0,0.0,0.0,0.0,0.0,0.0,0.0,0.0,0.0,0.0,0.0,1.0,0.0,0.0,0.0,0.0,0.0,0.0,0.0,0.0,0.0,0.0,0.0,0.0,0.0,0.0,0.0,0.0,0.0,0.0,0.0,0.0,0.0,1.0,0.0,0.0,1.0,0.0,0.0,0.0,0.0
bfloGFPa1,0.0502283105022831,0.0091324200913242,0.0730593607305936,0.0410958904109589,0.0547945205479452,0.0958904109589041,0.0365296803652968,0.0319634703196347,0.0821917808219178,0.0684931506849315,0.0365296803652968,0.0319634703196347,0.0593607305936073,0.0273972602739726,0.0273972602739726,0.0821917808219178,0.0502283105022831,0.0639269406392694,0.0045662100456621,0.0730593607305936,219.0,6.701908302307129,24548.45090000002,0.0,0.0,1.0,0.0,0.0,0.0,0.0,0.0,0.0,0.0,0.0,0.0,0.0,0.0,0.0,0.0,0.0,0.0,0.0,0.0,0.0,0.0,0.0,0.0,0.0,0.0,0.0,0.0,0.0,0.0,0.0,0.0,1.0,0.0,0.0,0.0,1.0,0.0,0.0,0.0,0.0
moxGFP,0.03347280334728033,0.0,0.07531380753138076,0.06694560669456066,0.0502092050209205,0.09205020920502092,0.04184100418410042,0.04602510460251046,0.08786610878661087,0.08368200836820083,0.02092050209205021,0.05439330543933055,0.04184100418410042,0.029288702928870293,0.03347280334728033,0.0502092050209205,0.07531380753138076,0.07531380753138076,0.0041841004184100415,0.03765690376569038,239.0,6.0592866897583,26876.92710000002,0.0,1.0,0.0,0.0,0.0,0.0,0.0,0.0,0.0,0.0,0.0,0.0,0.0,0.0,0.0,0.0,0.0,0.0,0.0,0.0,0.0,0.0,0.0,0.0,0.0,0.0,0.0,0.0,0.0,0.0,0.0,1.0,0.0,0.0,0.0,0.0,1.0,0.0,0.0,0.0,0.0
mNeptune681,0.040983606557377046,0.020491803278688523,0.040983606557377046,0.0778688524590164,0.045081967213114756,0.10245901639344263,0.03278688524590164,0.036885245901639344,0.09016393442622951,0.08196721311475409,0.036885245901639344,0.04918032786885246,0.045081967213114756,0.036885245901639344,0.036885245901639344,0.03278688524590164,0.0778688524590164,0.06147540983606557,0.00819672131147541,0.045081967213114756,244.0,8.167128944396975,27541.197500000017,1.0,0.0,0.0,0.0,0.0,0.0,0.0,0.0,0.0,0.0,0.0,0.0,0.0,0.0,0.0,0.0,0.0,0.0,0.0,0.0,0.0,0.0,0.0,0.0,0.0,0.0,0.0,0.0,0.0,0.0,0.0,1.0,0.0,0.0,0.0,0.0,1.0,0.0,0.0,0.0,0.0
mEYFP,0.03347280334728033,0.008368200836820083,0.07531380753138076,0.06694560669456066,0.05439330543933055,0.09623430962343096,0.03765690376569038,0.0502092050209205,0.08786610878661087,0.08786610878661087,0.02510460251046025,0.05439330543933055,0.04184100418410042,0.03347280334728033,0.02510460251046025,0.03765690376569038,0.058577405857740586,0.07112970711297072,0.0041841004184100415,0.0502092050209205,239.0,5.713932991027832,27048.308800000017,0.0,0.0,1.0,0.0,0.0,0.0,0.0,0.0,0.0,0.0,0.0,0.0,0.0,0.0,0.0,0.0,0.0,0.0,0.0,0.0,0.0,0.0,0.0,0.0,0.0,0.0,0.0,0.0,0.0,0.0,0.0,1.0,0.0,0.0,0.0,0.0,1.0,0.0,0.0,0.0,0.0
phiYFP,0.042735042735042736,0.021367521367521368,0.05982905982905983,0.05555555555555555,0.05555555555555555,0.10683760683760683,0.05128205128205128,0.042735042735042736,0.06837606837606838,0.05555555555555555,0.02564102564102564,0.038461538461538464,0.038461538461538464,0.02564102564102564,0.029914529914529916,0.04700854700854701,0.08547008547008547,0.09401709401709402,0.008547008547008548,0.04700854700854701,234.0,6.294827461242675,26051.15610000003,0.0,1.0,0.0,0.0,0.0,0.0,0.0,0.0,0.0,0.0,0.0,0.0,0.0,0.0,0.0,0.0,0.0,0.0,0.0,0.0,0.0,0.0,0.0,0.0,0.0,0.0,0.0,0.0,0.0,0.0,0.0,0.0,1.0,0.0,0.0,0.0,1.0,0.0,0.0,0.0,0.0
CheGFP2,0.0379746835443038,0.008438818565400843,0.08860759493670886,0.05907172995780591,0.046413502109704644,0.10548523206751055,0.03375527426160337,0.08016877637130802,0.0759493670886076,0.06329113924050633,0.029535864978902954,0.02531645569620253,0.046413502109704644,0.02109704641350211,0.02531645569620253,0.05485232067510549,0.08016877637130802,0.046413502109704644,0.012658227848101266,0.05907172995780591,237.0,5.1353120803833,26620.691600000006,0.0,0.0,0.0,0.0,1.0,0.0,0.0,0.0,0.0,0.0,0.0,0.0,0.0,0.0,0.0,0.0,0.0,0.0,0.0,0.0,0.0,0.0,0.0,0.0,0.0,0.0,0.0,0.0,0.0,0.0,0.0,0.0,0.0,0.0,0.0,1.0,1.0,0.0,0.0,0.0,0.0
ECFP,0.03765690376569038,0.008368200836820083,0.07531380753138076,0.06694560669456066,0.0502092050209205,0.09205020920502092,0.03765690376569038,0.05439330543933055,0.08368200836820083,0.08786610878661087,0.02092050209205021,0.0502092050209205,0.04184100418410042,0.03347280334728033,0.02510460251046025,0.04184100418410042,0.07112970711297072,0.07112970711297072,0.008368200836820083,0.04184100418410042,239.0,5.583601188659667,26905.100800000022,0.0,0.0,0.0,0.0,0.0,0.0,0.0,0.0,1.0,0.0,0.0,0.0,0.0,0.0,0.0,0.0,0.0,0.0,0.0,0.0,0.0,0.0,0.0,0.0,0.0,0.0,0.0,0.0,0.0,0.0,0.0,1.0,0.0,0.0,0.0,0.0,1.0,0.0,0.0,0.0,0.0
hcriGFP,0.035555555555555556,0.022222222222222223,0.05333333333333334,0.07555555555555556,0.04888888888888889,0.08888888888888889,0.04,0.04,0.10666666666666667,0.06222222222222222,0.03111111111111111,0.044444444444444446,0.057777777777777775,0.02666666666666667,0.03111111111111111,0.06222222222222222,0.06666666666666667,0.06222222222222222,0.008888888888888889,0.035555555555555556,225.0,8.175123023986817,25336.542100000013,0.0,0.0,0.0,0.0,0.0,0.0,0.0,0.0,0.0,0.0,0.0,0.0,0.0,0.0,0.0,0.0,0.0,0.0,0.0,0.0,0.0,0.0,0.0,0.0,0.0,1.0,0.0,0.0,0.0,0.0,0.0,0.0,0.0,0.0,0.0,1.0,1.0,0.0,0.0,0.0,0.0
miRFP670nano3,0.08163265306122448,0.013605442176870748,0.061224489795918366,0.07482993197278912,0.04081632653061224,0.047619047619047616,0.02040816326530612,0.06802721088435375,0.047619047619047616,0.09523809523809523,0.027210884353741496,0.02040816326530612,0.013605442176870748,0.08163265306122448,0.061224489795918366,0.027210884353741496,0.05442176870748299,0.09523809523809523,0.027210884353741496,0.04081632653061224,147.0,5.3681245803833,17113.481899999984,0.0,0.0,0.0,0.0,0.0,0.0,1.0,0.0,0.0,0.0,0.0,0.0,0.0,0.0,0.0,0.0,0.0,0.0,0.0,0.0,0.0,0.0,0.0,0.0,0.0,0.0,0.0,0.0,0.0,0.0,0.0,1.0,0.0,0.0,0.0,0.0,1.0,0.0,0.0,0.0,0.0
EosFP,0.05309734513274336,0.01327433628318584,0.0752212389380531,0.061946902654867256,0.061946902654867256,0.09292035398230089,0.048672566371681415,0.048672566371681415,0.084070796460177,0.061946902654867256,0.035398230088495575,0.048672566371681415,0.048672566371681415,0.017699115044247787,0.04424778761061947,0.035398230088495575,0.05309734513274336,0.05752212389380531,0.008849557522123894,0.048672566371681415,226.0,6.593118476867676,25788.94790000002,0.0,0.0,0.0,0.0,0.0,1.0,0.0,0.0,0.0,0.0,0.0,0.0,0.0,0.0,0.0,0.0,0.0,0.0,0.0,0.0,0.0,0.0,0.0,0.0,0.0,0.0,0.0,0.0,0.0,0.0,0.0,0.0,0.0,1.0,0.0,0.0,0.0,0.0,0.0,1.0,0.0
phiLOV3,0.03636363636363636,0.0,0.07272727272727272,0.06363636363636363,0.05454545454545454,0.08181818181818182,0.01818181818181818,0.07272727272727272,0.05454545454545454,0.09090909090909091,0.01818181818181818,0.02727272727272727,0.045454545454545456,0.06363636363636363,0.08181818181818182,0.045454545454545456,0.06363636363636363,0.06363636363636363,0.00909090909090909,0.03636363636363636,110.0,6.730839347839355,12672.262799999991,0.0,0.0,0.0,0.0,0.0,0.0,1.0,0.0,0.0,0.0,0.0,0.0,0.0,0.0,0.0,0.0,0.0,0.0,0.0,0.0,0.0,0.0,0.0,0.0,0.0,0.0,0.0,0.0,0.0,0.0,0.0,1.0,0.0,0.0,0.0,0.0,1.0,0.0,0.0,0.0,0.0
mTangerine,0.05333333333333334,0.0044444444444444444,0.06222222222222222,0.09777777777777778,0.044444444444444446,0.10222222222222223,0.022222222222222223,0.04,0.09777777777777778,0.057777777777777775,0.04,0.017777777777777778,0.05333333333333334,0.02666666666666667,0.04,0.057777777777777775,0.057777777777777775,0.06222222222222222,0.013333333333333334,0.04888888888888889,225.0,5.653001594543457,25369.424600000006,0.0,0.0,0.0,0.0,0.0,0.0,0.0,1.0,0.0,0.0,0.0,0.0,0.0,0.0,0.0,0.0,0.0,0.0,0.0,0.0,0.0,0.0,0.0,0.0,0.0,0.0,0.0,0.0,0.0,0.0,0.0,1.0,0.0,0.0,0.0,0.0,1.0,0.0,0.0,0.0,0.0
eechGFP1,0.05240174672489083,0.008733624454148471,0.06986899563318777,0.0611353711790393,0.056768558951965066,0.08733624454148471,0.034934497816593885,0.048034934497816595,0.09170305676855896,0.0611353711790393,0.034934497816593885,0.048034934497816595,0.048034934497816595,0.017467248908296942,0.039301310043668124,0.048034934497816595,0.056768558951965066,0.06550218340611354,0.008733624454148471,0.0611353711790393,229.0,7.091994285583495,26105.350900000012,0.0,0.0,0.0,0.0,0.0,0.0,0.0,0.0,0.0,0.0,0.0,0.0,0.0,0.0,0.0,0.0,0.0,1.0,0.0,0.0,0.0,0.0,0.0,0.0,0.0,0.0,0.0,0.0,0.0,0.0,0.0,0.0,0.0,1.0,0.0,0.0,1.0,0.0,0.0,0.0,0.0
RDSmCherry0.5,0.038135593220338986,0.00847457627118644,0.059322033898305086,0.1016949152542373,0.0423728813559322,0.11440677966101695,0.025423728813559324,0.03389830508474576,0.1016949152542373,0.05508474576271186,0.0423728813559322,0.029661016949152543,0.05508474576271186,0.029661016949152543,0.03389830508474576,0.05508474576271186,0.05084745762711865,0.05508474576271186,0.012711864406779662,0.05508474576271186,236.0,5.624127388000488,26694.767300000007,1.0,0.0,0.0,0.0,0.0,0.0,0.0,0.0,0.0,0.0,0.0,0.0,0.0,0.0,0.0,0.0,0.0,0.0,0.0,0.0,0.0,0.0,0.0,0.0,0.0,0.0,0.0,0.0,0.0,0.0,0.0,1.0,0.0,0.0,0.0,0.0,1.0,0.0,0.0,0.0,0.0
eGFP205C,0.03361344537815126,0.012605042016806723,0.07563025210084033,0.06722689075630252,0.05042016806722689,0.09243697478991597,0.04201680672268908,0.05042016806722689,0.08403361344537816,0.08403361344537816,0.025210084033613446,0.0546218487394958,0.04201680672268908,0.03361344537815126,0.025210084033613446,0.037815126050420166,0.06722689075630252,0.07142857142857142,0.004201680672268907,0.046218487394957986,238.0,5.670394325256347,26882.070600000017,0.0,1.0,0.0,0.0,0.0,0.0,0.0,0.0,0.0,0.0,0.0,0.0,0.0,0.0,0.0,0.0,0.0,0.0,0.0,0.0,0.0,0.0,0.0,0.0,0.0,0.0,0.0,0.0,0.0,0.0,0.0,0.0,1.0,0.0,0.0,0.0,1.0,0.0,0.0,0.0,0.0
TurboGFP-V197L,0.0365296803652968,0.0045662100456621,0.0502283105022831,0.0730593607305936,0.0684931506849315,0.1232876712328767,0.0502283105022831,0.0502283105022831,0.0365296803652968,0.0639269406392694,0.0365296803652968,0.045662100456621,0.045662100456621,0.0136986301369863,0.045662100456621,0.0730593607305936,0.0730593607305936,0.0547945205479452,0.0,0.0547945205479452,219.0,5.6227632522583,24398.94980000001,0.0,0.0,1.0,0.0,0.0,0.0,0.0,0.0,0.0,0.0,0.0,0.0,0.0,0.0,0.0,0.0,0.0,0.0,0.0,0.0,0.0,0.0,0.0,0.0,0.0,0.0,0.0,0.0,0.0,0.0,0.0,0.0,1.0,0.0,0.0,0.0,1.0,0.0,0.0,0.0,0.0
amFP515,0.056768558951965066,0.021834061135371178,0.056768558951965066,0.039301310043668124,0.07423580786026202,0.10480349344978165,0.034934497816593885,0.026200873362445413,0.07423580786026202,0.039301310043668124,0.048034934497816595,0.043668122270742356,0.05240174672489083,0.021834061135371178,0.021834061135371178,0.056768558951965066,0.10480349344978165,0.06986899563318777,0.008733624454148471,0.043668122270742356,229.0,7.0726121902465815,25280.383200000004,0.0,0.0,0.0,0.0,0.0,0.0,0.0,0.0,0.0,0.0,0.0,0.0,0.0,1.0,0.0,0.0,0.0,0.0,0.0,0.0,0.0,0.0,0.0,0.0,0.0,0.0,0.0,0.0,0.0,0.0,0.0,0.0,0.0,1.0,0.0,0.0,1.0,0.0,0.0,0.0,0.0
D10,0.04184100418410042,0.008368200836820083,0.0794979079497908,0.06694560669456066,0.0502092050209205,0.09623430962343096,0.03347280334728033,0.05439330543933055,0.08368200836820083,0.08786610878661087,0.02092050209205021,0.0502092050209205,0.04184100418410042,0.03347280334728033,0.02510460251046025,0.03765690376569038,0.07112970711297072,0.07112970711297072,0.008368200836820083,0.03765690376569038,239.0,5.369886589050293,26760.927600000017,0.0,0.0,0.0,0.0,0.0,0.0,0.0,0.0,1.0,0.0,0.0,0.0,0.0,0.0,0.0,0.0,0.0,0.0,0.0,0.0,0.0,0.0,0.0,0.0,0.0,0.0,0.0,0.0,0.0,0.0,0.0,0.0,0.0,0.0,0.0,1.0,1.0,0.0,0.0,0.0,0.0
ZsGreen1,0.06060606060606061,0.03463203463203463,0.06493506493506493,0.06060606060606061,0.05194805194805195,0.08225108225108226,0.030303030303030304,0.05194805194805195,0.08658008658008658,0.05627705627705628,0.04329004329004329,0.03463203463203463,0.05627705627705628,0.030303030303030304,0.03463203463203463,0.05194805194805195,0.04329004329004329,0.06493506493506493,0.017316017316017316,0.04329004329004329,231.0,6.650412178039551,26127.749100000012,1.0,0.0,0.0,0.0,0.0,0.0,0.0,0.0,0.0,0.0,0.0,0.0,0.0,0.0,0.0,0.0,0.0,0.0,0.0,0.0,0.0,0.0,0.0,0.0,0.0,0.0,0.0,0.0,0.0,0.0,0.0,0.0,0.0,1.0,0.0,0.0,1.0,0.0,0.0,0.0,0.0
10B,0.037815126050420166,0.008403361344537815,0.07563025210084033,0.06722689075630252,0.05042016806722689,0.09663865546218488,0.04201680672268908,0.05042016806722689,0.08403361344537816,0.08403361344537816,0.025210084033613446,0.0546218487394958,0.04201680672268908,0.03361344537815126,0.025210084033613446,0.037815126050420166,0.058823529411764705,0.07142857142857142,0.004201680672268907,0.05042016806722689,238.0,5.6704511642456055,26868.022300000015,0.0,0.0,1.0,0.0,0.0,0.0,0.0,0.0,0.0,0.0,0.0,0.0,0.0,0.0,0.0,0.0,0.0,0.0,0.0,0.0,0.0,0.0,0.0,0.0,0.0,0.0,0.0,0.0,0.0,0.0,0.0,0.0,0.0,0.0,0.0,1.0,0.0,0.0,0.0,0.0,1.0
FP586,0.022222222222222223,0.008888888888888889,0.057777777777777775,0.07555555555555556,0.057777777777777775,0.10222222222222223,0.035555555555555556,0.044444444444444446,0.10222222222222223,0.06222222222222222,0.03111111111111111,0.02666666666666667,0.05333333333333334,0.03111111111111111,0.035555555555555556,0.05333333333333334,0.044444444444444446,0.08444444444444445,0.013333333333333334,0.057777777777777775,225.0,7.740527153015138,25791.160700000015,0.0,0.0,0.0,1.0,0.0,0.0,0.0,0.0,0.0,0.0,0.0,0.0,0.0,0.0,0.0,0.0,0.0,0.0,0.0,0.0,0.0,0.0,0.0,0.0,0.0,0.0,0.0,0.0,0.0,0.0,0.0,0.0,0.0,0.0,0.0,1.0,1.0,0.0,0.0,0.0,0.0
Padron2,0.05803571428571429,0.017857142857142856,0.07142857142857142,0.06696428571428571,0.044642857142857144,0.09821428571428571,0.04017857142857143,0.05803571428571429,0.08928571428571429,0.0625,0.03125,0.044642857142857144,0.05357142857142857,0.022321428571428572,0.026785714285714284,0.049107142857142856,0.026785714285714284,0.07142857142857142,0.008928571428571428,0.05803571428571429,224.0,5.983747673034667,25159.311200000015,0.0,0.0,0.0,0.0,0.0,0.0,0.0,1.0,0.0,0.0,0.0,0.0,0.0,0.0,0.0,0.0,0.0,0.0,0.0,0.0,0.0,0.0,0.0,0.0,0.0,0.0,0.0,0.0,0.0,0.0,0.0,1.0,0.0,0.0,0.0,0.0,0.0,1.0,0.0,0.0,0.0
mEos2-A69T,0.048672566371681415,0.01327433628318584,0.0752212389380531,0.05752212389380531,0.061946902654867256,0.09292035398230089,0.04424778761061947,0.048672566371681415,0.09292035398230089,0.061946902654867256,0.035398230088495575,0.048672566371681415,0.048672566371681415,0.017699115044247787,0.04424778761061947,0.035398230088495575,0.05752212389380531,0.05309734513274336,0.008849557522123894,0.05309734513274336,226.0,7.738480949401856,25873.10740000002,0.0,0.0,0.0,0.0,0.0,1.0,0.0,0.0,0.0,0.0,0.0,0.0,0.0,0.0,0.0,0.0,0.0,0.0,0.0,0.0,0.0,0.0,0.0,0.0,0.0,0.0,0.0,0.0,0.0,0.0,0.0,1.0,0.0,0.0,0.0,0.0,0.0,0.0,0.0,1.0,0.0
AzaleaB5,0.030434782608695653,0.021739130434782608,0.05217391304347826,0.0782608695652174,0.05217391304347826,0.09565217391304348,0.034782608695652174,0.043478260869565216,0.09130434782608696,0.08260869565217391,0.043478260869565216,0.0391304347826087,0.05652173913043478,0.02608695652173913,0.02608695652173913,0.04782608695652174,0.06521739130434782,0.06086956521739131,0.013043478260869565,0.0391304347826087,230.0,6.247764778137207,26024.59490000001,1.0,0.0,0.0,0.0,0.0,0.0,0.0,0.0,0.0,0.0,0.0,0.0,0.0,0.0,0.0,0.0,0.0,0.0,0.0,0.0,0.0,0.0,0.0,0.0,0.0,0.0,0.0,0.0,0.0,0.0,0.0,1.0,0.0,0.0,0.0,0.0,1.0,0.0,0.0,0.0,0.0
rsKame,0.049107142857142856,0.017857142857142856,0.07142857142857142,0.07142857142857142,0.049107142857142856,0.08928571428571429,0.04017857142857143,0.049107142857142856,0.08928571428571429,0.0625,0.03125,0.049107142857142856,0.05357142857142857,0.022321428571428572,0.03571428571428571,0.044642857142857144,0.03571428571428571,0.07142857142857142,0.008928571428571428,0.05803571428571429,224.0,6.14011173248291,25494.62990000002,0.0,0.0,0.0,0.0,0.0,0.0,0.0,1.0,0.0,0.0,0.0,0.0,0.0,0.0,0.0,0.0,0.0,0.0,0.0,0.0,0.0,0.0,0.0,0.0,0.0,0.0,0.0,0.0,0.0,0.0,0.0,1.0,0.0,0.0,0.0,0.0,0.0,1.0,0.0,0.0,0.0
ShG24,0.029411764705882353,0.012605042016806723,0.06722689075630252,0.07563025210084033,0.06302521008403361,0.1092436974789916,0.046218487394957986,0.058823529411764705,0.07563025210084033,0.07983193277310924,0.03361344537815126,0.0546218487394958,0.04201680672268908,0.02100840336134454,0.03361344537815126,0.029411764705882353,0.058823529411764705,0.06302521008403361,0.004201680672268907,0.04201680672268908,238.0,5.755254936218263,26955.303000000018,0.0,0.0,1.0,0.0,0.0,0.0,0.0,0.0,0.0,0.0,0.0,0.0,0.0,0.0,0.0,0.0,0.0,0.0,0.0,0.0,0.0,0.0,0.0,0.0,0.0,0.0,0.0,0.0,0.0,0.0,0.0,1.0,0.0,0.0,0.0,0.0,1.0,0.0,0.0,0.0,0.0
msGFP2,0.03389830508474576,0.00847457627118644,0.07627118644067797,0.059322033898305086,0.046610169491525424,0.1016949152542373,0.038135593220338986,0.046610169491525424,0.08050847457627118,0.08050847457627118,0.01694915254237288,0.05508474576271186,0.0423728813559322,0.03389830508474576,0.029661016949152543,0.05084745762711865,0.0847457627118644,0.07203389830508475,0.00423728813559322,0.038135593220338986,236.0,5.838808250427246,26229.09650000001,0.0,1.0,0.0,0.0,0.0,0.0,0.0,0.0,0.0,0.0,0.0,0.0,0.0,0.0,0.0,0.0,0.0,0.0,0.0,0.0,0.0,0.0,0.0,0.0,0.0,0.0,0.0,0.0,0.0,0.0,0.0,1.0,0.0,0.0,0.0,0.0,1.0,0.0,0.0,0.0,0.0
AQ143,0.06060606060606061,0.030303030303030304,0.03896103896103896,0.08225108225108226,0.06060606060606061,0.09956709956709957,0.04329004329004329,0.06060606060606061,0.06493506493506493,0.05627705627705628,0.03463203463203463,0.03463203463203463,0.06060606060606061,0.03463203463203463,0.03463203463203463,0.047619047619047616,0.06493506493506493,0.047619047619047616,0.008658008658008658,0.03463203463203463,231.0,6.056160545349121,25785.080600000005,1.0,0.0,0.0,0.0,0.0,0.0,0.0,0.0,0.0,0.0,0.0,0.0,0.0,0.0,0.0,0.0,0.0,0.0,0.0,0.0,0.0,0.0,0.0,0.0,0.0,0.0,0.0,0.0,0.0,0.0,0.0,0.0,0.0,1.0,0.0,0.0,1.0,0.0,0.0,0.0,0.0
Dronpa,0.049107142857142856,0.017857142857142856,0.07142857142857142,0.07142857142857142,0.049107142857142856,0.08928571428571429,0.04017857142857143,0.049107142857142856,0.08928571428571429,0.05803571428571429,0.03125,0.049107142857142856,0.05357142857142857,0.022321428571428572,0.03571428571428571,0.044642857142857144,0.03571428571428571,0.07589285714285714,0.008928571428571428,0.05803571428571429,224.0,6.14011173248291,25480.60330000002,0.0,0.0,0.0,0.0,0.0,0.0,0.0,1.0,0.0,0.0,0.0,0.0,0.0,0.0,0.0,0.0,0.0,0.0,0.0,0.0,0.0,0.0,0.0,0.0,0.0,0.0,0.0,0.0,0.0,0.0,0.0,1.0,0.0,0.0,0.0,0.0,0.0,1.0,0.0,0.0,0.0
cerFP505,0.04484304932735426,0.004484304932735426,0.04932735426008968,0.06726457399103139,0.08071748878923767,0.09865470852017937,0.013452914798206279,0.04035874439461883,0.06278026905829596,0.053811659192825115,0.04035874439461883,0.04932735426008968,0.07174887892376682,0.04035874439461883,0.04484304932735426,0.04932735426008968,0.04932735426008968,0.07174887892376682,0.008968609865470852,0.05829596412556054,223.0,5.9708452224731445,25375.5215,0.0,0.0,0.0,1.0,0.0,0.0,0.0,0.0,0.0,0.0,0.0,0.0,0.0,0.0,0.0,0.0,0.0,0.0,0.0,0.0,0.0,0.0,0.0,0.0,0.0,0.0,0.0,0.0,0.0,0.0,0.0,0.0,0.0,1.0,0.0,0.0,1.0,0.0,0.0,0.0,0.0
htFuncLib_slow.2,0.024193548387096774,0.012096774193548387,0.07258064516129033,0.07258064516129033,0.04838709677419355,0.09274193548387097,0.06854838709677419,0.05241935483870968,0.07258064516129033,0.0846774193548387,0.03225806451612903,0.04838709677419355,0.04435483870967742,0.024193548387096774,0.028225806451612902,0.036290322580645164,0.06451612903225806,0.06854838709677419,0.008064516129032258,0.04435483870967742,248.0,5.822097587585449,28316.681600000025,0.0,1.0,0.0,0.0,0.0,0.0,0.0,0.0,0.0,0.0,0.0,0.0,0.0,0.0,0.0,0.0,0.0,0.0,0.0,0.0,0.0,0.0,0.0,0.0,0.0,0.0,0.0,0.0,0.0,0.0,0.0,0.0,0.0,0.0,0.0,1.0,1.0,0.0,0.0,0.0,0.0
Sumire,0.038135593220338986,0.00847457627118644,0.07627118644067797,0.06779661016949153,0.0423728813559322,0.1059322033898305,0.038135593220338986,0.05084745762711865,0.08050847457627118,0.08050847457627118,0.0211864406779661,0.05084745762711865,0.0423728813559322,0.025423728813559324,0.038135593220338986,0.038135593220338986,0.06779661016949153,0.0847457627118644,0.00423728813559322,0.038135593220338986,236.0,5.858986091613769,26286.38940000001,0.0,0.0,1.0,0.0,0.0,0.0,0.0,0.0,0.0,0.0,0.0,0.0,0.0,0.0,0.0,0.0,0.0,0.0,0.0,0.0,0.0,0.0,0.0,0.0,0.0,0.0,0.0,0.0,0.0,0.0,0.0,0.0,0.0,0.0,1.0,0.0,1.0,0.0,0.0,0.0,0.0
mEos2,0.05309734513274336,0.01327433628318584,0.0752212389380531,0.05752212389380531,0.061946902654867256,0.09292035398230089,0.04424778761061947,0.048672566371681415,0.09292035398230089,0.061946902654867256,0.035398230088495575,0.048672566371681415,0.048672566371681415,0.017699115044247787,0.04424778761061947,0.035398230088495575,0.05309734513274336,0.05309734513274336,0.008849557522123894,0.05309734513274336,226.0,7.738480949401856,25843.081400000017,0.0,0.0,0.0,0.0,0.0,1.0,0.0,0.0,0.0,0.0,0.0,0.0,0.0,0.0,0.0,0.0,0.0,0.0,0.0,0.0,0.0,0.0,0.0,0.0,0.0,0.0,0.0,0.0,0.0,0.0,0.0,0.0,0.0,0.0,1.0,0.0,0.0,0.0,0.0,1.0,0.0
Kaede,0.04,0.013333333333333334,0.07555555555555556,0.05333333333333334,0.06666666666666667,0.08888888888888889,0.044444444444444446,0.044444444444444446,0.09333333333333334,0.08,0.035555555555555556,0.04,0.05333333333333334,0.022222222222222223,0.035555555555555556,0.04,0.04888888888888889,0.07111111111111111,0.008888888888888889,0.044444444444444446,225.0,7.1499132156372065,25671.147800000013,0.0,0.0,0.0,0.0,0.0,1.0,0.0,0.0,0.0,0.0,0.0,0.0,0.0,0.0,0.0,0.0,0.0,0.0,0.0,0.0,0.0,0.0,0.0,0.0,0.0,0.0,0.0,0.0,0.0,0.0,0.0,0.0,0.0,1.0,0.0,0.0,0.0,0.0,0.0,1.0,0.0
miRFP702,0.1189710610932476,0.01607717041800643,0.05144694533762058,0.05787781350482315,0.04180064308681672,0.06430868167202572,0.04501607717041801,0.06752411575562701,0.02572347266881029,0.10289389067524116,0.022508038585209004,0.01607717041800643,0.04823151125401929,0.03536977491961415,0.09646302250803858,0.07717041800643087,0.04180064308681672,0.04501607717041801,0.006430868167202572,0.01929260450160772,311.0,8.852943611145019,34510.13340000005,0.0,0.0,0.0,0.0,0.0,0.0,1.0,0.0,0.0,0.0,0.0,0.0,0.0,0.0,0.0,0.0,0.0,0.0,0.0,0.0,0.0,0.0,0.0,0.0,0.0,0.0,0.0,0.0,0.0,0.0,0.0,1.0,0.0,0.0,0.0,0.0,1.0,0.0,0.0,0.0,0.0
DspR1,0.025423728813559324,0.00847457627118644,0.05084745762711865,0.0847457627118644,0.05508474576271186,0.1016949152542373,0.03389830508474576,0.0423728813559322,0.1059322033898305,0.0635593220338983,0.029661016949152543,0.029661016949152543,0.05508474576271186,0.029661016949152543,0.038135593220338986,0.046610169491525424,0.046610169491525424,0.0847457627118644,0.012711864406779662,0.05508474576271186,236.0,8.304575538635255,27041.60780000002,0.0,0.0,0.0,1.0,0.0,0.0,0.0,0.0,0.0,0.0,0.0,0.0,0.0,0.0,0.0,0.0,0.0,0.0,0.0,0.0,0.0,0.0,0.0,0.0,0.0,0.0,0.0,0.0,0.0,0.0,0.0,0.0,0.0,0.0,0.0,1.0,1.0,0.0,0.0,0.0,0.0
pmimGFP1,0.04504504504504504,0.009009009009009009,0.036036036036036036,0.06306306306306306,0.04954954954954955,0.1036036036036036,0.04054054054054054,0.05855855855855856,0.05855855855855856,0.04954954954954955,0.04504504504504504,0.07207207207207207,0.04054054054054054,0.018018018018018018,0.036036036036036036,0.05405405405405406,0.09009009009009009,0.04954954954954955,0.0045045045045045045,0.07657657657657657,222.0,6.751471900939942,25101.98470000001,0.0,0.0,1.0,0.0,0.0,0.0,0.0,0.0,0.0,0.0,0.0,0.0,0.0,0.0,0.0,0.0,0.0,0.0,0.0,0.0,0.0,0.0,0.0,0.0,0.0,0.0,0.0,0.0,0.0,0.0,0.0,0.0,0.0,1.0,0.0,0.0,1.0,0.0,0.0,0.0,0.0
meffRFP,0.04700854700854701,0.029914529914529916,0.07692307692307693,0.05555555555555555,0.05982905982905983,0.07692307692307693,0.02564102564102564,0.04700854700854701,0.0811965811965812,0.05982905982905983,0.03418803418803419,0.042735042735042736,0.05128205128205128,0.02564102564102564,0.038461538461538464,0.05982905982905983,0.06837606837606838,0.0641025641025641,0.017094017094017096,0.038461538461538464,234.0,6.080885505676269,26513.864700000016,0.0,0.0,0.0,0.0,0.0,0.0,0.0,0.0,0.0,0.0,0.0,1.0,0.0,0.0,0.0,0.0,0.0,0.0,0.0,0.0,0.0,0.0,0.0,0.0,0.0,0.0,0.0,0.0,0.0,0.0,0.0,0.0,0.0,1.0,0.0,0.0,1.0,0.0,0.0,0.0,0.0
ZsGreen,0.06060606060606061,0.03463203463203463,0.06493506493506493,0.06060606060606061,0.05194805194805195,0.08225108225108226,0.030303030303030304,0.05194805194805195,0.08658008658008658,0.05627705627705628,0.03896103896103896,0.03896103896103896,0.05627705627705628,0.030303030303030304,0.03463203463203463,0.05194805194805195,0.04329004329004329,0.06493506493506493,0.017316017316017316,0.04329004329004329,231.0,6.650412178039551,26110.65570000001,0.0,0.0,0.0,0.0,0.0,0.0,0.0,0.0,0.0,0.0,0.0,0.0,0.0,0.0,0.0,0.0,0.0,1.0,0.0,0.0,0.0,0.0,0.0,0.0,0.0,0.0,0.0,0.0,0.0,0.0,0.0,0.0,0.0,1.0,0.0,0.0,1.0,0.0,0.0,0.0,0.0
iRFP713/V256C,0.11708860759493671,0.0189873417721519,0.056962025316455694,0.06329113924050633,0.03481012658227848,0.06962025316455696,0.03164556962025317,0.07911392405063292,0.00949367088607595,0.0949367088607595,0.02531645569620253,0.022151898734177215,0.06645569620253164,0.03481012658227848,0.07911392405063292,0.05063291139240506,0.05063291139240506,0.06645569620253164,0.00949367088607595,0.0189873417721519,316.0,5.487827491760252,34606.31470000002,0.0,0.0,0.0,0.0,0.0,0.0,1.0,0.0,0.0,0.0,0.0,0.0,0.0,0.0,0.0,0.0,0.0,0.0,0.0,0.0,0.0,0.0,0.0,0.0,0.0,0.0,0.0,0.0,0.0,0.0,0.0,0.0,1.0,0.0,0.0,0.0,1.0,0.0,0.0,0.0,0.0
mGeos-M,0.05309734513274336,0.01327433628318584,0.0752212389380531,0.05752212389380531,0.061946902654867256,0.09292035398230089,0.03982300884955752,0.048672566371681415,0.09292035398230089,0.061946902654867256,0.03982300884955752,0.048672566371681415,0.048672566371681415,0.017699115044247787,0.04424778761061947,0.035398230088495575,0.05309734513274336,0.05309734513274336,0.008849557522123894,0.05309734513274336,226.0,7.726431083679199,25837.13810000002,1.0,0.0,0.0,0.0,0.0,0.0,0.0,0.0,0.0,0.0,0.0,0.0,0.0,0.0,0.0,0.0,0.0,0.0,0.0,0.0,0.0,0.0,0.0,0.0,0.0,0.0,0.0,0.0,0.0,0.0,0.0,1.0,0.0,0.0,0.0,0.0,0.0,1.0,0.0,0.0,0.0
moxMaple3,0.04219409282700422,0.0,0.06751054852320675,0.0759493670886076,0.05063291139240506,0.08016877637130802,0.03375527426160337,0.05907172995780591,0.10970464135021098,0.05063291139240506,0.04219409282700422,0.03375527426160337,0.046413502109704644,0.02109704641350211,0.04219409282700422,0.05063291139240506,0.05907172995780591,0.0759493670886076,0.008438818565400843,0.05063291139240506,237.0,8.457687950134279,27186.786200000024,0.0,0.0,0.0,0.0,0.0,1.0,0.0,0.0,0.0,0.0,0.0,0.0,0.0,0.0,0.0,0.0,0.0,0.0,0.0,0.0,0.0,0.0,0.0,0.0,0.0,0.0,0.0,0.0,0.0,0.0,0.0,1.0,0.0,0.0,0.0,0.0,0.0,0.0,0.0,1.0,0.0
mVenus-Q69M,0.03765690376569038,0.008368200836820083,0.07531380753138076,0.06694560669456066,0.04602510460251046,0.100418410041841,0.03765690376569038,0.0502092050209205,0.08786610878661087,0.09623430962343096,0.02510460251046025,0.05439330543933055,0.04184100418410042,0.029288702928870293,0.02510460251046025,0.03347280334728033,0.06276150627615062,0.06694560669456066,0.0041841004184100415,0.0502092050209205,239.0,5.713932991027832,26895.172000000017,0.0,0.0,1.0,0.0,0.0,0.0,0.0,0.0,0.0,0.0,0.0,0.0,0.0,0.0,0.0,0.0,0.0,0.0,0.0,0.0,0.0,0.0,0.0,0.0,0.0,0.0,0.0,0.0,0.0,0.0,0.0,1.0,0.0,0.0,0.0,0.0,1.0,0.0,0.0,0.0,0.0
KCY-R1-158A,0.044642857142857144,0.013392857142857142,0.05803571428571429,0.06696428571428571,0.05803571428571429,0.11160714285714286,0.026785714285714284,0.05357142857142857,0.09375,0.05357142857142857,0.03571428571428571,0.03125,0.0625,0.013392857142857142,0.026785714285714284,0.06696428571428571,0.07589285714285714,0.049107142857142856,0.008928571428571428,0.049107142857142856,224.0,6.662689399719239,24852.940200000005,0.0,0.0,0.0,0.0,1.0,0.0,0.0,0.0,0.0,0.0,0.0,0.0,0.0,0.0,0.0,0.0,0.0,0.0,0.0,0.0,0.0,0.0,0.0,0.0,0.0,0.0,0.0,0.0,0.0,0.0,0.0,0.0,0.0,0.0,0.0,1.0,1.0,0.0,0.0,0.0,0.0
htFuncLib_thermo.9,0.024193548387096774,0.012096774193548387,0.07258064516129033,0.06854838709677419,0.04838709677419355,0.09274193548387097,0.07258064516129033,0.04435483870967742,0.07258064516129033,0.0846774193548387,0.024193548387096774,0.04838709677419355,0.04435483870967742,0.03225806451612903,0.028225806451612902,0.04032258064516129,0.056451612903225805,0.07661290322580645,0.008064516129032258,0.04838709677419355,248.0,5.947768592834472,28338.56280000002,0.0,1.0,0.0,0.0,0.0,0.0,0.0,0.0,0.0,0.0,0.0,0.0,0.0,0.0,0.0,0.0,0.0,0.0,0.0,0.0,0.0,0.0,0.0,0.0,0.0,0.0,0.0,0.0,0.0,0.0,0.0,0.0,0.0,0.0,0.0,1.0,1.0,0.0,0.0,0.0,0.0
laesGFP,0.04954954954954955,0.009009009009009009,0.036036036036036036,0.05855855855855856,0.05405405405405406,0.10810810810810811,0.04054054054054054,0.05405405405405406,0.05855855855855856,0.04504504504504504,0.04504504504504504,0.06756756756756757,0.04054054054054054,0.018018018018018018,0.036036036036036036,0.05855855855855856,0.08108108108108109,0.06306306306306306,0.0045045045045045045,0.07207207207207207,222.0,7.124676704406738,24926.84520000001,0.0,0.0,1.0,0.0,0.0,0.0,0.0,0.0,0.0,0.0,0.0,0.0,0.0,0.0,0.0,0.0,0.0,0.0,0.0,0.0,0.0,0.0,0.0,0.0,0.0,0.0,0.0,0.0,0.0,0.0,0.0,0.0,0.0,0.0,0.0,1.0,1.0,0.0,0.0,0.0,0.0
iRFP682,0.12025316455696203,0.0189873417721519,0.056962025316455694,0.060126582278481014,0.03481012658227848,0.06962025316455696,0.03164556962025317,0.07911392405063292,0.00949367088607595,0.0949367088607595,0.02531645569620253,0.022151898734177215,0.06645569620253164,0.03481012658227848,0.07911392405063292,0.05063291139240506,0.04746835443037975,0.06962025316455696,0.00949367088607595,0.0189873417721519,316.0,5.587750434875488,34546.30570000002,0.0,0.0,0.0,0.0,0.0,0.0,1.0,0.0,0.0,0.0,0.0,0.0,0.0,0.0,0.0,0.0,0.0,0.0,0.0,0.0,0.0,0.0,0.0,0.0,0.0,0.0,0.0,0.0,0.0,0.0,0.0,0.0,1.0,0.0,0.0,0.0,1.0,0.0,0.0,0.0,0.0
mKelly2,0.0365296803652968,0.0182648401826484,0.0410958904109589,0.0867579908675799,0.045662100456621,0.1050228310502283,0.0228310502283105,0.0319634703196347,0.0821917808219178,0.0776255707762557,0.0365296803652968,0.0410958904109589,0.0547945205479452,0.0410958904109589,0.0410958904109589,0.0228310502283105,0.0867579908675799,0.0730593607305936,0.0091324200913242,0.045662100456621,219.0,6.533721733093262,24727.977200000012,1.0,0.0,0.0,0.0,0.0,0.0,0.0,0.0,0.0,0.0,0.0,0.0,0.0,0.0,0.0,0.0,0.0,0.0,0.0,0.0,0.0,0.0,0.0,0.0,0.0,0.0,0.0,0.0,0.0,0.0,0.0,1.0,0.0,0.0,0.0,0.0,1.0,0.0,0.0,0.0,0.0
Katushka,0.04329004329004329,0.017316017316017316,0.03896103896103896,0.06926406926406926,0.05194805194805195,0.09523809523809523,0.03463203463203463,0.03896103896103896,0.08225108225108226,0.07792207792207792,0.047619047619047616,0.03896103896103896,0.047619047619047616,0.03463203463203463,0.030303030303030304,0.06060606060606061,0.08225108225108226,0.05194805194805195,0.008658008658008658,0.047619047619047616,231.0,7.690395164489748,26005.467400000005,1.0,0.0,0.0,0.0,0.0,0.0,0.0,0.0,0.0,0.0,0.0,0.0,0.0,0.0,0.0,0.0,0.0,0.0,0.0,0.0,0.0,0.0,0.0,0.0,0.0,0.0,0.0,0.0,0.0,0.0,0.0,0.0,1.0,0.0,0.0,0.0,1.0,0.0,0.0,0.0,0.0
dendFP,0.03111111111111111,0.013333333333333334,0.057777777777777775,0.07111111111111111,0.04888888888888889,0.08444444444444445,0.035555555555555556,0.044444444444444446,0.08,0.08444444444444445,0.03111111111111111,0.057777777777777775,0.057777777777777775,0.02666666666666667,0.035555555555555556,0.044444444444444446,0.057777777777777775,0.06666666666666667,0.013333333333333334,0.057777777777777775,225.0,6.2436723709106445,25810.056400000016,0.0,0.0,0.0,0.0,0.0,1.0,0.0,0.0,0.0,0.0,0.0,0.0,0.0,0.0,0.0,0.0,0.0,0.0,0.0,0.0,0.0,0.0,0.0,0.0,0.0,0.0,0.0,0.0,0.0,0.0,0.0,0.0,0.0,1.0,0.0,0.0,0.0,0.0,0.0,1.0,0.0
cjBlue,0.04310344827586207,0.04741379310344827,0.034482758620689655,0.06896551724137931,0.04310344827586207,0.08189655172413793,0.034482758620689655,0.04310344827586207,0.07327586206896551,0.06465517241379311,0.034482758620689655,0.05172413793103448,0.0603448275862069,0.04741379310344827,0.034482758620689655,0.05172413793103448,0.08620689655172414,0.04310344827586207,0.008620689655172414,0.04741379310344827,232.0,7.534031105041504,26173.545000000016,0.0,0.0,0.0,1.0,0.0,0.0,0.0,0.0,0.0,0.0,0.0,0.0,0.0,0.0,0.0,0.0,0.0,0.0,0.0,0.0,0.0,0.0,0.0,0.0,0.0,0.0,0.0,0.0,0.0,0.0,0.0,0.0,0.0,1.0,0.0,0.0,1.0,0.0,0.0,0.0,0.0
KOFP-7,0.07586206896551724,0.020689655172413793,0.06206896551724138,0.1103448275862069,0.034482758620689655,0.06206896551724138,0.013793103448275862,0.07586206896551724,0.013793103448275862,0.0896551724137931,0.027586206896551724,0.04827586206896552,0.041379310344827586,0.05517241379310345,0.0896551724137931,0.034482758620689655,0.034482758620689655,0.06206896551724138,0.006896551724137931,0.041379310344827586,145.0,4.648088264465333,16666.62299999999,0.0,0.0,0.0,0.0,0.0,0.0,1.0,0.0,0.0,0.0,0.0,0.0,0.0,0.0,0.0,0.0,0.0,0.0,0.0,0.0,0.0,0.0,0.0,0.0,0.0,0.0,0.0,0.0,0.0,0.0,0.0,0.0,0.0,0.0,0.0,1.0,1.0,0.0,0.0,0.0,0.0
LSSmScarlet2,0.04310344827586207,0.0,0.06465517241379311,0.09482758620689655,0.04741379310344827,0.10775862068965517,0.03017241379310345,0.03017241379310345,0.08620689655172414,0.06465517241379311,0.04741379310344827,0.021551724137931036,0.05603448275862069,0.02586206896551724,0.05172413793103448,0.04310344827586207,0.06896551724137931,0.06465517241379311,0.008620689655172414,0.04310344827586207,232.0,5.855121040344237,26252.418300000005,1.0,0.0,0.0,0.0,0.0,0.0,0.0,0.0,0.0,0.0,0.0,0.0,0.0,0.0,0.0,0.0,0.0,0.0,0.0,0.0,0.0,0.0,0.0,0.0,0.0,0.0,0.0,0.0,0.0,0.0,0.0,1.0,0.0,0.0,0.0,0.0,1.0,0.0,0.0,0.0,0.0
mBlueberry2,0.0423728813559322,0.0,0.05508474576271186,0.09745762711864407,0.05508474576271186,0.1016949152542373,0.025423728813559324,0.046610169491525424,0.1016949152542373,0.05508474576271186,0.03389830508474576,0.03389830508474576,0.05084745762711865,0.029661016949152543,0.03389830508474576,0.05084745762711865,0.05084745762711865,0.07627118644067797,0.012711864406779662,0.046610169491525424,236.0,5.930262184143066,26762.025000000012,0.0,0.0,0.0,0.0,0.0,0.0,0.0,0.0,0.0,0.0,0.0,0.0,0.0,0.0,0.0,0.0,1.0,0.0,0.0,0.0,0.0,0.0,0.0,0.0,0.0,0.0,0.0,0.0,0.0,0.0,0.0,1.0,0.0,0.0,0.0,0.0,1.0,0.0,0.0,0.0,0.0
KillerOrange,0.05063291139240506,0.029535864978902954,0.08016877637130802,0.046413502109704644,0.07172995780590717,0.08438818565400844,0.05485232067510549,0.07172995780590717,0.03375527426160337,0.04219409282700422,0.04219409282700422,0.02531645569620253,0.06329113924050633,0.04219409282700422,0.046413502109704644,0.06751054852320675,0.07172995780590717,0.05907172995780591,0.008438818565400843,0.008438818565400843,237.0,5.541767692565917,26357.531699999992,0.0,0.0,0.0,0.0,0.0,0.0,0.0,0.0,0.0,0.0,0.0,0.0,0.0,0.0,0.0,0.0,0.0,0.0,1.0,0.0,0.0,0.0,0.0,0.0,0.0,0.0,0.0,0.0,0.0,0.0,0.0,0.0,1.0,0.0,0.0,0.0,1.0,0.0,0.0,0.0,0.0
Dendra2-M159A,0.043478260869565216,0.013043478260869565,0.05652173913043478,0.06956521739130435,0.05217391304347826,0.08695652173913043,0.034782608695652174,0.04782608695652174,0.08260869565217391,0.07391304347826087,0.021739130434782608,0.05652173913043478,0.06086956521739131,0.02608695652173913,0.034782608695652174,0.0391304347826087,0.06521739130434782,0.07391304347826087,0.013043478260869565,0.04782608695652174,230.0,6.44982738494873,26064.29920000002,0.0,0.0,0.0,0.0,0.0,1.0,0.0,0.0,0.0,0.0,0.0,0.0,0.0,0.0,0.0,0.0,0.0,0.0,0.0,0.0,0.0,0.0,0.0,0.0,0.0,0.0,0.0,0.0,0.0,0.0,0.0,1.0,0.0,0.0,0.0,0.0,0.0,0.0,0.0,0.0,1.0
meleRFP,0.035398230088495575,0.01327433628318584,0.07964601769911504,0.05752212389380531,0.05752212389380531,0.10176991150442478,0.03982300884955752,0.048672566371681415,0.0752212389380531,0.061946902654867256,0.030973451327433628,0.035398230088495575,0.05752212389380531,0.02654867256637168,0.05309734513274336,0.035398230088495575,0.05309734513274336,0.07079646017699115,0.008849557522123894,0.05752212389380531,226.0,6.501721382141112,25840.011100000014,0.0,0.0,0.0,0.0,0.0,1.0,0.0,0.0,0.0,0.0,0.0,0.0,0.0,0.0,0.0,0.0,0.0,0.0,0.0,0.0,0.0,0.0,0.0,0.0,0.0,0.0,0.0,0.0,0.0,0.0,0.0,0.0,0.0,1.0,0.0,0.0,1.0,0.0,0.0,0.0,0.0
roGFP2,0.03361344537815126,0.012605042016806723,0.07563025210084033,0.06722689075630252,0.05042016806722689,0.09243697478991597,0.04201680672268908,0.05042016806722689,0.08403361344537816,0.08403361344537816,0.025210084033613446,0.0546218487394958,0.04201680672268908,0.025210084033613446,0.029411764705882353,0.04201680672268908,0.06722689075630252,0.07142857142857142,0.004201680672268907,0.046218487394957986,238.0,5.795269584655761,26869.07520000002,0.0,1.0,0.0,0.0,0.0,0.0,0.0,0.0,0.0,0.0,0.0,0.0,0.0,0.0,0.0,0.0,0.0,0.0,0.0,0.0,0.0,0.0,0.0,0.0,0.0,0.0,0.0,0.0,0.0,0.0,0.0,0.0,0.0,0.0,0.0,1.0,1.0,0.0,0.0,0.0,0.0
ffDronpa,0.05357142857142857,0.017857142857142856,0.07142857142857142,0.07142857142857142,0.049107142857142856,0.08928571428571429,0.04017857142857143,0.049107142857142856,0.08928571428571429,0.05803571428571429,0.03125,0.049107142857142856,0.05357142857142857,0.022321428571428572,0.03571428571428571,0.044642857142857144,0.03571428571428571,0.07142857142857142,0.008928571428571428,0.05803571428571429,224.0,6.14011173248291,25452.55020000002,0.0,0.0,0.0,0.0,0.0,0.0,0.0,1.0,0.0,0.0,0.0,0.0,0.0,0.0,0.0,0.0,0.0,0.0,0.0,0.0,0.0,0.0,0.0,0.0,0.0,0.0,0.0,0.0,0.0,0.0,0.0,1.0,0.0,0.0,0.0,0.0,0.0,1.0,0.0,0.0,0.0
DsRed.T3,0.02666666666666667,0.0044444444444444444,0.057777777777777775,0.08888888888888889,0.057777777777777775,0.09777777777777778,0.03111111111111111,0.044444444444444446,0.09777777777777778,0.06222222222222222,0.03111111111111111,0.017777777777777778,0.057777777777777775,0.035555555555555556,0.035555555555555556,0.057777777777777775,0.044444444444444446,0.08,0.013333333333333334,0.057777777777777775,225.0,6.186492347717285,25809.060300000012,0.0,0.0,0.0,1.0,0.0,0.0,0.0,0.0,0.0,0.0,0.0,0.0,0.0,0.0,0.0,0.0,0.0,0.0,0.0,0.0,0.0,0.0,0.0,0.0,0.0,0.0,0.0,0.0,0.0,0.0,0.0,0.0,0.0,1.0,0.0,0.0,1.0,0.0,0.0,0.0,0.0
rsFolder,0.03347280334728033,0.008368200836820083,0.07531380753138076,0.06694560669456066,0.0502092050209205,0.09205020920502092,0.04184100418410042,0.04602510460251046,0.08786610878661087,0.08786610878661087,0.02092050209205021,0.05439330543933055,0.04184100418410042,0.02510460251046025,0.03347280334728033,0.04602510460251046,0.07112970711297072,0.07531380753138076,0.0041841004184100415,0.03765690376569038,239.0,6.059002494812011,26880.060100000017,0.0,0.0,0.0,0.0,0.0,0.0,0.0,0.0,0.0,1.0,0.0,0.0,0.0,0.0,0.0,0.0,0.0,0.0,0.0,0.0,0.0,0.0,0.0,0.0,0.0,0.0,0.0,0.0,0.0,0.0,0.0,1.0,0.0,0.0,0.0,0.0,0.0,1.0,0.0,0.0,0.0
htFuncLib_basic.3,0.03225806451612903,0.012096774193548387,0.07258064516129033,0.07258064516129033,0.04838709677419355,0.09274193548387097,0.06854838709677419,0.04838709677419355,0.07258064516129033,0.08064516129032258,0.024193548387096774,0.04838709677419355,0.04435483870967742,0.028225806451612902,0.028225806451612902,0.04435483870967742,0.06048387096774194,0.06854838709677419,0.008064516129032258,0.04435483870967742,248.0,5.822097587585449,28171.310100000028,0.0,0.0,0.0,0.0,1.0,0.0,0.0,0.0,0.0,0.0,0.0,0.0,0.0,0.0,0.0,0.0,0.0,0.0,0.0,0.0,0.0,0.0,0.0,0.0,0.0,0.0,0.0,0.0,0.0,0.0,0.0,0.0,0.0,0.0,0.0,1.0,1.0,0.0,0.0,0.0,0.0
pHluorin2,0.03361344537815126,0.008403361344537815,0.07983193277310924,0.06722689075630252,0.0546218487394958,0.09243697478991597,0.05042016806722689,0.05042016806722689,0.07983193277310924,0.08403361344537816,0.025210084033613446,0.046218487394957986,0.04201680672268908,0.037815126050420166,0.02100840336134454,0.037815126050420166,0.06302521008403361,0.07563025210084033,0.004201680672268907,0.046218487394957986,238.0,5.495159721374511,26929.060600000015,0.0,0.0,0.0,0.0,1.0,0.0,0.0,0.0,0.0,0.0,0.0,0.0,0.0,0.0,0.0,0.0,0.0,0.0,0.0,0.0,0.0,0.0,0.0,0.0,0.0,0.0,0.0,0.0,0.0,0.0,0.0,0.0,0.0,0.0,0.0,1.0,0.0,0.0,0.0,0.0,1.0
htFuncLib_bleach.3,0.028225806451612902,0.012096774193548387,0.07258064516129033,0.07258064516129033,0.04838709677419355,0.09274193548387097,0.06451612903225806,0.056451612903225805,0.07258064516129033,0.0846774193548387,0.028225806451612902,0.04838709677419355,0.04435483870967742,0.028225806451612902,0.028225806451612902,0.036290322580645164,0.06048387096774194,0.06854838709677419,0.008064516129032258,0.04435483870967742,248.0,5.770260429382325,28259.607100000027,0.0,1.0,0.0,0.0,0.0,0.0,0.0,0.0,0.0,0.0,0.0,0.0,0.0,0.0,0.0,0.0,0.0,0.0,0.0,0.0,0.0,0.0,0.0,0.0,0.0,0.0,0.0,0.0,0.0,0.0,0.0,0.0,0.0,0.0,0.0,1.0,1.0,0.0,0.0,0.0,0.0
htFuncLib_sf:thermo.9,0.0321285140562249,0.008032128514056224,0.07228915662650602,0.060240963855421686,0.04417670682730924,0.09236947791164658,0.0642570281124498,0.040160642570281124,0.08032128514056225,0.08433734939759036,0.020080321285140562,0.05220883534136546,0.040160642570281124,0.0321285140562249,0.0321285140562249,0.04819277108433735,0.06827309236947791,0.08433734939759036,0.004016064257028112,0.040160642570281124,249.0,6.334955787658691,28046.231400000022,0.0,1.0,0.0,0.0,0.0,0.0,0.0,0.0,0.0,0.0,0.0,0.0,0.0,0.0,0.0,0.0,0.0,0.0,0.0,0.0,0.0,0.0,0.0,0.0,0.0,0.0,0.0,0.0,0.0,0.0,0.0,0.0,0.0,0.0,0.0,1.0,1.0,0.0,0.0,0.0,0.0
PROSS-eGFP,0.024193548387096774,0.012096774193548387,0.07258064516129033,0.07258064516129033,0.05241935483870968,0.09274193548387097,0.06854838709677419,0.04838709677419355,0.07258064516129033,0.0846774193548387,0.024193548387096774,0.04838709677419355,0.04435483870967742,0.028225806451612902,0.028225806451612902,0.04032258064516129,0.06048387096774194,0.07258064516129033,0.008064516129032258,0.04435483870967742,248.0,5.822097587585449,28301.539400000027,0.0,1.0,0.0,0.0,0.0,0.0,0.0,0.0,0.0,0.0,0.0,0.0,0.0,0.0,0.0,0.0,0.0,0.0,0.0,0.0,0.0,0.0,0.0,0.0,0.0,0.0,0.0,0.0,0.0,0.0,0.0,0.0,0.0,0.0,0.0,1.0,1.0,0.0,0.0,0.0,0.0
htFuncLib_photostable.2,0.03225806451612903,0.012096774193548387,0.07258064516129033,0.07258064516129033,0.04838709677419355,0.09274193548387097,0.06854838709677419,0.04838709677419355,0.07258064516129033,0.0846774193548387,0.028225806451612902,0.04838709677419355,0.04435483870967742,0.024193548387096774,0.028225806451612902,0.036290322580645164,0.06451612903225806,0.06854838709677419,0.008064516129032258,0.04435483870967742,248.0,5.822097587585449,28214.483800000027,0.0,1.0,0.0,0.0,0.0,0.0,0.0,0.0,0.0,0.0,0.0,0.0,0.0,0.0,0.0,0.0,0.0,0.0,0.0,0.0,0.0,0.0,0.0,0.0,0.0,0.0,0.0,0.0,0.0,0.0,0.0,0.0,0.0,0.0,0.0,1.0,1.0,0.0,0.0,0.0,0.0
RDSmCherry0.1,0.046610169491525424,0.0,0.059322033898305086,0.1016949152542373,0.0423728813559322,0.11440677966101695,0.025423728813559324,0.038135593220338986,0.1016949152542373,0.05508474576271186,0.0423728813559322,0.029661016949152543,0.05084745762711865,0.029661016949152543,0.03389830508474576,0.05084745762711865,0.05084745762711865,0.0635593220338983,0.012711864406779662,0.05084745762711865,236.0,5.624297904968262,26594.691200000005,1.0,0.0,0.0,0.0,0.0,0.0,0.0,0.0,0.0,0.0,0.0,0.0,0.0,0.0,0.0,0.0,0.0,0.0,0.0,0.0,0.0,0.0,0.0,0.0,0.0,0.0,0.0,0.0,0.0,0.0,0.0,1.0,0.0,0.0,0.0,0.0,1.0,0.0,0.0,0.0,0.0
AvicFP2,0.04310344827586207,0.02586206896551724,0.0603448275862069,0.05172413793103448,0.04310344827586207,0.10344827586206896,0.021551724137931036,0.07758620689655173,0.06896551724137931,0.06896551724137931,0.021551724137931036,0.06896551724137931,0.034482758620689655,0.034482758620689655,0.03017241379310345,0.0603448275862069,0.0603448275862069,0.07327586206896551,0.004310344827586207,0.04741379310344827,232.0,5.959932136535645,25610.779800000015,0.0,0.0,0.0,0.0,0.0,0.0,0.0,0.0,0.0,1.0,0.0,0.0,0.0,0.0,0.0,0.0,0.0,0.0,0.0,0.0,0.0,0.0,0.0,0.0,0.0,0.0,0.0,0.0,0.0,0.0,0.0,0.0,0.0,0.0,0.0,1.0,1.0,0.0,0.0,0.0,0.0
shBFP,0.05726872246696035,0.030837004405286344,0.05286343612334802,0.07048458149779736,0.05726872246696035,0.09251101321585903,0.030837004405286344,0.04405286343612335,0.07048458149779736,0.07929515418502203,0.039647577092511016,0.03524229074889868,0.05726872246696035,0.01762114537444934,0.048458149779735685,0.048458149779735685,0.07048458149779736,0.048458149779735685,0.00881057268722467,0.039647577092511016,227.0,6.654049873352052,25494.95670000001,0.0,0.0,0.0,0.0,0.0,0.0,0.0,0.0,0.0,0.0,0.0,0.0,0.0,0.0,0.0,0.0,0.0,0.0,0.0,1.0,0.0,0.0,0.0,0.0,0.0,0.0,0.0,0.0,0.0,0.0,0.0,0.0,0.0,0.0,1.0,0.0,1.0,0.0,0.0,0.0,0.0
htFuncLib_mid.9,0.024193548387096774,0.012096774193548387,0.07258064516129033,0.07258064516129033,0.05241935483870968,0.09274193548387097,0.06854838709677419,0.05241935483870968,0.07258064516129033,0.08064516129032258,0.024193548387096774,0.04838709677419355,0.04435483870967742,0.028225806451612902,0.028225806451612902,0.04032258064516129,0.06048387096774194,0.07258064516129033,0.008064516129032258,0.04435483870967742,248.0,5.822097587585449,28301.539400000027,0.0,1.0,0.0,0.0,0.0,0.0,0.0,0.0,0.0,0.0,0.0,0.0,0.0,0.0,0.0,0.0,0.0,0.0,0.0,0.0,0.0,0.0,0.0,0.0,0.0,0.0,0.0,0.0,0.0,0.0,0.0,0.0,0.0,0.0,0.0,1.0,1.0,0.0,0.0,0.0,0.0
deGFP1,0.03361344537815126,0.012605042016806723,0.07563025210084033,0.06722689075630252,0.0546218487394958,0.09663865546218488,0.037815126050420166,0.05042016806722689,0.08403361344537816,0.07983193277310924,0.025210084033613446,0.0546218487394958,0.04201680672268908,0.029411764705882353,0.029411764705882353,0.04201680672268908,0.06302521008403361,0.07142857142857142,0.004201680672268907,0.046218487394957986,238.0,5.713876152038575,26850.028700000013,0.0,1.0,0.0,0.0,0.0,0.0,0.0,0.0,0.0,0.0,0.0,0.0,0.0,0.0,0.0,0.0,0.0,0.0,0.0,0.0,0.0,0.0,0.0,0.0,0.0,0.0,0.0,0.0,0.0,0.0,0.0,0.0,0.0,0.0,0.0,1.0,1.0,0.0,0.0,0.0,0.0
eYGFP,0.045662100456621,0.0136986301369863,0.0365296803652968,0.0821917808219178,0.0776255707762557,0.091324200913242,0.0365296803652968,0.0684931506849315,0.0776255707762557,0.0547945205479452,0.0365296803652968,0.0593607305936073,0.045662100456621,0.0182648401826484,0.0319634703196347,0.0639269406392694,0.0684931506849315,0.045662100456621,0.0,0.045662100456621,219.0,6.449997901916503,24725.806700000005,0.0,0.0,1.0,0.0,0.0,0.0,0.0,0.0,0.0,0.0,0.0,0.0,0.0,0.0,0.0,0.0,0.0,0.0,0.0,0.0,0.0,0.0,0.0,0.0,0.0,0.0,0.0,0.0,0.0,0.0,0.0,0.0,1.0,0.0,0.0,0.0,1.0,0.0,0.0,0.0,0.0
eechGFP2,0.044642857142857144,0.017857142857142856,0.07142857142857142,0.06696428571428571,0.05803571428571429,0.09375,0.03125,0.05803571428571429,0.10267857142857142,0.0625,0.03571428571428571,0.049107142857142856,0.049107142857142856,0.026785714285714284,0.03125,0.03125,0.04017857142857143,0.07142857142857142,0.008928571428571428,0.049107142857142856,224.0,6.658142280578614,25501.940300000017,0.0,0.0,0.0,0.0,0.0,0.0,0.0,0.0,0.0,0.0,0.0,0.0,0.0,0.0,0.0,0.0,0.0,1.0,0.0,0.0,0.0,0.0,0.0,0.0,0.0,0.0,0.0,0.0,0.0,0.0,0.0,0.0,0.0,1.0,0.0,0.0,1.0,0.0,0.0,0.0,0.0
d1EosFP,0.05309734513274336,0.01327433628318584,0.0752212389380531,0.061946902654867256,0.061946902654867256,0.09292035398230089,0.048672566371681415,0.048672566371681415,0.084070796460177,0.061946902654867256,0.035398230088495575,0.048672566371681415,0.048672566371681415,0.017699115044247787,0.04424778761061947,0.035398230088495575,0.05752212389380531,0.05309734513274336,0.008849557522123894,0.048672566371681415,226.0,6.593118476867676,25790.920800000018,0.0,0.0,0.0,0.0,0.0,1.0,0.0,0.0,0.0,0.0,0.0,0.0,0.0,0.0,0.0,0.0,0.0,0.0,0.0,0.0,0.0,0.0,0.0,0.0,0.0,0.0,0.0,0.0,0.0,0.0,0.0,0.0,1.0,0.0,0.0,0.0,0.0,0.0,0.0,1.0,0.0
htFuncLib_em-blue-shift.1,0.028225806451612902,0.012096774193548387,0.07258064516129033,0.07258064516129033,0.04838709677419355,0.09274193548387097,0.06854838709677419,0.04838709677419355,0.07258064516129033,0.0846774193548387,0.028225806451612902,0.04838709677419355,0.04838709677419355,0.024193548387096774,0.028225806451612902,0.04032258064516129,0.05241935483870968,0.07661290322580645,0.008064516129032258,0.04435483870967742,248.0,5.822097587585449,28222.54870000003,0.0,0.0,0.0,0.0,1.0,0.0,0.0,0.0,0.0,0.0,0.0,0.0,0.0,0.0,0.0,0.0,0.0,0.0,0.0,0.0,0.0,0.0,0.0,0.0,0.0,0.0,0.0,0.0,0.0,0.0,0.0,0.0,0.0,0.0,0.0,1.0,1.0,0.0,0.0,0.0,0.0
mCyRFP1,0.042735042735042736,0.008547008547008548,0.04700854700854701,0.08974358974358974,0.04700854700854701,0.1111111111111111,0.02564102564102564,0.02564102564102564,0.09829059829059829,0.07692307692307693,0.038461538461538464,0.03418803418803419,0.05128205128205128,0.029914529914529916,0.038461538461538464,0.038461538461538464,0.05555555555555555,0.07692307692307693,0.008547008547008548,0.05555555555555555,234.0,7.0199792861938475,26438.880900000007,1.0,0.0,0.0,0.0,0.0,0.0,0.0,0.0,0.0,0.0,0.0,0.0,0.0,0.0,0.0,0.0,0.0,0.0,0.0,0.0,0.0,0.0,0.0,0.0,0.0,0.0,0.0,0.0,0.0,0.0,0.0,1.0,0.0,0.0,0.0,0.0,1.0,0.0,0.0,0.0,0.0
miRFP670nano,0.08163265306122448,0.013605442176870748,0.061224489795918366,0.061224489795918366,0.04081632653061224,0.04081632653061224,0.013605442176870748,0.061224489795918366,0.034013605442176874,0.09523809523809523,0.02040816326530612,0.02040816326530612,0.013605442176870748,0.10204081632653061,0.06802721088435375,0.027210884353741496,0.061224489795918366,0.11564625850340136,0.027210884353741496,0.04081632653061224,147.0,5.363009071350096,17099.435299999983,0.0,0.0,0.0,0.0,0.0,0.0,1.0,0.0,0.0,0.0,0.0,0.0,0.0,0.0,0.0,0.0,0.0,0.0,0.0,0.0,0.0,0.0,0.0,0.0,0.0,0.0,0.0,0.0,0.0,0.0,0.0,1.0,0.0,0.0,0.0,0.0,1.0,0.0,0.0,0.0,0.0
pmimGFP2,0.04954954954954955,0.009009009009009009,0.03153153153153153,0.06306306306306306,0.04954954954954955,0.1036036036036036,0.04054054054054054,0.05855855855855856,0.06306306306306306,0.04954954954954955,0.04054054054054054,0.06756756756756757,0.04504504504504504,0.018018018018018018,0.04054054054054054,0.04954954954954955,0.08558558558558559,0.05405405405405406,0.0045045045045045045,0.07657657657657657,222.0,8.36491794586182,25105.099600000012,0.0,0.0,1.0,0.0,0.0,0.0,0.0,0.0,0.0,0.0,0.0,0.0,0.0,0.0,0.0,0.0,0.0,0.0,0.0,0.0,0.0,0.0,0.0,0.0,0.0,0.0,0.0,0.0,0.0,0.0,0.0,0.0,0.0,1.0,0.0,0.0,1.0,0.0,0.0,0.0,0.0
AzamiRed1.0,0.03982300884955752,0.01327433628318584,0.06637168141592921,0.06637168141592921,0.05752212389380531,0.09734513274336283,0.02654867256637168,0.03982300884955752,0.09734513274336283,0.05752212389380531,0.03982300884955752,0.035398230088495575,0.05752212389380531,0.030973451327433628,0.03982300884955752,0.035398230088495575,0.05309734513274336,0.0752212389380531,0.008849557522123894,0.061946902654867256,226.0,7.675162315368653,25841.242600000012,1.0,0.0,0.0,0.0,0.0,0.0,0.0,0.0,0.0,0.0,0.0,0.0,0.0,0.0,0.0,0.0,0.0,0.0,0.0,0.0,0.0,0.0,0.0,0.0,0.0,0.0,0.0,0.0,0.0,0.0,0.0,0.0,0.0,1.0,0.0,0.0,1.0,0.0,0.0,0.0,0.0
EosFP,0.05309734513274336,0.01327433628318584,0.0752212389380531,0.061946902654867256,0.061946902654867256,0.09292035398230089,0.048672566371681415,0.048672566371681415,0.084070796460177,0.061946902654867256,0.035398230088495575,0.048672566371681415,0.048672566371681415,0.017699115044247787,0.04424778761061947,0.035398230088495575,0.05309734513274336,0.05752212389380531,0.008849557522123894,0.048672566371681415,226.0,6.593118476867676,25788.94790000002,0.0,0.0,0.0,0.0,0.0,1.0,0.0,0.0,0.0,0.0,0.0,0.0,0.0,0.0,0.0,0.0,0.0,0.0,0.0,0.0,0.0,0.0,0.0,0.0,0.0,0.0,0.0,0.0,0.0,0.0,0.0,0.0,0.0,1.0,0.0,0.0,0.0,0.0,0.0,1.0,0.0
BDFP1.8,0.10526315789473684,0.019736842105263157,0.039473684210526314,0.07236842105263158,0.03289473684210526,0.08552631578947369,0.0,0.05921052631578947,0.05263157894736842,0.09210526315789473,0.039473684210526314,0.039473684210526314,0.03289473684210526,0.019736842105263157,0.06578947368421052,0.039473684210526314,0.05921052631578947,0.10526315789473684,0.0,0.039473684210526314,152.0,7.650607872009279,16582.154199999994,0.0,0.0,0.0,0.0,0.0,0.0,1.0,0.0,0.0,0.0,0.0,0.0,0.0,0.0,0.0,0.0,0.0,0.0,0.0,0.0,0.0,0.0,0.0,0.0,0.0,0.0,0.0,0.0,0.0,0.0,0.0,0.0,1.0,0.0,0.0,0.0,1.0,0.0,0.0,0.0,0.0
mRaspberry,0.04424778761061947,0.004424778761061947,0.05752212389380531,0.10176991150442478,0.03982300884955752,0.11061946902654868,0.022123893805309734,0.035398230088495575,0.10176991150442478,0.05309734513274336,0.048672566371681415,0.017699115044247787,0.05309734513274336,0.030973451327433628,0.03982300884955752,0.05309734513274336,0.05752212389380531,0.06637168141592921,0.01327433628318584,0.048672566371681415,226.0,5.829827690124512,25512.6562,1.0,0.0,0.0,0.0,0.0,0.0,0.0,0.0,0.0,0.0,0.0,0.0,0.0,0.0,0.0,0.0,0.0,0.0,0.0,0.0,0.0,0.0,0.0,0.0,0.0,0.0,0.0,0.0,0.0,0.0,0.0,1.0,0.0,0.0,0.0,0.0,1.0,0.0,0.0,0.0,0.0
GFPxm162,0.029411764705882353,0.012605042016806723,0.06722689075630252,0.07563025210084033,0.06722689075630252,0.1092436974789916,0.046218487394957986,0.06302521008403361,0.07563025210084033,0.07563025210084033,0.03361344537815126,0.0546218487394958,0.04201680672268908,0.025210084033613446,0.03361344537815126,0.029411764705882353,0.0546218487394958,0.058823529411764705,0.004201680672268907,0.04201680672268908,238.0,5.755254936218263,27030.37110000002,0.0,0.0,1.0,0.0,0.0,0.0,0.0,0.0,0.0,0.0,0.0,0.0,0.0,0.0,0.0,0.0,0.0,0.0,0.0,0.0,0.0,0.0,0.0,0.0,0.0,0.0,0.0,0.0,0.0,0.0,0.0,1.0,0.0,0.0,0.0,0.0,1.0,0.0,0.0,0.0,0.0
htFuncLib_sf:thermo.2,0.0321285140562249,0.008032128514056224,0.07228915662650602,0.0642570281124498,0.04819277108433735,0.09236947791164658,0.0642570281124498,0.04819277108433735,0.08032128514056225,0.08032128514056225,0.020080321285140562,0.05220883534136546,0.040160642570281124,0.028112449799196786,0.0321285140562249,0.04417670682730924,0.07228915662650602,0.08032128514056225,0.004016064257028112,0.03614457831325301,249.0,6.228666877746583,28059.270000000026,0.0,1.0,0.0,0.0,0.0,0.0,0.0,0.0,0.0,0.0,0.0,0.0,0.0,0.0,0.0,0.0,0.0,0.0,0.0,0.0,0.0,0.0,0.0,0.0,0.0,0.0,0.0,0.0,0.0,0.0,0.0,0.0,0.0,0.0,0.0,1.0,1.0,0.0,0.0,0.0,0.0
pcDronpa2,0.05357142857142857,0.013392857142857142,0.07142857142857142,0.06696428571428571,0.049107142857142856,0.09375,0.044642857142857144,0.05357142857142857,0.08928571428571429,0.05803571428571429,0.03125,0.044642857142857144,0.05357142857142857,0.022321428571428572,0.03571428571428571,0.049107142857142856,0.03571428571428571,0.07142857142857142,0.008928571428571428,0.05357142857142857,224.0,6.360590171813963,25337.443000000017,0.0,0.0,0.0,0.0,0.0,1.0,0.0,0.0,0.0,0.0,0.0,0.0,0.0,0.0,0.0,0.0,0.0,0.0,0.0,0.0,0.0,0.0,0.0,0.0,0.0,0.0,0.0,0.0,0.0,0.0,0.0,0.0,0.0,1.0,0.0,0.0,0.0,0.0,0.0,0.0,1.0
cjFP510,0.03524229074889868,0.030837004405286344,0.04405286343612335,0.07488986784140969,0.07929515418502203,0.09251101321585903,0.022026431718061675,0.05726872246696035,0.08370044052863436,0.06167400881057269,0.03524229074889868,0.048458149779735685,0.07048458149779736,0.02643171806167401,0.05286343612334802,0.05286343612334802,0.05726872246696035,0.048458149779735685,0.00881057268722467,0.01762114537444934,227.0,8.629302787780762,25654.257200000007,0.0,0.0,0.0,0.0,0.0,0.0,0.0,0.0,0.0,1.0,0.0,0.0,0.0,0.0,0.0,0.0,0.0,0.0,0.0,0.0,0.0,0.0,0.0,0.0,0.0,0.0,0.0,0.0,0.0,0.0,0.0,0.0,0.0,0.0,0.0,1.0,1.0,0.0,0.0,0.0,0.0
LSSmCherry1,0.038135593220338986,0.00423728813559322,0.0635593220338983,0.1059322033898305,0.0423728813559322,0.1059322033898305,0.025423728813559324,0.038135593220338986,0.08898305084745763,0.0635593220338983,0.0423728813559322,0.029661016949152543,0.05084745762711865,0.029661016949152543,0.038135593220338986,0.05508474576271186,0.05508474576271186,0.0635593220338983,0.00847457627118644,0.05084745762711865,236.0,5.19271945953369,26685.73240000001,1.0,0.0,0.0,0.0,0.0,0.0,0.0,0.0,0.0,0.0,0.0,0.0,0.0,0.0,0.0,0.0,0.0,0.0,0.0,0.0,0.0,0.0,0.0,0.0,0.0,0.0,0.0,0.0,0.0,0.0,0.0,1.0,0.0,0.0,0.0,0.0,1.0,0.0,0.0,0.0,0.0
DsRed-NF,0.02666666666666667,0.008888888888888889,0.05333333333333334,0.08444444444444445,0.057777777777777775,0.09777777777777778,0.035555555555555556,0.04,0.09777777777777778,0.06222222222222222,0.035555555555555556,0.03111111111111111,0.05333333333333334,0.03111111111111111,0.04,0.044444444444444446,0.044444444444444446,0.08444444444444445,0.013333333333333334,0.057777777777777775,225.0,7.095745658874511,25934.327700000016,0.0,0.0,0.0,1.0,0.0,0.0,0.0,0.0,0.0,0.0,0.0,0.0,0.0,0.0,0.0,0.0,0.0,0.0,0.0,0.0,0.0,0.0,0.0,0.0,0.0,0.0,0.0,0.0,0.0,0.0,0.0,0.0,0.0,0.0,0.0,1.0,1.0,0.0,0.0,0.0,0.0
mMaple,0.03375527426160337,0.008438818565400843,0.07172995780590717,0.08016877637130802,0.05063291139240506,0.08016877637130802,0.03375527426160337,0.06329113924050633,0.10126582278481013,0.05063291139240506,0.04219409282700422,0.0379746835443038,0.046413502109704644,0.016877637130801686,0.0379746835443038,0.05063291139240506,0.05907172995780591,0.07172995780590717,0.008438818565400843,0.05485232067510549,237.0,6.257200050354004,27245.760500000026,0.0,0.0,0.0,0.0,0.0,1.0,0.0,0.0,0.0,0.0,0.0,0.0,0.0,0.0,0.0,0.0,0.0,0.0,0.0,0.0,0.0,0.0,0.0,0.0,0.0,0.0,0.0,0.0,0.0,0.0,0.0,1.0,0.0,0.0,0.0,0.0,0.0,0.0,0.0,1.0,0.0
mKeima,0.036036036036036036,0.018018018018018018,0.04954954954954955,0.07207207207207207,0.04504504504504504,0.0990990990990991,0.02252252252252252,0.04954954954954955,0.07657657657657657,0.05405405405405406,0.036036036036036036,0.04054054054054054,0.06306306306306306,0.04054054054054054,0.036036036036036036,0.06756756756756757,0.05855855855855856,0.06306306306306306,0.013513513513513514,0.05855855855855856,222.0,6.224119758605957,25052.09060000001,0.0,0.0,0.0,1.0,0.0,0.0,0.0,0.0,0.0,0.0,0.0,0.0,0.0,0.0,0.0,0.0,0.0,0.0,0.0,0.0,0.0,0.0,0.0,0.0,0.0,0.0,0.0,0.0,0.0,0.0,0.0,1.0,0.0,0.0,0.0,0.0,1.0,0.0,0.0,0.0,0.0
H9,0.03361344537815126,0.008403361344537815,0.07563025210084033,0.06722689075630252,0.058823529411764705,0.09243697478991597,0.04201680672268908,0.0546218487394958,0.08403361344537816,0.07983193277310924,0.025210084033613446,0.0546218487394958,0.04201680672268908,0.03361344537815126,0.025210084033613446,0.04201680672268908,0.058823529411764705,0.07142857142857142,0.004201680672268907,0.046218487394957986,238.0,5.6704511642456055,26958.144800000016,0.0,0.0,0.0,0.0,1.0,0.0,0.0,0.0,0.0,0.0,0.0,0.0,0.0,0.0,0.0,0.0,0.0,0.0,0.0,0.0,0.0,0.0,0.0,0.0,0.0,0.0,0.0,0.0,0.0,0.0,0.0,0.0,0.0,0.0,0.0,1.0,1.0,0.0,0.0,0.0,0.0
GFPmut2,0.04201680672268908,0.008403361344537815,0.07563025210084033,0.06722689075630252,0.0546218487394958,0.09243697478991597,0.04201680672268908,0.05042016806722689,0.08403361344537816,0.08403361344537816,0.025210084033613446,0.0546218487394958,0.04201680672268908,0.03361344537815126,0.025210084033613446,0.037815126050420166,0.06302521008403361,0.06722689075630252,0.004201680672268907,0.046218487394957986,238.0,5.6704511642456055,26868.022400000016,0.0,0.0,0.0,0.0,0.0,0.0,0.0,0.0,0.0,1.0,0.0,0.0,0.0,0.0,0.0,0.0,0.0,0.0,0.0,0.0,0.0,0.0,0.0,0.0,0.0,0.0,0.0,0.0,0.0,0.0,0.0,0.0,0.0,0.0,1.0,0.0,1.0,0.0,0.0,0.0,0.0
OFP,0.03153153153153153,0.009009009009009009,0.05405405405405406,0.05405405405405406,0.06306306306306306,0.0990990990990991,0.02702702702702703,0.02702702702702703,0.07657657657657657,0.04954954954954955,0.036036036036036036,0.06756756756756757,0.05855855855855856,0.02252252252252252,0.02702702702702703,0.05405405405405406,0.06756756756756757,0.0945945945945946,0.009009009009009009,0.07207207207207207,222.0,6.59118595123291,25121.06200000001,0.0,0.0,0.0,1.0,0.0,0.0,0.0,0.0,0.0,0.0,0.0,0.0,0.0,0.0,0.0,0.0,0.0,0.0,0.0,0.0,0.0,0.0,0.0,0.0,0.0,0.0,0.0,0.0,0.0,0.0,0.0,0.0,0.0,1.0,0.0,0.0,1.0,0.0,0.0,0.0,0.0
bfloGFPc1,0.06481481481481481,0.004629629629629629,0.06018518518518518,0.041666666666666664,0.06018518518518518,0.10185185185185185,0.037037037037037035,0.046296296296296294,0.06018518518518518,0.05092592592592592,0.018518518518518517,0.032407407407407406,0.06481481481481481,0.032407407407407406,0.023148148148148147,0.06944444444444445,0.08796296296296297,0.08333333333333333,0.013888888888888888,0.046296296296296294,216.0,6.048657798767089,23645.26410000002,0.0,0.0,1.0,0.0,0.0,0.0,0.0,0.0,0.0,0.0,0.0,0.0,0.0,0.0,0.0,0.0,0.0,0.0,0.0,0.0,0.0,0.0,0.0,0.0,0.0,0.0,0.0,0.0,0.0,0.0,0.0,0.0,1.0,0.0,0.0,0.0,1.0,0.0,0.0,0.0,0.0
htFuncLib_bleach.2,0.03225806451612903,0.012096774193548387,0.07258064516129033,0.07258064516129033,0.04838709677419355,0.09274193548387097,0.06854838709677419,0.04838709677419355,0.07258064516129033,0.08870967741935484,0.028225806451612902,0.04838709677419355,0.04435483870967742,0.028225806451612902,0.028225806451612902,0.04032258064516129,0.06048387096774194,0.06048387096774194,0.008064516129032258,0.04435483870967742,248.0,5.822097587585449,28243.482000000025,0.0,0.0,0.0,0.0,1.0,0.0,0.0,0.0,0.0,0.0,0.0,0.0,0.0,0.0,0.0,0.0,0.0,0.0,0.0,0.0,0.0,0.0,0.0,0.0,0.0,0.0,0.0,0.0,0.0,0.0,0.0,0.0,0.0,0.0,0.0,1.0,1.0,0.0,0.0,0.0,0.0
"pHluorin, ecliptic",0.03361344537815126,0.008403361344537815,0.07983193277310924,0.06722689075630252,0.058823529411764705,0.09663865546218488,0.04201680672268908,0.05042016806722689,0.08403361344537816,0.07983193277310924,0.025210084033613446,0.05042016806722689,0.04201680672268908,0.029411764705882353,0.029411764705882353,0.03361344537815126,0.07142857142857142,0.06722689075630252,0.004201680672268907,0.046218487394957986,238.0,5.673349952697754,26961.105900000013,0.0,0.0,0.0,0.0,1.0,0.0,0.0,0.0,0.0,0.0,0.0,0.0,0.0,0.0,0.0,0.0,0.0,0.0,0.0,0.0,0.0,0.0,0.0,0.0,0.0,0.0,0.0,0.0,0.0,0.0,0.0,0.0,0.0,0.0,0.0,1.0,0.0,0.0,0.0,0.0,1.0
mEos4Fast2,0.05726872246696035,0.00881057268722467,0.07488986784140969,0.06167400881057269,0.05726872246696035,0.09251101321585903,0.039647577092511016,0.04405286343612335,0.0881057268722467,0.05726872246696035,0.039647577092511016,0.05286343612334802,0.048458149779735685,0.022026431718061675,0.048458149779735685,0.030837004405286344,0.05286343612334802,0.06167400881057269,0.00881057268722467,0.05286343612334802,227.0,7.127348136901856,25942.12800000002,0.0,0.0,0.0,0.0,0.0,1.0,0.0,0.0,0.0,0.0,0.0,0.0,0.0,0.0,0.0,0.0,0.0,0.0,0.0,0.0,0.0,0.0,0.0,0.0,0.0,0.0,0.0,0.0,0.0,0.0,0.0,1.0,0.0,0.0,0.0,0.0,0.0,0.0,0.0,1.0,0.0
dimer2,0.035398230088495575,0.0,0.05752212389380531,0.08849557522123894,0.05309734513274336,0.09734513274336283,0.030973451327433628,0.03982300884955752,0.09292035398230089,0.06637168141592921,0.030973451327433628,0.017699115044247787,0.05752212389380531,0.03982300884955752,0.03982300884955752,0.048672566371681415,0.05752212389380531,0.0752212389380531,0.01327433628318584,0.05752212389380531,226.0,6.186833381652832,25887.06810000001,0.0,0.0,0.0,1.0,0.0,0.0,0.0,0.0,0.0,0.0,0.0,0.0,0.0,0.0,0.0,0.0,0.0,0.0,0.0,0.0,0.0,0.0,0.0,0.0,0.0,0.0,0.0,0.0,0.0,0.0,0.0,0.0,1.0,0.0,0.0,0.0,1.0,0.0,0.0,0.0,0.0
GFP (S65T),0.03361344537815126,0.008403361344537815,0.07563025210084033,0.06722689075630252,0.0546218487394958,0.09243697478991597,0.04201680672268908,0.05042016806722689,0.08403361344537816,0.07983193277310924,0.025210084033613446,0.0546218487394958,0.04201680672268908,0.03361344537815126,0.025210084033613446,0.04201680672268908,0.06722689075630252,0.07142857142857142,0.004201680672268907,0.046218487394957986,238.0,5.6704511642456055,26900.021200000017,0.0,1.0,0.0,0.0,0.0,0.0,0.0,0.0,0.0,0.0,0.0,0.0,0.0,0.0,0.0,0.0,0.0,0.0,0.0,0.0,0.0,0.0,0.0,0.0,0.0,0.0,0.0,0.0,0.0,0.0,0.0,0.0,1.0,0.0,0.0,0.0,1.0,0.0,0.0,0.0,0.0
amilGFP,0.05194805194805195,0.012987012987012988,0.04329004329004329,0.06493506493506493,0.06926406926406926,0.08658008658008658,0.047619047619047616,0.04329004329004329,0.09090909090909091,0.05194805194805195,0.04329004329004329,0.030303030303030304,0.05627705627705628,0.030303030303030304,0.025974025974025976,0.06926406926406926,0.05627705627705628,0.07792207792207792,0.008658008658008658,0.03896103896103896,231.0,8.306251716613772,25993.50590000001,0.0,0.0,0.0,1.0,0.0,0.0,0.0,0.0,0.0,0.0,0.0,0.0,0.0,0.0,0.0,0.0,0.0,0.0,0.0,0.0,0.0,0.0,0.0,0.0,0.0,0.0,0.0,0.0,0.0,0.0,0.0,0.0,0.0,0.0,0.0,1.0,1.0,0.0,0.0,0.0,0.0
miRFP703,0.07936507936507936,0.02857142857142857,0.04126984126984127,0.06031746031746032,0.031746031746031744,0.08571428571428572,0.044444444444444446,0.050793650793650794,0.012698412698412698,0.13015873015873017,0.025396825396825397,0.015873015873015872,0.06349206349206349,0.031746031746031744,0.07936507936507936,0.06984126984126984,0.0380952380952381,0.08253968253968254,0.0031746031746031746,0.025396825396825397,315.0,6.528663063049316,34513.56520000001,0.0,0.0,0.0,0.0,0.0,0.0,1.0,0.0,0.0,0.0,0.0,0.0,0.0,0.0,0.0,0.0,0.0,0.0,0.0,0.0,0.0,0.0,0.0,0.0,0.0,0.0,0.0,0.0,0.0,0.0,0.0,1.0,0.0,0.0,0.0,0.0,1.0,0.0,0.0,0.0,0.0
TagRFP658,0.04291845493562232,0.017167381974248927,0.04291845493562232,0.0815450643776824,0.04291845493562232,0.09871244635193133,0.04291845493562232,0.04291845493562232,0.07296137339055794,0.0815450643776824,0.034334763948497854,0.04291845493562232,0.04721030042918455,0.030042918454935622,0.034334763948497854,0.034334763948497854,0.08583690987124463,0.060085836909871244,0.012875536480686695,0.05150214592274678,233.0,6.202520942687988,26389.70600000002,1.0,0.0,0.0,0.0,0.0,0.0,0.0,0.0,0.0,0.0,0.0,0.0,0.0,0.0,0.0,0.0,0.0,0.0,0.0,0.0,0.0,0.0,0.0,0.0,0.0,0.0,0.0,0.0,0.0,0.0,0.0,1.0,0.0,0.0,0.0,0.0,1.0,0.0,0.0,0.0,0.0
mClover3,0.03765690376569038,0.012552301255230125,0.07531380753138076,0.06694560669456066,0.05439330543933055,0.09205020920502092,0.04602510460251046,0.04602510460251046,0.08786610878661087,0.0794979079497908,0.02092050209205021,0.0502092050209205,0.04184100418410042,0.029288702928870293,0.029288702928870293,0.04184100418410042,0.06694560669456066,0.07531380753138076,0.0041841004184100415,0.04184100418410042,239.0,5.989772605895996,26945.11170000002,0.0,0.0,1.0,0.0,0.0,0.0,0.0,0.0,0.0,0.0,0.0,0.0,0.0,0.0,0.0,0.0,0.0,0.0,0.0,0.0,0.0,0.0,0.0,0.0,0.0,0.0,0.0,0.0,0.0,0.0,0.0,1.0,0.0,0.0,0.0,0.0,1.0,0.0,0.0,0.0,0.0
htFuncLib_basic.2,0.028225806451612902,0.012096774193548387,0.07258064516129033,0.07258064516129033,0.04838709677419355,0.09274193548387097,0.06854838709677419,0.05241935483870968,0.07258064516129033,0.08064516129032258,0.024193548387096774,0.04838709677419355,0.04435483870967742,0.028225806451612902,0.028225806451612902,0.036290322580645164,0.06451612903225806,0.07258064516129033,0.008064516129032258,0.04435483870967742,248.0,5.822097587585449,28239.470100000028,0.0,1.0,0.0,0.0,0.0,0.0,0.0,0.0,0.0,0.0,0.0,0.0,0.0,0.0,0.0,0.0,0.0,0.0,0.0,0.0,0.0,0.0,0.0,0.0,0.0,0.0,0.0,0.0,0.0,0.0,0.0,0.0,0.0,0.0,0.0,1.0,1.0,0.0,0.0,0.0,0.0
PSLSSmKate,0.04291845493562232,0.017167381974248927,0.04291845493562232,0.0815450643776824,0.04291845493562232,0.09871244635193133,0.030042918454935622,0.03862660944206009,0.08583690987124463,0.0815450643776824,0.034334763948497854,0.04291845493562232,0.04291845493562232,0.030042918454935622,0.03862660944206009,0.05150214592274678,0.07725321888412018,0.06437768240343347,0.008583690987124463,0.04721030042918455,233.0,7.04953556060791,26204.56720000002,1.0,0.0,0.0,0.0,0.0,0.0,0.0,0.0,0.0,0.0,0.0,0.0,0.0,0.0,0.0,0.0,0.0,0.0,0.0,0.0,0.0,0.0,0.0,0.0,0.0,0.0,0.0,0.0,0.0,0.0,0.0,1.0,0.0,0.0,0.0,0.0,0.0,1.0,0.0,0.0,0.0
ccalRFP1,0.049773755656108594,0.027149321266968326,0.04524886877828054,0.06787330316742081,0.058823529411764705,0.09049773755656108,0.049773755656108594,0.049773755656108594,0.08597285067873303,0.07239819004524888,0.04072398190045249,0.03167420814479638,0.05429864253393665,0.03167420814479638,0.03619909502262444,0.05429864253393665,0.049773755656108594,0.06787330316742081,0.00904977375565611,0.027149321266968326,221.0,8.16957874298096,24846.409300000014,0.0,1.0,0.0,0.0,0.0,0.0,0.0,0.0,0.0,0.0,0.0,0.0,0.0,0.0,0.0,0.0,0.0,0.0,0.0,0.0,0.0,0.0,0.0,0.0,0.0,0.0,0.0,0.0,0.0,0.0,0.0,0.0,0.0,1.0,0.0,0.0,1.0,0.0,0.0,0.0,0.0
SAASoti,0.05405405405405406,0.02252252252252252,0.05855855855855856,0.06306306306306306,0.06306306306306306,0.08108108108108109,0.04504504504504504,0.06306306306306306,0.07657657657657657,0.05405405405405406,0.04054054054054054,0.036036036036036036,0.04504504504504504,0.036036036036036036,0.02702702702702703,0.05405405405405406,0.06756756756756757,0.05855855855855856,0.009009009009009009,0.04504504504504504,222.0,6.192176246643067,25151.398600000008,0.0,0.0,0.0,0.0,0.0,1.0,0.0,0.0,0.0,0.0,0.0,0.0,0.0,0.0,0.0,0.0,0.0,0.0,0.0,0.0,0.0,0.0,0.0,0.0,0.0,0.0,0.0,0.0,0.0,0.0,0.0,0.0,0.0,1.0,0.0,0.0,0.0,0.0,0.0,1.0,0.0
mRed7Q1S1,0.03879310344827586,0.0,0.0603448275862069,0.09482758620689655,0.05172413793103448,0.10775862068965517,0.02586206896551724,0.03017241379310345,0.09051724137931035,0.0603448275862069,0.04310344827586207,0.021551724137931036,0.0603448275862069,0.034482758620689655,0.034482758620689655,0.04741379310344827,0.06465517241379311,0.06896551724137931,0.01293103448275862,0.05172413793103448,232.0,5.469525337219238,26286.3977,1.0,0.0,0.0,0.0,0.0,0.0,0.0,0.0,0.0,0.0,0.0,0.0,0.0,0.0,0.0,0.0,0.0,0.0,0.0,0.0,0.0,0.0,0.0,0.0,0.0,0.0,0.0,0.0,0.0,0.0,0.0,1.0,0.0,0.0,0.0,0.0,1.0,0.0,0.0,0.0,0.0
Montipora sp. #20-9115,0.03153153153153153,0.018018018018018018,0.04954954954954955,0.06306306306306306,0.04504504504504504,0.0990990990990991,0.02252252252252252,0.04954954954954955,0.07657657657657657,0.05405405405405406,0.036036036036036036,0.04054054054054054,0.06306306306306306,0.036036036036036036,0.03153153153153153,0.07207207207207207,0.05855855855855856,0.07657657657657657,0.013513513513513514,0.06306306306306306,222.0,6.521160316467285,24986.113300000008,0.0,0.0,0.0,1.0,0.0,0.0,0.0,0.0,0.0,0.0,0.0,0.0,0.0,0.0,0.0,0.0,0.0,0.0,0.0,0.0,0.0,0.0,0.0,0.0,0.0,0.0,0.0,0.0,0.0,0.0,0.0,0.0,0.0,0.0,0.0,1.0,1.0,0.0,0.0,0.0,0.0
YFP3,0.037815126050420166,0.008403361344537815,0.07142857142857142,0.07142857142857142,0.0546218487394958,0.09663865546218488,0.037815126050420166,0.046218487394957986,0.08403361344537816,0.09663865546218488,0.025210084033613446,0.058823529411764705,0.04201680672268908,0.029411764705882353,0.029411764705882353,0.03361344537815126,0.058823529411764705,0.06302521008403361,0.004201680672268907,0.05042016806722689,238.0,5.717968559265137,26975.218400000016,0.0,0.0,1.0,0.0,0.0,0.0,0.0,0.0,0.0,0.0,0.0,0.0,0.0,0.0,0.0,0.0,0.0,0.0,0.0,0.0,0.0,0.0,0.0,0.0,0.0,0.0,0.0,0.0,0.0,0.0,0.0,0.0,0.0,0.0,0.0,1.0,1.0,0.0,0.0,0.0,0.0
"pHluorin, ratiometric",0.037815126050420166,0.008403361344537815,0.07983193277310924,0.06722689075630252,0.0546218487394958,0.09663865546218488,0.05042016806722689,0.046218487394957986,0.07983193277310924,0.08403361344537816,0.025210084033613446,0.046218487394957986,0.04201680672268908,0.03361344537815126,0.025210084033613446,0.03361344537815126,0.06722689075630252,0.07142857142857142,0.004201680672268907,0.046218487394957986,238.0,5.601789665222167,26886.98430000001,0.0,0.0,0.0,0.0,1.0,0.0,0.0,0.0,0.0,0.0,0.0,0.0,0.0,0.0,0.0,0.0,0.0,0.0,0.0,0.0,0.0,0.0,0.0,0.0,0.0,0.0,0.0,0.0,0.0,0.0,0.0,0.0,0.0,0.0,0.0,1.0,0.0,0.0,0.0,0.0,1.0
mScarlet-2A,0.04741379310344827,0.0,0.06465517241379311,0.08620689655172414,0.04741379310344827,0.09913793103448276,0.021551724137931036,0.034482758620689655,0.09482758620689655,0.05603448275862069,0.04741379310344827,0.021551724137931036,0.05603448275862069,0.03017241379310345,0.04741379310344827,0.05172413793103448,0.06465517241379311,0.06465517241379311,0.01293103448275862,0.05172413793103448,232.0,6.249469947814942,26377.624500000005,1.0,0.0,0.0,0.0,0.0,0.0,0.0,0.0,0.0,0.0,0.0,0.0,0.0,0.0,0.0,0.0,0.0,0.0,0.0,0.0,0.0,0.0,0.0,0.0,0.0,0.0,0.0,0.0,0.0,0.0,0.0,1.0,0.0,0.0,0.0,0.0,1.0,0.0,0.0,0.0,0.0
DsRed.T4,0.03111111111111111,0.0044444444444444444,0.057777777777777775,0.08888888888888889,0.057777777777777775,0.09777777777777778,0.03111111111111111,0.044444444444444446,0.09777777777777778,0.06222222222222222,0.03111111111111111,0.017777777777777778,0.057777777777777775,0.035555555555555556,0.035555555555555556,0.057777777777777775,0.04,0.08,0.013333333333333334,0.057777777777777775,225.0,6.186492347717285,25779.034300000014,0.0,0.0,0.0,1.0,0.0,0.0,0.0,0.0,0.0,0.0,0.0,0.0,0.0,0.0,0.0,0.0,0.0,0.0,0.0,0.0,0.0,0.0,0.0,0.0,0.0,0.0,0.0,0.0,0.0,0.0,0.0,0.0,0.0,1.0,0.0,0.0,1.0,0.0,0.0,0.0,0.0
TagRFP-T,0.040983606557377046,0.01639344262295082,0.045081967213114756,0.08196721311475409,0.045081967213114756,0.10245901639344263,0.03278688524590164,0.036885245901639344,0.0860655737704918,0.0778688524590164,0.045081967213114756,0.045081967213114756,0.045081967213114756,0.028688524590163935,0.036885245901639344,0.036885245901639344,0.0778688524590164,0.06147540983606557,0.00819672131147541,0.04918032786885246,244.0,6.714015007019043,27583.207600000016,1.0,0.0,0.0,0.0,0.0,0.0,0.0,0.0,0.0,0.0,0.0,0.0,0.0,0.0,0.0,0.0,0.0,0.0,0.0,0.0,0.0,0.0,0.0,0.0,0.0,0.0,0.0,0.0,0.0,0.0,0.0,1.0,0.0,0.0,0.0,0.0,1.0,0.0,0.0,0.0,0.0
eqFP611,0.03463203463203463,0.017316017316017316,0.047619047619047616,0.0735930735930736,0.0735930735930736,0.10822510822510822,0.025974025974025976,0.021645021645021644,0.0735930735930736,0.06060606060606061,0.06060606060606061,0.03896103896103896,0.04329004329004329,0.030303030303030304,0.03896103896103896,0.05627705627705628,0.06926406926406926,0.07792207792207792,0.008658008658008658,0.03896103896103896,231.0,6.315573692321778,26052.504900000004,1.0,0.0,0.0,0.0,0.0,0.0,0.0,0.0,0.0,0.0,0.0,0.0,0.0,0.0,0.0,0.0,0.0,0.0,0.0,0.0,0.0,0.0,0.0,0.0,0.0,0.0,0.0,0.0,0.0,0.0,0.0,0.0,0.0,1.0,0.0,0.0,1.0,0.0,0.0,0.0,0.0
afraGFP,0.061946902654867256,0.008849557522123894,0.05752212389380531,0.05752212389380531,0.061946902654867256,0.084070796460177,0.04424778761061947,0.048672566371681415,0.07964601769911504,0.05309734513274336,0.04424778761061947,0.03982300884955752,0.061946902654867256,0.022123893805309734,0.04424778761061947,0.035398230088495575,0.061946902654867256,0.0752212389380531,0.008849557522123894,0.048672566371681415,226.0,8.385354423522951,25685.161200000013,1.0,0.0,0.0,0.0,0.0,0.0,0.0,0.0,0.0,0.0,0.0,0.0,0.0,0.0,0.0,0.0,0.0,0.0,0.0,0.0,0.0,0.0,0.0,0.0,0.0,0.0,0.0,0.0,0.0,0.0,0.0,0.0,0.0,1.0,0.0,0.0,1.0,0.0,0.0,0.0,0.0
miRFP713,0.11708860759493671,0.015822784810126583,0.056962025316455694,0.06329113924050633,0.03481012658227848,0.06962025316455696,0.03164556962025317,0.07911392405063292,0.012658227848101266,0.09177215189873418,0.02531645569620253,0.022151898734177215,0.06645569620253164,0.03164556962025317,0.08544303797468354,0.05063291139240506,0.05379746835443038,0.06645569620253164,0.006329113924050633,0.0189873417721519,316.0,5.8250532150268555,34617.32270000002,0.0,0.0,0.0,0.0,0.0,0.0,1.0,0.0,0.0,0.0,0.0,0.0,0.0,0.0,0.0,0.0,0.0,0.0,0.0,0.0,0.0,0.0,0.0,0.0,0.0,0.0,0.0,0.0,0.0,0.0,0.0,1.0,0.0,0.0,0.0,0.0,1.0,0.0,0.0,0.0,0.0
dendFP,0.03111111111111111,0.013333333333333334,0.057777777777777775,0.07111111111111111,0.04888888888888889,0.08444444444444445,0.035555555555555556,0.044444444444444446,0.08,0.08444444444444445,0.03111111111111111,0.057777777777777775,0.057777777777777775,0.02666666666666667,0.035555555555555556,0.044444444444444446,0.057777777777777775,0.06666666666666667,0.013333333333333334,0.057777777777777775,225.0,6.2436723709106445,25810.056400000016,0.0,0.0,0.0,0.0,0.0,1.0,0.0,0.0,0.0,0.0,0.0,0.0,0.0,0.0,0.0,0.0,0.0,0.0,0.0,0.0,0.0,0.0,0.0,0.0,0.0,0.0,0.0,0.0,0.0,0.0,0.0,0.0,0.0,1.0,0.0,0.0,0.0,0.0,0.0,1.0,0.0
LSSmOrange,0.038135593220338986,0.0,0.059322033898305086,0.1016949152542373,0.046610169491525424,0.1059322033898305,0.0211864406779661,0.0423728813559322,0.1016949152542373,0.059322033898305086,0.0423728813559322,0.025423728813559324,0.05084745762711865,0.029661016949152543,0.038135593220338986,0.05508474576271186,0.05508474576271186,0.06779661016949153,0.00847457627118644,0.05084745762711865,236.0,5.671474266052246,26717.967900000007,0.0,1.0,0.0,0.0,0.0,0.0,0.0,0.0,0.0,0.0,0.0,0.0,0.0,0.0,0.0,0.0,0.0,0.0,0.0,0.0,0.0,0.0,0.0,0.0,0.0,0.0,0.0,0.0,0.0,0.0,0.0,1.0,0.0,0.0,0.0,0.0,1.0,0.0,0.0,0.0,0.0
rsCherry,0.046610169491525424,0.0,0.059322033898305086,0.09745762711864407,0.046610169491525424,0.1059322033898305,0.025423728813559324,0.038135593220338986,0.09745762711864407,0.05508474576271186,0.0423728813559322,0.029661016949152543,0.05084745762711865,0.03389830508474576,0.03389830508474576,0.05508474576271186,0.05084745762711865,0.0635593220338983,0.01694915254237288,0.05084745762711865,236.0,5.615317344665528,26771.892500000005,1.0,0.0,0.0,0.0,0.0,0.0,0.0,0.0,0.0,0.0,0.0,0.0,0.0,0.0,0.0,0.0,0.0,0.0,0.0,0.0,0.0,0.0,0.0,0.0,0.0,0.0,0.0,0.0,0.0,0.0,0.0,1.0,0.0,0.0,0.0,0.0,0.0,1.0,0.0,0.0,0.0
mAzamiGreen,0.04888888888888889,0.017777777777777778,0.07111111111111111,0.057777777777777775,0.04888888888888889,0.08,0.02666666666666667,0.04888888888888889,0.09333333333333334,0.06222222222222222,0.04,0.04888888888888889,0.05333333333333334,0.03111111111111111,0.044444444444444446,0.03111111111111111,0.06666666666666667,0.057777777777777775,0.008888888888888889,0.06222222222222222,225.0,8.201490592956542,25853.237100000013,0.0,0.0,0.0,1.0,0.0,0.0,0.0,0.0,0.0,0.0,0.0,0.0,0.0,0.0,0.0,0.0,0.0,0.0,0.0,0.0,0.0,0.0,0.0,0.0,0.0,0.0,0.0,0.0,0.0,0.0,0.0,0.0,0.0,0.0,0.0,1.0,1.0,0.0,0.0,0.0,0.0
AausFP4,0.0603448275862069,0.017241379310344827,0.04741379310344827,0.07327586206896551,0.05603448275862069,0.09913793103448276,0.02586206896551724,0.07327586206896551,0.0603448275862069,0.07327586206896551,0.02586206896551724,0.05603448275862069,0.03017241379310345,0.03017241379310345,0.03879310344827586,0.05172413793103448,0.07758620689655173,0.06896551724137931,0.004310344827586207,0.03017241379310345,232.0,5.706430244445801,25608.83060000002,0.0,0.0,0.0,0.0,0.0,0.0,0.0,0.0,0.0,1.0,0.0,0.0,0.0,0.0,0.0,0.0,0.0,0.0,0.0,0.0,0.0,0.0,0.0,0.0,0.0,0.0,0.0,0.0,0.0,0.0,0.0,0.0,1.0,0.0,0.0,0.0,0.0,1.0,0.0,0.0,0.0
anm1GFP1,0.04198473282442748,0.022900763358778626,0.05725190839694656,0.07251908396946564,0.03816793893129771,0.08396946564885496,0.022900763358778626,0.07633587786259542,0.07251908396946564,0.04198473282442748,0.015267175572519083,0.05725190839694656,0.04580152671755725,0.030534351145038167,0.04580152671755725,0.061068702290076333,0.08015267175572519,0.08396946564885496,0.003816793893129771,0.04580152671755725,262.0,6.103336906433104,29233.624700000044,0.0,0.0,0.0,0.0,1.0,0.0,0.0,0.0,0.0,0.0,0.0,0.0,0.0,0.0,0.0,0.0,0.0,0.0,0.0,0.0,0.0,0.0,0.0,0.0,0.0,0.0,0.0,0.0,0.0,0.0,0.0,0.0,1.0,0.0,0.0,0.0,1.0,0.0,0.0,0.0,0.0
mKalama1,0.03347280334728033,0.008368200836820083,0.07531380753138076,0.06276150627615062,0.0502092050209205,0.100418410041841,0.03347280334728033,0.04184100418410042,0.08368200836820083,0.0794979079497908,0.029288702928870293,0.0502092050209205,0.04184100418410042,0.03347280334728033,0.03765690376569038,0.04184100418410042,0.06276150627615062,0.09205020920502092,0.0041841004184100415,0.03765690376569038,239.0,6.070142936706542,26791.09740000001,0.0,0.0,0.0,0.0,1.0,0.0,0.0,0.0,0.0,0.0,0.0,0.0,0.0,0.0,0.0,0.0,0.0,0.0,0.0,0.0,0.0,0.0,0.0,0.0,0.0,0.0,0.0,0.0,0.0,0.0,0.0,1.0,0.0,0.0,0.0,0.0,1.0,0.0,0.0,0.0,0.0
mBaoJin-T55S,0.03418803418803419,0.017094017094017096,0.05128205128205128,0.07692307692307693,0.038461538461538464,0.09401709401709402,0.05128205128205128,0.03418803418803419,0.08974358974358974,0.05982905982905983,0.03418803418803419,0.042735042735042736,0.05982905982905983,0.042735042735042736,0.021367521367521368,0.06837606837606838,0.05982905982905983,0.05128205128205128,0.01282051282051282,0.05982905982905983,234.0,6.303182792663575,26564.50600000002,0.0,0.0,1.0,0.0,0.0,0.0,0.0,0.0,0.0,0.0,0.0,0.0,0.0,0.0,0.0,0.0,0.0,0.0,0.0,0.0,0.0,0.0,0.0,0.0,0.0,0.0,0.0,0.0,0.0,0.0,0.0,1.0,0.0,0.0,0.0,0.0,1.0,0.0,0.0,0.0,0.0
plamGFP,0.043478260869565216,0.013043478260869565,0.06956521739130435,0.06956521739130435,0.05217391304347826,0.0782608695652174,0.034782608695652174,0.08260869565217391,0.09565217391304348,0.05652173913043478,0.030434782608695653,0.04782608695652174,0.043478260869565216,0.017391304347826087,0.043478260869565216,0.030434782608695653,0.05217391304347826,0.07391304347826087,0.008695652173913044,0.05652173913043478,230.0,7.088356590270995,26497.11530000002,0.0,0.0,0.0,0.0,0.0,0.0,0.0,0.0,0.0,0.0,0.0,0.0,0.0,0.0,0.0,1.0,0.0,0.0,0.0,0.0,0.0,0.0,0.0,0.0,0.0,0.0,0.0,0.0,0.0,0.0,0.0,0.0,0.0,1.0,0.0,0.0,1.0,0.0,0.0,0.0,0.0
oxVenus,0.03765690376569038,0.0,0.07531380753138076,0.06694560669456066,0.0502092050209205,0.100418410041841,0.03765690376569038,0.04602510460251046,0.08786610878661087,0.09205020920502092,0.02092050209205021,0.05439330543933055,0.04184100418410042,0.03347280334728033,0.029288702928870293,0.03765690376569038,0.06694560669456066,0.07531380753138076,0.0041841004184100415,0.04184100418410042,239.0,5.849835014343261,26822.960500000012,0.0,0.0,1.0,0.0,0.0,0.0,0.0,0.0,0.0,0.0,0.0,0.0,0.0,0.0,0.0,0.0,0.0,0.0,0.0,0.0,0.0,0.0,0.0,0.0,0.0,0.0,0.0,0.0,0.0,0.0,0.0,0.0,1.0,0.0,0.0,0.0,1.0,0.0,0.0,0.0,0.0
Electra1,0.0379746835443038,0.004219409282700422,0.05485232067510549,0.09282700421940929,0.05063291139240506,0.11814345991561181,0.016877637130801686,0.0379746835443038,0.06751054852320675,0.05485232067510549,0.04219409282700422,0.0379746835443038,0.046413502109704644,0.02109704641350211,0.046413502109704644,0.04219409282700422,0.06751054852320675,0.10548523206751055,0.008438818565400843,0.046413502109704644,237.0,5.160946464538573,26449.6814,0.0,0.0,0.0,0.0,0.0,0.0,0.0,0.0,0.0,0.0,0.0,0.0,0.0,0.0,0.0,0.0,1.0,0.0,0.0,0.0,0.0,0.0,0.0,0.0,0.0,0.0,0.0,0.0,0.0,0.0,0.0,1.0,0.0,0.0,0.0,0.0,1.0,0.0,0.0,0.0,0.0
smURFP,0.09022556390977443,0.022556390977443608,0.06766917293233082,0.06766917293233082,0.03007518796992481,0.05263157894736842,0.015037593984962405,0.09022556390977443,0.06015037593984962,0.12030075187969924,0.03759398496240601,0.03007518796992481,0.045112781954887216,0.022556390977443608,0.06015037593984962,0.07518796992481203,0.03759398496240601,0.03007518796992481,0.015037593984962405,0.03007518796992481,133.0,5.679488563537597,14961.19939999999,0.0,0.0,0.0,0.0,0.0,0.0,1.0,0.0,0.0,0.0,0.0,0.0,0.0,0.0,0.0,0.0,0.0,0.0,0.0,0.0,0.0,0.0,0.0,0.0,0.0,0.0,0.0,0.0,0.0,0.0,0.0,0.0,1.0,0.0,0.0,0.0,1.0,0.0,0.0,0.0,0.0
mGeos-E,0.05309734513274336,0.01327433628318584,0.0752212389380531,0.061946902654867256,0.061946902654867256,0.09292035398230089,0.03982300884955752,0.048672566371681415,0.09292035398230089,0.061946902654867256,0.035398230088495575,0.048672566371681415,0.048672566371681415,0.017699115044247787,0.04424778761061947,0.035398230088495575,0.05309734513274336,0.05309734513274336,0.008849557522123894,0.05309734513274336,226.0,7.120584297180176,25835.056100000016,0.0,0.0,0.0,0.0,0.0,0.0,0.0,0.0,0.0,0.0,0.0,0.0,0.0,0.0,0.0,1.0,0.0,0.0,0.0,0.0,0.0,0.0,0.0,0.0,0.0,0.0,0.0,0.0,0.0,0.0,0.0,1.0,0.0,0.0,0.0,0.0,0.0,1.0,0.0,0.0,0.0
htFuncLib_fast.3,0.03225806451612903,0.012096774193548387,0.07258064516129033,0.07258064516129033,0.04838709677419355,0.09274193548387097,0.06854838709677419,0.04838709677419355,0.07258064516129033,0.08064516129032258,0.028225806451612902,0.04838709677419355,0.04838709677419355,0.024193548387096774,0.028225806451612902,0.04032258064516129,0.056451612903225805,0.07258064516129033,0.008064516129032258,0.04435483870967742,248.0,5.822097587585449,28182.441900000027,0.0,0.0,0.0,0.0,1.0,0.0,0.0,0.0,0.0,0.0,0.0,0.0,0.0,0.0,0.0,0.0,0.0,0.0,0.0,0.0,0.0,0.0,0.0,0.0,0.0,0.0,0.0,0.0,0.0,0.0,0.0,0.0,0.0,0.0,0.0,1.0,1.0,0.0,0.0,0.0,0.0
LucY,0.06796116504854369,0.009708737864077669,0.05501618122977346,0.0744336569579288,0.019417475728155338,0.11326860841423948,0.045307443365695796,0.08090614886731391,0.07119741100323625,0.08414239482200647,0.02912621359223301,0.038834951456310676,0.02912621359223301,0.042071197411003236,0.045307443365695796,0.045307443365695796,0.038834951456310676,0.08737864077669903,0.006472491909385114,0.016181229773462782,309.0,6.396512413024904,33710.267600000036,0.0,0.0,0.0,0.0,0.0,0.0,0.0,0.0,0.0,0.0,0.0,0.0,0.0,0.0,0.0,0.0,0.0,0.0,0.0,0.0,0.0,0.0,0.0,0.0,0.0,0.0,1.0,0.0,0.0,0.0,0.0,1.0,0.0,0.0,0.0,0.0,1.0,0.0,0.0,0.0,0.0
mGrape3,0.0423728813559322,0.0,0.059322033898305086,0.09745762711864407,0.038135593220338986,0.1059322033898305,0.029661016949152543,0.029661016949152543,0.1059322033898305,0.059322033898305086,0.05508474576271186,0.025423728813559324,0.05508474576271186,0.029661016949152543,0.029661016949152543,0.05084745762711865,0.05508474576271186,0.0635593220338983,0.012711864406779662,0.05508474576271186,236.0,5.858417701721191,26770.068900000013,1.0,0.0,0.0,0.0,0.0,0.0,0.0,0.0,0.0,0.0,0.0,0.0,0.0,0.0,0.0,0.0,0.0,0.0,0.0,0.0,0.0,0.0,0.0,0.0,0.0,0.0,0.0,0.0,0.0,0.0,0.0,1.0,0.0,0.0,0.0,0.0,1.0,0.0,0.0,0.0,0.0
mScarlet,0.04310344827586207,0.0,0.06465517241379311,0.09051724137931035,0.04741379310344827,0.10775862068965517,0.021551724137931036,0.03017241379310345,0.09482758620689655,0.05603448275862069,0.04741379310344827,0.021551724137931036,0.05603448275862069,0.03017241379310345,0.04741379310344827,0.04741379310344827,0.06896551724137931,0.0603448275862069,0.01293103448275862,0.05172413793103448,232.0,6.0198972702026365,26351.501200000002,1.0,0.0,0.0,0.0,0.0,0.0,0.0,0.0,0.0,0.0,0.0,0.0,0.0,0.0,0.0,0.0,0.0,0.0,0.0,0.0,0.0,0.0,0.0,0.0,0.0,0.0,0.0,0.0,0.0,0.0,0.0,1.0,0.0,0.0,0.0,0.0,1.0,0.0,0.0,0.0,0.0
mGFPmut3,0.03361344537815126,0.008403361344537815,0.07563025210084033,0.06722689075630252,0.0546218487394958,0.09663865546218488,0.04201680672268908,0.05042016806722689,0.08823529411764706,0.07983193277310924,0.025210084033613446,0.0546218487394958,0.04201680672268908,0.03361344537815126,0.025210084033613446,0.037815126050420166,0.06302521008403361,0.07142857142857142,0.004201680672268907,0.046218487394957986,238.0,5.795326423645019,26897.06360000002,0.0,0.0,1.0,0.0,0.0,0.0,0.0,0.0,0.0,0.0,0.0,0.0,0.0,0.0,0.0,0.0,0.0,0.0,0.0,0.0,0.0,0.0,0.0,0.0,0.0,0.0,0.0,0.0,0.0,0.0,0.0,1.0,0.0,0.0,0.0,0.0,1.0,0.0,0.0,0.0,0.0
mTFP1,0.0423728813559322,0.0,0.07627118644067797,0.0847457627118644,0.046610169491525424,0.08898305084745763,0.03389830508474576,0.05508474576271186,0.1059322033898305,0.05084745762711865,0.038135593220338986,0.046610169491525424,0.046610169491525424,0.00847457627118644,0.03389830508474576,0.0423728813559322,0.0635593220338983,0.07203389830508475,0.00847457627118644,0.05508474576271186,236.0,5.934127235412597,26906.132200000022,0.0,0.0,0.0,0.0,0.0,0.0,0.0,0.0,0.0,1.0,0.0,0.0,0.0,0.0,0.0,0.0,0.0,0.0,0.0,0.0,0.0,0.0,0.0,0.0,0.0,0.0,0.0,0.0,0.0,0.0,0.0,1.0,0.0,0.0,0.0,0.0,1.0,0.0,0.0,0.0,0.0
mKikGR,0.04741379310344827,0.008620689655172414,0.05603448275862069,0.08620689655172414,0.05172413793103448,0.09482758620689655,0.03017241379310345,0.04310344827586207,0.07758620689655173,0.04310344827586207,0.03879310344827586,0.03879310344827586,0.03879310344827586,0.021551724137931036,0.04310344827586207,0.05172413793103448,0.07327586206896551,0.07758620689655173,0.008620689655172414,0.06896551724137931,232.0,5.837841987609862,26451.487000000012,0.0,0.0,0.0,0.0,0.0,1.0,0.0,0.0,0.0,0.0,0.0,0.0,0.0,0.0,0.0,0.0,0.0,0.0,0.0,0.0,0.0,0.0,0.0,0.0,0.0,0.0,0.0,0.0,0.0,0.0,0.0,1.0,0.0,0.0,0.0,0.0,0.0,0.0,0.0,1.0,0.0
dimer1,0.035398230088495575,0.004424778761061947,0.05752212389380531,0.08849557522123894,0.05752212389380531,0.09734513274336283,0.030973451327433628,0.03982300884955752,0.09292035398230089,0.061946902654867256,0.030973451327433628,0.017699115044247787,0.05309734513274336,0.03982300884955752,0.03982300884955752,0.048672566371681415,0.048672566371681415,0.084070796460177,0.01327433628318584,0.05752212389380531,226.0,6.186549186706543,25923.166200000014,0.0,0.0,0.0,1.0,0.0,0.0,0.0,0.0,0.0,0.0,0.0,0.0,0.0,0.0,0.0,0.0,0.0,0.0,0.0,0.0,0.0,0.0,0.0,0.0,0.0,0.0,0.0,0.0,0.0,0.0,0.0,0.0,1.0,0.0,0.0,0.0,1.0,0.0,0.0,0.0,0.0
zFP538,0.05194805194805195,0.03463203463203463,0.05194805194805195,0.06060606060606061,0.05627705627705628,0.08658008658008658,0.03463203463203463,0.06493506493506493,0.09523809523809523,0.05627705627705628,0.04329004329004329,0.03896103896103896,0.05194805194805195,0.030303030303030304,0.025974025974025976,0.05627705627705628,0.04329004329004329,0.05627705627705628,0.017316017316017316,0.04329004329004329,231.0,8.04689540863037,26170.9442,0.0,0.0,0.0,0.0,0.0,0.0,0.0,0.0,0.0,0.0,0.0,0.0,0.0,1.0,0.0,0.0,0.0,0.0,0.0,0.0,0.0,0.0,0.0,0.0,0.0,0.0,0.0,0.0,0.0,0.0,0.0,0.0,0.0,1.0,0.0,0.0,1.0,0.0,0.0,0.0,0.0
deGFP3,0.03361344537815126,0.012605042016806723,0.07563025210084033,0.06722689075630252,0.0546218487394958,0.09243697478991597,0.04201680672268908,0.05042016806722689,0.08403361344537816,0.07983193277310924,0.025210084033613446,0.0546218487394958,0.04201680672268908,0.03361344537815126,0.025210084033613446,0.04201680672268908,0.06302521008403361,0.07142857142857142,0.004201680672268907,0.046218487394957986,238.0,5.670394325256347,26902.060200000018,0.0,1.0,0.0,0.0,0.0,0.0,0.0,0.0,0.0,0.0,0.0,0.0,0.0,0.0,0.0,0.0,0.0,0.0,0.0,0.0,0.0,0.0,0.0,0.0,0.0,0.0,0.0,0.0,0.0,0.0,0.0,0.0,0.0,0.0,0.0,1.0,1.0,0.0,0.0,0.0,0.0
Crimson,0.04564315352697095,0.016597510373443983,0.04564315352697095,0.08713692946058091,0.04564315352697095,0.1037344398340249,0.029045643153526972,0.024896265560165973,0.0912863070539419,0.08713692946058091,0.03734439834024896,0.03734439834024896,0.05394190871369295,0.029045643153526972,0.03734439834024896,0.03734439834024896,0.06639004149377593,0.06639004149377593,0.008298755186721992,0.04979253112033195,241.0,6.665815544128418,27160.727400000018,1.0,0.0,0.0,0.0,0.0,0.0,0.0,0.0,0.0,0.0,0.0,0.0,0.0,0.0,0.0,0.0,0.0,0.0,0.0,0.0,0.0,0.0,0.0,0.0,0.0,0.0,0.0,0.0,0.0,0.0,0.0,0.0,0.0,0.0,0.0,1.0,1.0,0.0,0.0,0.0,0.0
Kohinoor,0.05357142857142857,0.017857142857142856,0.07142857142857142,0.06696428571428571,0.04017857142857143,0.09375,0.04017857142857143,0.05803571428571429,0.08482142857142858,0.05803571428571429,0.03125,0.04017857142857143,0.05357142857142857,0.022321428571428572,0.04017857142857143,0.05357142857142857,0.03125,0.07142857142857142,0.008928571428571428,0.0625,224.0,6.305854225158692,25348.48720000002,0.0,0.0,0.0,0.0,0.0,0.0,0.0,1.0,0.0,0.0,0.0,0.0,0.0,0.0,0.0,0.0,0.0,0.0,0.0,0.0,0.0,0.0,0.0,0.0,0.0,0.0,0.0,0.0,0.0,0.0,0.0,1.0,0.0,0.0,0.0,0.0,0.0,1.0,0.0,0.0,0.0
Kohinoor2.0,0.05357142857142857,0.017857142857142856,0.07142857142857142,0.0625,0.04017857142857143,0.09375,0.04017857142857143,0.05803571428571429,0.08482142857142858,0.05803571428571429,0.03125,0.044642857142857144,0.05357142857142857,0.022321428571428572,0.03571428571428571,0.049107142857142856,0.03125,0.08482142857142858,0.008928571428571428,0.05803571428571429,224.0,6.303410148620606,25224.43260000002,0.0,0.0,0.0,0.0,0.0,0.0,0.0,1.0,0.0,0.0,0.0,0.0,0.0,0.0,0.0,0.0,0.0,0.0,0.0,0.0,0.0,0.0,0.0,0.0,0.0,0.0,0.0,0.0,0.0,0.0,0.0,0.0,0.0,0.0,0.0,1.0,0.0,1.0,0.0,0.0,0.0
SGFP1,0.03765690376569038,0.008368200836820083,0.07531380753138076,0.06694560669456066,0.0502092050209205,0.09623430962343096,0.03765690376569038,0.0502092050209205,0.08786610878661087,0.09205020920502092,0.02092050209205021,0.05439330543933055,0.04184100418410042,0.03347280334728033,0.02510460251046025,0.03347280334728033,0.07112970711297072,0.06694560669456066,0.0041841004184100415,0.04602510460251046,239.0,5.713932991027832,26908.104700000018,0.0,1.0,0.0,0.0,0.0,0.0,0.0,0.0,0.0,0.0,0.0,0.0,0.0,0.0,0.0,0.0,0.0,0.0,0.0,0.0,0.0,0.0,0.0,0.0,0.0,0.0,0.0,0.0,0.0,0.0,0.0,1.0,0.0,0.0,0.0,0.0,1.0,0.0,0.0,0.0,0.0
LSSA12,0.03765690376569038,0.0,0.0794979079497908,0.06694560669456066,0.04602510460251046,0.09205020920502092,0.04184100418410042,0.0502092050209205,0.08368200836820083,0.08786610878661087,0.02510460251046025,0.058577405857740586,0.04184100418410042,0.02510460251046025,0.029288702928870293,0.04184100418410042,0.06276150627615062,0.08368200836820083,0.0041841004184100415,0.04184100418410042,239.0,5.67346363067627,26859.014100000022,0.0,0.0,0.0,0.0,1.0,0.0,0.0,0.0,0.0,0.0,0.0,0.0,0.0,0.0,0.0,0.0,0.0,0.0,0.0,0.0,0.0,0.0,0.0,0.0,0.0,0.0,0.0,0.0,0.0,0.0,0.0,1.0,0.0,0.0,0.0,0.0,1.0,0.0,0.0,0.0,0.0
mKG,0.05504587155963303,0.0045871559633027525,0.045871559633027525,0.0963302752293578,0.05504587155963303,0.10550458715596331,0.045871559633027525,0.04128440366972477,0.06422018348623854,0.05045871559633028,0.045871559633027525,0.027522935779816515,0.05045871559633028,0.022935779816513763,0.03669724770642202,0.06422018348623854,0.06422018348623854,0.06880733944954129,0.009174311926605505,0.045871559633027525,218.0,5.5636507034301745,24424.211700000003,0.0,0.0,0.0,0.0,0.0,0.0,0.0,0.0,0.0,1.0,0.0,0.0,0.0,0.0,0.0,0.0,0.0,0.0,0.0,0.0,0.0,0.0,0.0,0.0,0.0,0.0,0.0,0.0,0.0,0.0,0.0,1.0,0.0,0.0,0.0,0.0,1.0,0.0,0.0,0.0,0.0
miniSOG2,0.02830188679245283,0.0,0.07547169811320754,0.07547169811320754,0.0660377358490566,0.05660377358490566,0.009433962264150943,0.09433962264150944,0.05660377358490566,0.09433962264150944,0.009433962264150943,0.03773584905660377,0.05660377358490566,0.07547169811320754,0.08490566037735849,0.04716981132075472,0.05660377358490566,0.03773584905660377,0.009433962264150943,0.02830188679245283,106.0,5.816982078552246,12441.97559999999,0.0,0.0,0.0,0.0,0.0,0.0,1.0,0.0,0.0,0.0,0.0,0.0,0.0,0.0,0.0,0.0,0.0,0.0,0.0,0.0,0.0,0.0,0.0,0.0,0.0,0.0,0.0,0.0,0.0,0.0,0.0,0.0,0.0,0.0,0.0,1.0,1.0,0.0,0.0,0.0,0.0
mEosEM,0.05726872246696035,0.00881057268722467,0.07048458149779736,0.06607929515418502,0.05726872246696035,0.09691629955947137,0.039647577092511016,0.04405286343612335,0.0881057268722467,0.05726872246696035,0.039647577092511016,0.048458149779735685,0.048458149779735685,0.01762114537444934,0.048458149779735685,0.030837004405286344,0.05726872246696035,0.06167400881057269,0.00881057268722467,0.05286343612334802,227.0,7.127973365783691,25872.078000000016,0.0,0.0,0.0,0.0,0.0,1.0,0.0,0.0,0.0,0.0,0.0,0.0,0.0,0.0,0.0,0.0,0.0,0.0,0.0,0.0,0.0,0.0,0.0,0.0,0.0,0.0,0.0,0.0,0.0,0.0,0.0,1.0,0.0,0.0,0.0,0.0,0.0,0.0,0.0,1.0,0.0
CGP,0.05333333333333334,0.013333333333333334,0.07555555555555556,0.06666666666666667,0.05333333333333334,0.08,0.02666666666666667,0.04888888888888889,0.1111111111111111,0.057777777777777775,0.044444444444444446,0.02666666666666667,0.057777777777777775,0.02666666666666667,0.04,0.035555555555555556,0.06222222222222222,0.05333333333333334,0.008888888888888889,0.057777777777777775,225.0,8.238430976867676,25838.345400000013,0.0,0.0,0.0,1.0,0.0,0.0,0.0,0.0,0.0,0.0,0.0,0.0,0.0,0.0,0.0,0.0,0.0,0.0,0.0,0.0,0.0,0.0,0.0,0.0,0.0,0.0,0.0,0.0,0.0,0.0,0.0,0.0,0.0,0.0,0.0,1.0,1.0,0.0,0.0,0.0,0.0
htFuncLib_slow.3,0.024193548387096774,0.012096774193548387,0.07258064516129033,0.07258064516129033,0.04838709677419355,0.09274193548387097,0.06854838709677419,0.04838709677419355,0.07258064516129033,0.0846774193548387,0.024193548387096774,0.04838709677419355,0.04435483870967742,0.024193548387096774,0.028225806451612902,0.04032258064516129,0.06048387096774194,0.08064516129032258,0.008064516129032258,0.04435483870967742,248.0,5.822097587585449,28224.498400000026,0.0,1.0,0.0,0.0,0.0,0.0,0.0,0.0,0.0,0.0,0.0,0.0,0.0,0.0,0.0,0.0,0.0,0.0,0.0,0.0,0.0,0.0,0.0,0.0,0.0,0.0,0.0,0.0,0.0,0.0,0.0,0.0,0.0,0.0,0.0,1.0,1.0,0.0,0.0,0.0,0.0
Thermostable Green Protein,0.05855855855855856,0.013513513513513514,0.07207207207207207,0.0990990990990991,0.04954954954954955,0.08558558558558559,0.03153153153153153,0.05405405405405406,0.08108108108108109,0.05855855855855856,0.036036036036036036,0.02252252252252252,0.05855855855855856,0.02252252252252252,0.04054054054054054,0.036036036036036036,0.05855855855855856,0.04954954954954955,0.009009009009009009,0.06306306306306306,222.0,5.145145225524902,25419.416700000016,0.0,0.0,0.0,1.0,0.0,0.0,0.0,0.0,0.0,0.0,0.0,0.0,0.0,0.0,0.0,0.0,0.0,0.0,0.0,0.0,0.0,0.0,0.0,0.0,0.0,0.0,0.0,0.0,0.0,0.0,0.0,1.0,0.0,0.0,0.0,0.0,1.0,0.0,0.0,0.0,0.0
htFuncLib_sf:acid.4,0.0321285140562249,0.008032128514056224,0.07228915662650602,0.0642570281124498,0.04417670682730924,0.09236947791164658,0.060240963855421686,0.040160642570281124,0.08032128514056225,0.08835341365461848,0.024096385542168676,0.05220883534136546,0.040160642570281124,0.024096385542168676,0.0321285140562249,0.04819277108433735,0.07630522088353414,0.08032128514056225,0.004016064257028112,0.03614457831325301,249.0,6.18973217010498,27966.204900000022,0.0,1.0,0.0,0.0,0.0,0.0,0.0,0.0,0.0,0.0,0.0,0.0,0.0,0.0,0.0,0.0,0.0,0.0,0.0,0.0,0.0,0.0,0.0,0.0,0.0,0.0,0.0,0.0,0.0,0.0,0.0,0.0,0.0,0.0,0.0,1.0,1.0,0.0,0.0,0.0,0.0
Channelrhodopsin2,0.08276797829036635,0.012211668928086838,0.023066485753052916,0.04748982360922659,0.033921302578018994,0.18317503392130258,0.014925373134328358,0.04206241519674356,0.025780189959294438,0.08819538670284939,0.08955223880597014,0.06105834464043419,0.029850746268656716,0.036635006784260515,0.035278154681139755,0.051560379918588875,0.04341926729986431,0.06105834464043419,0.016282225237449117,0.021709633649932156,737.0,5.943789863586425,77246.58640000035,0.0,0.0,0.0,0.0,0.0,0.0,0.0,0.0,0.0,0.0,0.0,0.0,0.0,0.0,0.0,0.0,0.0,0.0,0.0,0.0,0.0,0.0,0.0,0.0,0.0,0.0,0.0,1.0,0.0,0.0,0.0,0.0,0.0,0.0,0.0,1.0,0.0,0.0,1.0,0.0,0.0
psamCFP,0.034782608695652174,0.030434782608695653,0.05652173913043478,0.06086956521739131,0.06956521739130435,0.08260869565217391,0.0391304347826087,0.02608695652173913,0.09130434782608696,0.06086956521739131,0.030434782608695653,0.0391304347826087,0.06521739130434782,0.030434782608695653,0.02608695652173913,0.06086956521739131,0.09130434782608696,0.06086956521739131,0.008695652173913044,0.034782608695652174,230.0,7.09864444732666,25884.096000000005,0.0,0.0,0.0,1.0,0.0,0.0,0.0,0.0,0.0,0.0,0.0,0.0,0.0,0.0,0.0,0.0,0.0,0.0,0.0,0.0,0.0,0.0,0.0,0.0,0.0,0.0,0.0,0.0,0.0,0.0,0.0,0.0,0.0,1.0,0.0,0.0,1.0,0.0,0.0,0.0,0.0
d2EosFP,0.05309734513274336,0.01327433628318584,0.0752212389380531,0.061946902654867256,0.061946902654867256,0.09292035398230089,0.05309734513274336,0.048672566371681415,0.084070796460177,0.061946902654867256,0.035398230088495575,0.048672566371681415,0.048672566371681415,0.017699115044247787,0.04424778761061947,0.035398230088495575,0.048672566371681415,0.05752212389380531,0.008849557522123894,0.048672566371681415,226.0,6.631541633605957,25824.98330000002,0.0,0.0,0.0,0.0,0.0,1.0,0.0,0.0,0.0,0.0,0.0,0.0,0.0,0.0,0.0,0.0,0.0,0.0,0.0,0.0,0.0,0.0,0.0,0.0,0.0,0.0,0.0,0.0,0.0,0.0,0.0,0.0,1.0,0.0,0.0,0.0,0.0,0.0,0.0,1.0,0.0
htFuncLib_sf:fast.3,0.040160642570281124,0.008032128514056224,0.07228915662650602,0.0642570281124498,0.04417670682730924,0.09236947791164658,0.060240963855421686,0.04417670682730924,0.08032128514056225,0.08032128514056225,0.024096385542168676,0.05220883534136546,0.04417670682730924,0.024096385542168676,0.0321285140562249,0.04819277108433735,0.06827309236947791,0.08032128514056225,0.004016064257028112,0.03614457831325301,249.0,6.18973217010498,27890.110500000024,0.0,0.0,0.0,0.0,1.0,0.0,0.0,0.0,0.0,0.0,0.0,0.0,0.0,0.0,0.0,0.0,0.0,0.0,0.0,0.0,0.0,0.0,0.0,0.0,0.0,0.0,0.0,0.0,0.0,0.0,0.0,0.0,0.0,0.0,0.0,1.0,1.0,0.0,0.0,0.0,0.0
miRFP2,0.07348242811501597,0.022364217252396165,0.04792332268370607,0.06070287539936102,0.02875399361022364,0.08626198083067092,0.04153354632587859,0.06070287539936102,0.009584664536741214,0.134185303514377,0.025559105431309903,0.01597444089456869,0.06389776357827476,0.025559105431309903,0.07667731629392971,0.0670926517571885,0.04792332268370607,0.07987220447284345,0.003194888178913738,0.02875399361022364,313.0,5.993751335144043,34303.27589999999,0.0,0.0,0.0,0.0,0.0,0.0,1.0,0.0,0.0,0.0,0.0,0.0,0.0,0.0,0.0,0.0,0.0,0.0,0.0,0.0,0.0,0.0,0.0,0.0,0.0,0.0,0.0,0.0,0.0,0.0,0.0,1.0,0.0,0.0,0.0,0.0,1.0,0.0,0.0,0.0,0.0
afCFP,0.05309734513274336,0.022123893805309734,0.07079646017699115,0.07079646017699115,0.04424778761061947,0.07964601769911504,0.02654867256637168,0.05309734513274336,0.08849557522123894,0.061946902654867256,0.03982300884955752,0.048672566371681415,0.05309734513274336,0.030973451327433628,0.03982300884955752,0.03982300884955752,0.05752212389380531,0.05752212389380531,0.008849557522123894,0.05309734513274336,226.0,6.091741752624511,25742.026100000017,0.0,0.0,0.0,1.0,0.0,0.0,0.0,0.0,0.0,0.0,0.0,0.0,0.0,0.0,0.0,0.0,0.0,0.0,0.0,0.0,0.0,0.0,0.0,0.0,0.0,0.0,0.0,0.0,0.0,0.0,0.0,0.0,0.0,0.0,0.0,1.0,1.0,0.0,0.0,0.0,0.0
anobCFP2,0.05627705627705628,0.012987012987012988,0.04329004329004329,0.06493506493506493,0.06060606060606061,0.10822510822510822,0.047619047619047616,0.03896103896103896,0.08225108225108226,0.05194805194805195,0.03896103896103896,0.030303030303030304,0.05627705627705628,0.03463203463203463,0.021645021645021644,0.05627705627705628,0.06493506493506493,0.0735930735930736,0.008658008658008658,0.047619047619047616,231.0,6.829170799255372,25694.929300000007,0.0,0.0,0.0,1.0,0.0,0.0,0.0,0.0,0.0,0.0,0.0,0.0,0.0,0.0,0.0,0.0,0.0,0.0,0.0,0.0,0.0,0.0,0.0,0.0,0.0,0.0,0.0,0.0,0.0,0.0,0.0,0.0,0.0,1.0,0.0,0.0,1.0,0.0,0.0,0.0,0.0
Dendra2,0.0391304347826087,0.013043478260869565,0.05652173913043478,0.06956521739130435,0.05217391304347826,0.08695652173913043,0.034782608695652174,0.04782608695652174,0.08260869565217391,0.07391304347826087,0.02608695652173913,0.05652173913043478,0.06086956521739131,0.02608695652173913,0.034782608695652174,0.0391304347826087,0.06521739130434782,0.07391304347826087,0.013043478260869565,0.04782608695652174,230.0,6.44982738494873,26124.41730000002,0.0,0.0,0.0,0.0,0.0,1.0,0.0,0.0,0.0,0.0,0.0,0.0,0.0,0.0,0.0,0.0,0.0,0.0,0.0,0.0,0.0,0.0,0.0,0.0,0.0,0.0,0.0,0.0,0.0,0.0,0.0,1.0,0.0,0.0,0.0,0.0,0.0,0.0,0.0,1.0,0.0
miniSOG,0.02830188679245283,0.0,0.07547169811320754,0.07547169811320754,0.05660377358490566,0.07547169811320754,0.009433962264150943,0.08490566037735849,0.05660377358490566,0.10377358490566038,0.018867924528301886,0.03773584905660377,0.04716981132075472,0.08490566037735849,0.07547169811320754,0.03773584905660377,0.05660377358490566,0.03773584905660377,0.009433962264150943,0.02830188679245283,106.0,5.376252555847168,12327.851399999992,0.0,0.0,0.0,0.0,0.0,0.0,1.0,0.0,0.0,0.0,0.0,0.0,0.0,0.0,0.0,0.0,0.0,0.0,0.0,0.0,0.0,0.0,0.0,0.0,0.0,0.0,0.0,0.0,0.0,0.0,0.0,1.0,0.0,0.0,0.0,0.0,1.0,0.0,0.0,0.0,0.0
GFPxm18,0.03361344537815126,0.012605042016806723,0.06722689075630252,0.07563025210084033,0.06302521008403361,0.10504201680672269,0.046218487394957986,0.06302521008403361,0.07563025210084033,0.07563025210084033,0.03361344537815126,0.0546218487394958,0.04201680672268908,0.025210084033613446,0.03361344537815126,0.029411764705882353,0.058823529411764705,0.058823529411764705,0.004201680672268907,0.04201680672268908,238.0,5.755254936218263,26998.32780000002,0.0,0.0,0.0,0.0,0.0,0.0,0.0,0.0,0.0,1.0,0.0,0.0,0.0,0.0,0.0,0.0,0.0,0.0,0.0,0.0,0.0,0.0,0.0,0.0,0.0,0.0,0.0,0.0,0.0,0.0,0.0,1.0,0.0,0.0,0.0,0.0,1.0,0.0,0.0,0.0,0.0
htFuncLib_slow.4,0.024193548387096774,0.012096774193548387,0.07661290322580645,0.07661290322580645,0.05241935483870968,0.09274193548387097,0.07258064516129033,0.04435483870967742,0.07258064516129033,0.0846774193548387,0.028225806451612902,0.04838709677419355,0.04435483870967742,0.024193548387096774,0.024193548387096774,0.04032258064516129,0.06048387096774194,0.06854838709677419,0.008064516129032258,0.04435483870967742,248.0,5.635665702819824,28317.47260000003,0.0,1.0,0.0,0.0,0.0,0.0,0.0,0.0,0.0,0.0,0.0,0.0,0.0,0.0,0.0,0.0,0.0,0.0,0.0,0.0,0.0,0.0,0.0,0.0,0.0,0.0,0.0,0.0,0.0,0.0,0.0,0.0,0.0,0.0,0.0,1.0,1.0,0.0,0.0,0.0,0.0
mKikGR,0.04741379310344827,0.008620689655172414,0.05603448275862069,0.08620689655172414,0.05172413793103448,0.09482758620689655,0.03017241379310345,0.04310344827586207,0.07758620689655173,0.04310344827586207,0.03879310344827586,0.03879310344827586,0.03879310344827586,0.021551724137931036,0.04310344827586207,0.05172413793103448,0.07327586206896551,0.07758620689655173,0.008620689655172414,0.06896551724137931,232.0,5.837841987609862,26451.487000000012,0.0,0.0,0.0,0.0,0.0,1.0,0.0,0.0,0.0,0.0,0.0,0.0,0.0,0.0,0.0,0.0,0.0,0.0,0.0,0.0,0.0,0.0,0.0,0.0,0.0,0.0,0.0,0.0,0.0,0.0,0.0,1.0,0.0,0.0,0.0,0.0,0.0,0.0,0.0,1.0,0.0
moxDendra2,0.04782608695652174,0.0,0.05652173913043478,0.06956521739130435,0.05217391304347826,0.08695652173913043,0.034782608695652174,0.04782608695652174,0.08260869565217391,0.07391304347826087,0.02608695652173913,0.04782608695652174,0.06086956521739131,0.034782608695652174,0.034782608695652174,0.0391304347826087,0.06956521739130435,0.07391304347826087,0.013043478260869565,0.04782608695652174,230.0,6.4517030715942365,26086.301500000012,0.0,0.0,0.0,0.0,0.0,1.0,0.0,0.0,0.0,0.0,0.0,0.0,0.0,0.0,0.0,0.0,0.0,0.0,0.0,0.0,0.0,0.0,0.0,0.0,0.0,0.0,0.0,0.0,0.0,0.0,0.0,1.0,0.0,0.0,0.0,0.0,0.0,0.0,0.0,1.0,0.0
R3-2+PCB,0.07575757575757576,0.022727272727272728,0.06818181818181818,0.08333333333333333,0.030303030303030304,0.07575757575757576,0.0,0.09090909090909091,0.06060606060606061,0.11363636363636363,0.03787878787878788,0.015151515151515152,0.045454545454545456,0.030303030303030304,0.07575757575757576,0.06060606060606061,0.030303030303030304,0.030303030303030304,0.015151515151515152,0.03787878787878788,132.0,5.259618949890137,14961.199399999983,0.0,0.0,0.0,0.0,0.0,0.0,1.0,0.0,0.0,0.0,0.0,0.0,0.0,0.0,0.0,0.0,0.0,0.0,0.0,0.0,0.0,0.0,0.0,0.0,0.0,0.0,0.0,0.0,0.0,0.0,0.0,0.0,0.0,0.0,0.0,1.0,1.0,0.0,0.0,0.0,0.0
htFuncLib_sf:em-blue-shift.2,0.03614457831325301,0.008032128514056224,0.07228915662650602,0.0642570281124498,0.04819277108433735,0.09236947791164658,0.060240963855421686,0.04819277108433735,0.08032128514056225,0.08433734939759036,0.020080321285140562,0.05220883534136546,0.040160642570281124,0.028112449799196786,0.0321285140562249,0.04819277108433735,0.06827309236947791,0.07630522088353414,0.004016064257028112,0.03614457831325301,249.0,6.18973217010498,27993.208600000027,0.0,0.0,0.0,0.0,1.0,0.0,0.0,0.0,0.0,0.0,0.0,0.0,0.0,0.0,0.0,0.0,0.0,0.0,0.0,0.0,0.0,0.0,0.0,0.0,0.0,0.0,0.0,0.0,0.0,0.0,0.0,0.0,0.0,0.0,0.0,1.0,1.0,0.0,0.0,0.0,0.0
mEosFP,0.05309734513274336,0.01327433628318584,0.0752212389380531,0.061946902654867256,0.061946902654867256,0.09292035398230089,0.05309734513274336,0.048672566371681415,0.084070796460177,0.061946902654867256,0.035398230088495575,0.048672566371681415,0.048672566371681415,0.017699115044247787,0.04424778761061947,0.035398230088495575,0.05309734513274336,0.05309734513274336,0.008849557522123894,0.048672566371681415,226.0,6.631541633605957,25826.95620000002,0.0,0.0,0.0,0.0,0.0,1.0,0.0,0.0,0.0,0.0,0.0,0.0,0.0,0.0,0.0,0.0,0.0,0.0,0.0,0.0,0.0,0.0,0.0,0.0,0.0,0.0,0.0,0.0,0.0,0.0,0.0,1.0,0.0,0.0,0.0,0.0,0.0,0.0,0.0,1.0,0.0
mScarlet-220A,0.04741379310344827,0.0,0.06465517241379311,0.09051724137931035,0.04741379310344827,0.10344827586206896,0.021551724137931036,0.03017241379310345,0.09482758620689655,0.05603448275862069,0.04741379310344827,0.021551724137931036,0.05603448275862069,0.03017241379310345,0.04741379310344827,0.04741379310344827,0.06896551724137931,0.0603448275862069,0.01293103448275862,0.05172413793103448,232.0,6.0198972702026365,26365.527800000003,1.0,0.0,0.0,0.0,0.0,0.0,0.0,0.0,0.0,0.0,0.0,0.0,0.0,0.0,0.0,0.0,0.0,0.0,0.0,0.0,0.0,0.0,0.0,0.0,0.0,0.0,0.0,0.0,0.0,0.0,0.0,1.0,0.0,0.0,0.0,0.0,1.0,0.0,0.0,0.0,0.0
mRhubarb720,0.12025316455696203,0.015822784810126583,0.060126582278481014,0.06329113924050633,0.03481012658227848,0.06962025316455696,0.03481012658227848,0.08227848101265822,0.00949367088607595,0.09177215189873418,0.02531645569620253,0.022151898734177215,0.06645569620253164,0.03481012658227848,0.07911392405063292,0.05063291139240506,0.04746835443037975,0.06645569620253164,0.006329113924050633,0.0189873417721519,316.0,5.467251777648925,34539.16260000002,0.0,0.0,0.0,0.0,0.0,0.0,1.0,0.0,0.0,0.0,0.0,0.0,0.0,0.0,0.0,0.0,0.0,0.0,0.0,0.0,0.0,0.0,0.0,0.0,0.0,0.0,0.0,0.0,0.0,0.0,0.0,1.0,0.0,0.0,0.0,0.0,1.0,0.0,0.0,0.0,0.0
McaG2,0.04888888888888889,0.013333333333333334,0.06222222222222222,0.07555555555555556,0.04888888888888889,0.08444444444444445,0.022222222222222223,0.06222222222222222,0.08444444444444445,0.057777777777777775,0.04,0.04,0.05333333333333334,0.03111111111111111,0.057777777777777775,0.04888888888888889,0.044444444444444446,0.05333333333333334,0.008888888888888889,0.06222222222222222,225.0,7.671240425109864,25910.268600000018,0.0,0.0,0.0,1.0,0.0,0.0,0.0,0.0,0.0,0.0,0.0,0.0,0.0,0.0,0.0,0.0,0.0,0.0,0.0,0.0,0.0,0.0,0.0,0.0,0.0,0.0,0.0,0.0,0.0,0.0,0.0,0.0,0.0,0.0,0.0,1.0,1.0,0.0,0.0,0.0,0.0
mMaple3,0.0379746835443038,0.008438818565400843,0.06329113924050633,0.0759493670886076,0.05063291139240506,0.08016877637130802,0.03375527426160337,0.05907172995780591,0.10970464135021098,0.05063291139240506,0.04219409282700422,0.04219409282700422,0.046413502109704644,0.016877637130801686,0.04219409282700422,0.05063291139240506,0.05907172995780591,0.07172995780590717,0.008438818565400843,0.05063291139240506,237.0,8.603966712951664,27207.85170000002,0.0,0.0,0.0,0.0,0.0,1.0,0.0,0.0,0.0,0.0,0.0,0.0,0.0,0.0,0.0,0.0,0.0,0.0,0.0,0.0,0.0,0.0,0.0,0.0,0.0,0.0,0.0,0.0,0.0,0.0,0.0,1.0,0.0,0.0,0.0,0.0,0.0,0.0,0.0,1.0,0.0
mCitrine,0.03347280334728033,0.008368200836820083,0.07531380753138076,0.06694560669456066,0.05439330543933055,0.09623430962343096,0.03765690376569038,0.0502092050209205,0.08786610878661087,0.08786610878661087,0.029288702928870293,0.05439330543933055,0.04184100418410042,0.029288702928870293,0.02510460251046025,0.03765690376569038,0.058577405857740586,0.07112970711297072,0.0041841004184100415,0.0502092050209205,239.0,5.713932991027832,27051.375600000018,0.0,0.0,1.0,0.0,0.0,0.0,0.0,0.0,0.0,0.0,0.0,0.0,0.0,0.0,0.0,0.0,0.0,0.0,0.0,0.0,0.0,0.0,0.0,0.0,0.0,0.0,0.0,0.0,0.0,0.0,0.0,1.0,0.0,0.0,0.0,0.0,1.0,0.0,0.0,0.0,0.0
cgfTagRFP,0.047619047619047616,0.0,0.04329004329004329,0.07792207792207792,0.047619047619047616,0.09956709956709957,0.03463203463203463,0.03896103896103896,0.08225108225108226,0.0735930735930736,0.047619047619047616,0.04329004329004329,0.047619047619047616,0.030303030303030304,0.03896103896103896,0.047619047619047616,0.07792207792207792,0.06493506493506493,0.008658008658008658,0.047619047619047616,231.0,7.109330177307128,26067.41100000001,1.0,0.0,0.0,0.0,0.0,0.0,0.0,0.0,0.0,0.0,0.0,0.0,0.0,0.0,0.0,0.0,0.0,0.0,0.0,0.0,0.0,0.0,0.0,0.0,0.0,0.0,0.0,0.0,0.0,0.0,0.0,1.0,0.0,0.0,0.0,0.0,1.0,0.0,0.0,0.0,0.0
bsDronpa,0.049107142857142856,0.026785714285714284,0.06696428571428571,0.07142857142857142,0.044642857142857144,0.08928571428571429,0.04017857142857143,0.049107142857142856,0.08928571428571429,0.05803571428571429,0.026785714285714284,0.05357142857142857,0.049107142857142856,0.026785714285714284,0.03571428571428571,0.049107142857142856,0.04017857142857143,0.06696428571428571,0.008928571428571428,0.05803571428571429,224.0,6.306593132019044,25428.467700000023,0.0,0.0,0.0,0.0,0.0,0.0,0.0,1.0,0.0,0.0,0.0,0.0,0.0,0.0,0.0,0.0,0.0,0.0,0.0,0.0,0.0,0.0,0.0,0.0,0.0,0.0,0.0,0.0,0.0,0.0,0.0,1.0,0.0,0.0,0.0,0.0,0.0,1.0,0.0,0.0,0.0
d2EosFP,0.05309734513274336,0.01327433628318584,0.0752212389380531,0.061946902654867256,0.061946902654867256,0.09292035398230089,0.05309734513274336,0.048672566371681415,0.084070796460177,0.061946902654867256,0.035398230088495575,0.048672566371681415,0.048672566371681415,0.017699115044247787,0.04424778761061947,0.035398230088495575,0.048672566371681415,0.05752212389380531,0.008849557522123894,0.048672566371681415,226.0,6.631541633605957,25824.98330000002,0.0,0.0,0.0,0.0,0.0,1.0,0.0,0.0,0.0,0.0,0.0,0.0,0.0,0.0,0.0,0.0,0.0,0.0,0.0,0.0,0.0,0.0,0.0,0.0,0.0,0.0,0.0,0.0,0.0,0.0,0.0,0.0,1.0,0.0,0.0,0.0,0.0,0.0,0.0,1.0,0.0
BR1,0.036036036036036036,0.0,0.08108108108108109,0.06306306306306306,0.04504504504504504,0.07207207207207207,0.009009009009009009,0.08108108108108109,0.04504504504504504,0.0990990990990991,0.009009009009009009,0.04504504504504504,0.04504504504504504,0.08108108108108109,0.09009009009009009,0.036036036036036036,0.06306306306306306,0.05405405405405406,0.009009009009009009,0.036036036036036036,111.0,5.802544975280762,12867.37369999999,0.0,0.0,0.0,0.0,0.0,0.0,1.0,0.0,0.0,0.0,0.0,0.0,0.0,0.0,0.0,0.0,0.0,0.0,0.0,0.0,0.0,0.0,0.0,0.0,0.0,0.0,0.0,0.0,0.0,0.0,0.0,0.0,0.0,0.0,0.0,1.0,1.0,0.0,0.0,0.0,0.0
htFuncLib_thermo.8,0.024193548387096774,0.016129032258064516,0.07258064516129033,0.07258064516129033,0.04838709677419355,0.09274193548387097,0.06854838709677419,0.056451612903225805,0.07258064516129033,0.0846774193548387,0.024193548387096774,0.04838709677419355,0.04435483870967742,0.028225806451612902,0.028225806451612902,0.04032258064516129,0.056451612903225805,0.06854838709677419,0.008064516129032258,0.04435483870967742,248.0,5.822040748596191,28283.58880000003,0.0,0.0,0.0,0.0,1.0,0.0,0.0,0.0,0.0,0.0,0.0,0.0,0.0,0.0,0.0,0.0,0.0,0.0,0.0,0.0,0.0,0.0,0.0,0.0,0.0,0.0,0.0,0.0,0.0,0.0,0.0,0.0,0.0,0.0,0.0,1.0,1.0,0.0,0.0,0.0,0.0
Monomeric hyperfolder YFP,0.03765690376569038,0.0,0.07531380753138076,0.06694560669456066,0.04184100418410042,0.09623430962343096,0.04184100418410042,0.04602510460251046,0.08786610878661087,0.08368200836820083,0.029288702928870293,0.058577405857740586,0.04602510460251046,0.029288702928870293,0.03347280334728033,0.03347280334728033,0.06276150627615062,0.0794979079497908,0.0041841004184100415,0.04602510460251046,239.0,6.0592866897583,26958.175000000017,0.0,0.0,1.0,0.0,0.0,0.0,0.0,0.0,0.0,0.0,0.0,0.0,0.0,0.0,0.0,0.0,0.0,0.0,0.0,0.0,0.0,0.0,0.0,0.0,0.0,0.0,0.0,0.0,0.0,0.0,0.0,1.0,0.0,0.0,0.0,0.0,1.0,0.0,0.0,0.0,0.0
Superfolder BFP,0.03361344537815126,0.008403361344537815,0.07563025210084033,0.06722689075630252,0.05042016806722689,0.09243697478991597,0.046218487394957986,0.046218487394957986,0.08403361344537816,0.08403361344537816,0.02100840336134454,0.0546218487394958,0.04201680672268908,0.029411764705882353,0.03361344537815126,0.04201680672268908,0.07563025210084033,0.07563025210084033,0.004201680672268907,0.03361344537815126,238.0,5.989943122863769,26754.85210000002,0.0,0.0,0.0,0.0,0.0,0.0,0.0,0.0,0.0,0.0,0.0,0.0,0.0,0.0,0.0,0.0,0.0,0.0,0.0,0.0,0.0,1.0,0.0,0.0,0.0,0.0,0.0,0.0,0.0,0.0,0.0,0.0,0.0,0.0,0.0,1.0,1.0,0.0,0.0,0.0,0.0
RFP639,0.03463203463203463,0.021645021645021644,0.05194805194805195,0.0735930735930736,0.07792207792207792,0.10822510822510822,0.025974025974025976,0.021645021645021644,0.0735930735930736,0.06060606060606061,0.06060606060606061,0.03463203463203463,0.04329004329004329,0.030303030303030304,0.03896103896103896,0.05194805194805195,0.06926406926406926,0.0735930735930736,0.008658008658008658,0.03896103896103896,231.0,6.089013481140136,26117.598100000003,1.0,0.0,0.0,0.0,0.0,0.0,0.0,0.0,0.0,0.0,0.0,0.0,0.0,0.0,0.0,0.0,0.0,0.0,0.0,0.0,0.0,0.0,0.0,0.0,0.0,0.0,0.0,0.0,0.0,0.0,0.0,0.0,0.0,1.0,0.0,0.0,1.0,0.0,0.0,0.0,0.0
A44-KR,0.05485232067510549,0.02531645569620253,0.08438818565400844,0.05063291139240506,0.0759493670886076,0.08860759493670886,0.05063291139240506,0.07172995780590717,0.03375527426160337,0.0379746835443038,0.04219409282700422,0.029535864978902954,0.06329113924050633,0.0379746835443038,0.046413502109704644,0.05907172995780591,0.07172995780590717,0.05485232067510549,0.004219409282700422,0.016877637130801686,237.0,5.259391593933105,26376.42059999999,0.0,0.0,0.0,1.0,0.0,0.0,0.0,0.0,0.0,0.0,0.0,0.0,0.0,0.0,0.0,0.0,0.0,0.0,0.0,0.0,0.0,0.0,0.0,0.0,0.0,0.0,0.0,0.0,0.0,0.0,0.0,0.0,0.0,0.0,0.0,1.0,1.0,0.0,0.0,0.0,0.0
E2-Crimson,0.035555555555555556,0.0044444444444444444,0.05333333333333334,0.08,0.057777777777777775,0.09777777777777778,0.044444444444444446,0.04,0.08888888888888889,0.06222222222222222,0.03111111111111111,0.03111111111111111,0.06222222222222222,0.04,0.02666666666666667,0.04888888888888889,0.04888888888888889,0.07555555555555556,0.013333333333333334,0.057777777777777775,225.0,6.202634620666504,25702.81550000001,0.0,0.0,0.0,0.0,0.0,0.0,0.0,0.0,0.0,0.0,0.0,0.0,0.0,0.0,0.0,0.0,0.0,0.0,0.0,0.0,0.0,0.0,1.0,0.0,0.0,0.0,0.0,0.0,0.0,0.0,0.0,0.0,0.0,1.0,0.0,0.0,1.0,0.0,0.0,0.0,0.0
IrisFP,0.05309734513274336,0.01327433628318584,0.0752212389380531,0.061946902654867256,0.05309734513274336,0.09292035398230089,0.048672566371681415,0.048672566371681415,0.084070796460177,0.06637168141592921,0.035398230088495575,0.048672566371681415,0.048672566371681415,0.017699115044247787,0.04424778761061947,0.03982300884955752,0.05309734513274336,0.05752212389380531,0.008849557522123894,0.048672566371681415,226.0,6.593118476867676,25694.835200000023,0.0,0.0,0.0,0.0,0.0,1.0,0.0,0.0,0.0,0.0,0.0,0.0,0.0,0.0,0.0,0.0,0.0,0.0,0.0,0.0,0.0,0.0,0.0,0.0,0.0,0.0,0.0,0.0,0.0,0.0,0.0,0.0,0.0,1.0,0.0,0.0,0.0,0.0,0.0,0.0,1.0
oxStayGold,0.03225806451612903,0.013824884792626729,0.05069124423963134,0.06912442396313365,0.041474654377880185,0.08755760368663594,0.059907834101382486,0.04608294930875576,0.08294930875576037,0.059907834101382486,0.027649769585253458,0.04608294930875576,0.059907834101382486,0.04608294930875576,0.018433179723502304,0.06912442396313365,0.06912442396313365,0.05069124423963134,0.013824884792626729,0.055299539170506916,217.0,6.340867042541503,24655.33820000002,0.0,0.0,1.0,0.0,0.0,0.0,0.0,0.0,0.0,0.0,0.0,0.0,0.0,0.0,0.0,0.0,0.0,0.0,0.0,0.0,0.0,0.0,0.0,0.0,0.0,0.0,0.0,0.0,0.0,0.0,0.0,0.0,1.0,0.0,0.0,0.0,1.0,0.0,0.0,0.0,0.0
BFP5,0.03361344537815126,0.008403361344537815,0.07563025210084033,0.06722689075630252,0.05042016806722689,0.09243697478991597,0.046218487394957986,0.0546218487394958,0.08403361344537816,0.07983193277310924,0.029411764705882353,0.0546218487394958,0.04201680672268908,0.03361344537815126,0.025210084033613446,0.046218487394957986,0.06302521008403361,0.06722689075630252,0.004201680672268907,0.04201680672268908,238.0,5.748718452453613,26858.00950000002,0.0,0.0,0.0,0.0,0.0,0.0,0.0,0.0,0.0,0.0,1.0,0.0,0.0,0.0,0.0,0.0,0.0,0.0,0.0,0.0,0.0,0.0,0.0,0.0,0.0,0.0,0.0,0.0,0.0,0.0,0.0,0.0,0.0,0.0,0.0,1.0,1.0,0.0,0.0,0.0,0.0
Dronpa-2,0.049107142857142856,0.017857142857142856,0.07142857142857142,0.07142857142857142,0.049107142857142856,0.08928571428571429,0.04017857142857143,0.049107142857142856,0.08928571428571429,0.05803571428571429,0.026785714285714284,0.049107142857142856,0.05357142857142857,0.022321428571428572,0.03571428571428571,0.044642857142857144,0.04017857142857143,0.07589285714285714,0.008928571428571428,0.05803571428571429,224.0,6.14011173248291,25450.511200000023,0.0,0.0,0.0,0.0,0.0,0.0,0.0,1.0,0.0,0.0,0.0,0.0,0.0,0.0,0.0,0.0,0.0,0.0,0.0,0.0,0.0,0.0,0.0,0.0,0.0,0.0,0.0,0.0,0.0,0.0,0.0,1.0,0.0,0.0,0.0,0.0,0.0,1.0,0.0,0.0,0.0
Free Use GFP,0.04184100418410042,0.008368200836820083,0.06276150627615062,0.08368200836820083,0.0502092050209205,0.09205020920502092,0.03347280334728033,0.04602510460251046,0.05439330543933055,0.09205020920502092,0.02092050209205021,0.04602510460251046,0.04184100418410042,0.03765690376569038,0.0502092050209205,0.058577405857740586,0.05439330543933055,0.07531380753138076,0.0041841004184100415,0.04602510460251046,239.0,5.288265800476074,26970.998200000013,0.0,0.0,0.0,0.0,1.0,0.0,0.0,0.0,0.0,0.0,0.0,0.0,0.0,0.0,0.0,0.0,0.0,0.0,0.0,0.0,0.0,0.0,0.0,0.0,0.0,0.0,0.0,0.0,0.0,0.0,0.0,0.0,0.0,0.0,0.0,1.0,1.0,0.0,0.0,0.0,0.0
cEGFP,0.0326530612244898,0.00816326530612245,0.06938775510204082,0.06938775510204082,0.04897959183673469,0.11428571428571428,0.0326530612244898,0.053061224489795916,0.08571428571428572,0.08979591836734693,0.024489795918367346,0.04897959183673469,0.04081632653061224,0.0326530612244898,0.024489795918367346,0.044897959183673466,0.0653061224489796,0.0653061224489796,0.004081632653061225,0.044897959183673466,245.0,5.626912498474121,27289.54960000002,0.0,0.0,1.0,0.0,0.0,0.0,0.0,0.0,0.0,0.0,0.0,0.0,0.0,0.0,0.0,0.0,0.0,0.0,0.0,0.0,0.0,0.0,0.0,0.0,0.0,0.0,0.0,0.0,0.0,0.0,0.0,0.0,0.0,0.0,0.0,1.0,1.0,0.0,0.0,0.0,0.0
mMaple3,0.0379746835443038,0.008438818565400843,0.06329113924050633,0.0759493670886076,0.05063291139240506,0.08016877637130802,0.03375527426160337,0.05907172995780591,0.10970464135021098,0.05063291139240506,0.04219409282700422,0.04219409282700422,0.046413502109704644,0.016877637130801686,0.04219409282700422,0.05063291139240506,0.05907172995780591,0.07172995780590717,0.008438818565400843,0.05063291139240506,237.0,8.603966712951664,27207.85170000002,0.0,0.0,0.0,0.0,0.0,1.0,0.0,0.0,0.0,0.0,0.0,0.0,0.0,0.0,0.0,0.0,0.0,0.0,0.0,0.0,0.0,0.0,0.0,0.0,0.0,0.0,0.0,0.0,0.0,0.0,0.0,1.0,0.0,0.0,0.0,0.0,0.0,0.0,0.0,1.0,0.0
mGeos-L,0.05309734513274336,0.01327433628318584,0.0752212389380531,0.05752212389380531,0.061946902654867256,0.09292035398230089,0.03982300884955752,0.048672566371681415,0.09292035398230089,0.06637168141592921,0.035398230088495575,0.048672566371681415,0.048672566371681415,0.017699115044247787,0.04424778761061947,0.035398230088495575,0.05309734513274336,0.05309734513274336,0.008849557522123894,0.05309734513274336,226.0,7.726431083679199,25819.099700000017,0.0,0.0,0.0,0.0,0.0,0.0,0.0,0.0,0.0,0.0,0.0,0.0,0.0,0.0,1.0,0.0,0.0,0.0,0.0,0.0,0.0,0.0,0.0,0.0,0.0,0.0,0.0,0.0,0.0,0.0,0.0,1.0,0.0,0.0,0.0,0.0,0.0,1.0,0.0,0.0,0.0
htFuncLib_slow.5,0.024193548387096774,0.012096774193548387,0.07258064516129033,0.07258064516129033,0.04838709677419355,0.09274193548387097,0.06854838709677419,0.05241935483870968,0.07258064516129033,0.07661290322580645,0.028225806451612902,0.04838709677419355,0.04838709677419355,0.028225806451612902,0.028225806451612902,0.04032258064516129,0.056451612903225805,0.07258064516129033,0.008064516129032258,0.04435483870967742,248.0,5.822097587585449,28239.493200000026,0.0,0.0,0.0,0.0,1.0,0.0,0.0,0.0,0.0,0.0,0.0,0.0,0.0,0.0,0.0,0.0,0.0,0.0,0.0,0.0,0.0,0.0,0.0,0.0,0.0,0.0,0.0,0.0,0.0,0.0,0.0,0.0,0.0,0.0,0.0,1.0,1.0,0.0,0.0,0.0,0.0
mEos4a,0.05286343612334802,0.00881057268722467,0.07488986784140969,0.05726872246696035,0.05726872246696035,0.09251101321585903,0.04405286343612335,0.04405286343612335,0.0881057268722467,0.06167400881057269,0.03524229074889868,0.048458149779735685,0.048458149779735685,0.01762114537444934,0.048458149779735685,0.030837004405286344,0.05726872246696035,0.06167400881057269,0.00881057268722467,0.06167400881057269,227.0,7.7724706649780275,26046.25550000002,0.0,0.0,0.0,0.0,0.0,1.0,0.0,0.0,0.0,0.0,0.0,0.0,0.0,0.0,0.0,0.0,0.0,0.0,0.0,0.0,0.0,0.0,0.0,0.0,0.0,0.0,0.0,0.0,0.0,0.0,0.0,1.0,0.0,0.0,0.0,0.0,0.0,0.0,0.0,1.0,0.0
htFuncLib_thermo.3,0.024193548387096774,0.012096774193548387,0.07258064516129033,0.07258064516129033,0.05241935483870968,0.09274193548387097,0.07258064516129033,0.04435483870967742,0.07258064516129033,0.0846774193548387,0.024193548387096774,0.04838709677419355,0.04435483870967742,0.028225806451612902,0.024193548387096774,0.04435483870967742,0.06048387096774194,0.07258064516129033,0.008064516129032258,0.04435483870967742,248.0,5.789244651794434,28256.41270000003,0.0,1.0,0.0,0.0,0.0,0.0,0.0,0.0,0.0,0.0,0.0,0.0,0.0,0.0,0.0,0.0,0.0,0.0,0.0,0.0,0.0,0.0,0.0,0.0,0.0,0.0,0.0,0.0,0.0,0.0,0.0,0.0,0.0,0.0,0.0,1.0,1.0,0.0,0.0,0.0,0.0
Kaede,0.04,0.013333333333333334,0.07555555555555556,0.05333333333333334,0.06666666666666667,0.08888888888888889,0.044444444444444446,0.044444444444444446,0.09333333333333334,0.08,0.035555555555555556,0.04,0.05333333333333334,0.022222222222222223,0.035555555555555556,0.04,0.04888888888888889,0.07111111111111111,0.008888888888888889,0.044444444444444446,225.0,7.1499132156372065,25671.147800000013,0.0,0.0,0.0,0.0,0.0,1.0,0.0,0.0,0.0,0.0,0.0,0.0,0.0,0.0,0.0,0.0,0.0,0.0,0.0,0.0,0.0,0.0,0.0,0.0,0.0,0.0,0.0,0.0,0.0,0.0,0.0,0.0,0.0,1.0,0.0,0.0,0.0,0.0,0.0,1.0,0.0
SH3,0.036036036036036036,0.0,0.07207207207207207,0.08108108108108109,0.05405405405405406,0.06306306306306306,0.018018018018018018,0.08108108108108109,0.04504504504504504,0.08108108108108109,0.009009009009009009,0.05405405405405406,0.04504504504504504,0.09009009009009009,0.07207207207207207,0.036036036036036036,0.06306306306306306,0.05405405405405406,0.009009009009009009,0.036036036036036036,111.0,5.11661205291748,12941.321299999992,0.0,0.0,0.0,0.0,0.0,0.0,1.0,0.0,0.0,0.0,0.0,0.0,0.0,0.0,0.0,0.0,0.0,0.0,0.0,0.0,0.0,0.0,0.0,0.0,0.0,0.0,0.0,0.0,0.0,0.0,0.0,0.0,0.0,0.0,0.0,1.0,1.0,0.0,0.0,0.0,0.0
ShyRFP,0.05084745762711865,0.0,0.05508474576271186,0.1059322033898305,0.05084745762711865,0.09745762711864407,0.029661016949152543,0.05508474576271186,0.09745762711864407,0.05508474576271186,0.0423728813559322,0.029661016949152543,0.05084745762711865,0.029661016949152543,0.03389830508474576,0.05084745762711865,0.038135593220338986,0.0635593220338983,0.012711864406779662,0.05084745762711865,236.0,5.589626121520996,26904.22380000001,1.0,0.0,0.0,0.0,0.0,0.0,0.0,0.0,0.0,0.0,0.0,0.0,0.0,0.0,0.0,0.0,0.0,0.0,0.0,0.0,0.0,0.0,0.0,0.0,0.0,0.0,0.0,0.0,0.0,0.0,0.0,1.0,0.0,0.0,0.0,0.0,0.0,0.0,0.0,0.0,1.0
TripartiteGFP,0.0379746835443038,0.008438818565400843,0.08438818565400844,0.06329113924050633,0.05063291139240506,0.08860759493670886,0.0379746835443038,0.05907172995780591,0.0759493670886076,0.08860759493670886,0.02109704641350211,0.046413502109704644,0.04219409282700422,0.029535864978902954,0.0379746835443038,0.03375527426160337,0.08016877637130802,0.06751054852320675,0.004219409282700422,0.04219409282700422,237.0,5.582123374938964,26774.96090000002,0.0,1.0,0.0,0.0,0.0,0.0,0.0,0.0,0.0,0.0,0.0,0.0,0.0,0.0,0.0,0.0,0.0,0.0,0.0,0.0,0.0,0.0,0.0,0.0,0.0,0.0,0.0,0.0,0.0,0.0,0.0,0.0,0.0,0.0,0.0,1.0,1.0,0.0,0.0,0.0,0.0
mCerulean2.D3,0.03765690376569038,0.012552301255230125,0.0794979079497908,0.06694560669456066,0.05439330543933055,0.100418410041841,0.03347280334728033,0.04602510460251046,0.08368200836820083,0.09205020920502092,0.02092050209205021,0.05439330543933055,0.04184100418410042,0.03347280334728033,0.02092050209205021,0.03347280334728033,0.07112970711297072,0.07112970711297072,0.008368200836820083,0.03765690376569038,239.0,5.2566633224487305,26754.899700000016,0.0,0.0,0.0,0.0,0.0,0.0,0.0,0.0,1.0,0.0,0.0,0.0,0.0,0.0,0.0,0.0,0.0,0.0,0.0,0.0,0.0,0.0,0.0,0.0,0.0,0.0,0.0,0.0,0.0,0.0,0.0,1.0,0.0,0.0,0.0,0.0,1.0,0.0,0.0,0.0,0.0
mRubyFT,0.029661016949152543,0.012711864406779662,0.046610169491525424,0.08050847457627118,0.05508474576271186,0.1228813559322034,0.029661016949152543,0.03389830508474576,0.07203389830508475,0.05508474576271186,0.059322033898305086,0.025423728813559324,0.046610169491525424,0.025423728813559324,0.05084745762711865,0.05508474576271186,0.0635593220338983,0.08898305084745763,0.00847457627118644,0.038135593220338986,236.0,6.664621925354004,26431.001000000004,0.0,0.0,0.0,0.0,0.0,0.0,0.0,0.0,0.0,0.0,0.0,0.0,0.0,0.0,1.0,0.0,0.0,0.0,0.0,0.0,0.0,0.0,0.0,0.0,0.0,0.0,0.0,0.0,0.0,0.0,0.0,1.0,0.0,0.0,0.0,0.0,0.0,0.0,0.0,0.0,1.0
mPlum-E16P,0.048672566371681415,0.0,0.05752212389380531,0.10176991150442478,0.03982300884955752,0.10619469026548672,0.02654867256637168,0.03982300884955752,0.09292035398230089,0.048672566371681415,0.048672566371681415,0.017699115044247787,0.05752212389380531,0.030973451327433628,0.04424778761061947,0.05309734513274336,0.05752212389380531,0.06637168141592921,0.01327433628318584,0.048672566371681415,226.0,5.762587165832519,25557.6355,1.0,0.0,0.0,0.0,0.0,0.0,0.0,0.0,0.0,0.0,0.0,0.0,0.0,0.0,0.0,0.0,0.0,0.0,0.0,0.0,0.0,0.0,0.0,0.0,0.0,0.0,0.0,0.0,0.0,0.0,0.0,1.0,0.0,0.0,0.0,0.0,1.0,0.0,0.0,0.0,0.0
htFuncLib_acid.2,0.028225806451612902,0.012096774193548387,0.07258064516129033,0.07258064516129033,0.05241935483870968,0.09274193548387097,0.06451612903225806,0.06048387096774194,0.07258064516129033,0.0846774193548387,0.024193548387096774,0.04838709677419355,0.04435483870967742,0.028225806451612902,0.028225806451612902,0.04032258064516129,0.056451612903225805,0.06451612903225806,0.008064516129032258,0.04435483870967742,248.0,5.770260429382325,28275.58490000003,0.0,0.0,0.0,0.0,1.0,0.0,0.0,0.0,0.0,0.0,0.0,0.0,0.0,0.0,0.0,0.0,0.0,0.0,0.0,0.0,0.0,0.0,0.0,0.0,0.0,0.0,0.0,0.0,0.0,0.0,0.0,0.0,0.0,0.0,0.0,1.0,1.0,0.0,0.0,0.0,0.0
miRFP680,0.11708860759493671,0.0189873417721519,0.056962025316455694,0.06329113924050633,0.03481012658227848,0.06962025316455696,0.03164556962025317,0.07911392405063292,0.012658227848101266,0.09177215189873418,0.02531645569620253,0.022151898734177215,0.06645569620253164,0.03164556962025317,0.08544303797468354,0.05063291139240506,0.05379746835443038,0.06329113924050633,0.006329113924050633,0.0189873417721519,316.0,5.82493953704834,34621.33460000002,0.0,0.0,0.0,0.0,0.0,0.0,1.0,0.0,0.0,0.0,0.0,0.0,0.0,0.0,0.0,0.0,0.0,0.0,0.0,0.0,0.0,0.0,0.0,0.0,0.0,0.0,0.0,0.0,0.0,0.0,0.0,1.0,0.0,0.0,0.0,0.0,1.0,0.0,0.0,0.0,0.0
SBFP2,0.03765690376569038,0.008368200836820083,0.07531380753138076,0.06694560669456066,0.05439330543933055,0.09623430962343096,0.04184100418410042,0.0502092050209205,0.08786610878661087,0.08786610878661087,0.02092050209205021,0.05439330543933055,0.04184100418410042,0.03347280334728033,0.02510460251046025,0.03765690376569038,0.06694560669456066,0.07112970711297072,0.0041841004184100415,0.03765690376569038,239.0,5.795326423645019,26838.018200000017,0.0,0.0,0.0,0.0,0.0,0.0,0.0,0.0,0.0,0.0,1.0,0.0,0.0,0.0,0.0,0.0,0.0,0.0,0.0,0.0,0.0,0.0,0.0,0.0,0.0,0.0,0.0,0.0,0.0,0.0,0.0,1.0,0.0,0.0,0.0,0.0,1.0,0.0,0.0,0.0,0.0
mEosFP,0.05309734513274336,0.01327433628318584,0.0752212389380531,0.061946902654867256,0.061946902654867256,0.09292035398230089,0.05309734513274336,0.048672566371681415,0.084070796460177,0.061946902654867256,0.035398230088495575,0.048672566371681415,0.048672566371681415,0.017699115044247787,0.04424778761061947,0.035398230088495575,0.05309734513274336,0.05309734513274336,0.008849557522123894,0.048672566371681415,226.0,6.631541633605957,25826.95620000002,0.0,0.0,0.0,0.0,0.0,1.0,0.0,0.0,0.0,0.0,0.0,0.0,0.0,0.0,0.0,0.0,0.0,0.0,0.0,0.0,0.0,0.0,0.0,0.0,0.0,0.0,0.0,0.0,0.0,0.0,0.0,1.0,0.0,0.0,0.0,0.0,0.0,0.0,0.0,1.0,0.0
super-TagRFP,0.040983606557377046,0.01639344262295082,0.040983606557377046,0.08196721311475409,0.045081967213114756,0.10245901639344263,0.03278688524590164,0.036885245901639344,0.0860655737704918,0.0778688524590164,0.045081967213114756,0.045081967213114756,0.045081967213114756,0.028688524590163935,0.036885245901639344,0.036885245901639344,0.0778688524590164,0.06557377049180328,0.00819672131147541,0.04918032786885246,244.0,7.085571479797363,27567.251200000017,1.0,0.0,0.0,0.0,0.0,0.0,0.0,0.0,0.0,0.0,0.0,0.0,0.0,0.0,0.0,0.0,0.0,0.0,0.0,0.0,0.0,0.0,0.0,0.0,0.0,0.0,0.0,0.0,0.0,0.0,0.0,1.0,0.0,0.0,0.0,0.0,1.0,0.0,0.0,0.0,0.0
mChartreuse,0.03361344537815126,0.008403361344537815,0.07142857142857142,0.06722689075630252,0.046218487394957986,0.09663865546218488,0.04201680672268908,0.046218487394957986,0.09243697478991597,0.08403361344537816,0.02100840336134454,0.046218487394957986,0.04201680672268908,0.03361344537815126,0.029411764705882353,0.046218487394957986,0.07563025210084033,0.07142857142857142,0.004201680672268907,0.04201680672268908,238.0,6.2024641036987305,26726.878500000017,0.0,1.0,0.0,0.0,0.0,0.0,0.0,0.0,0.0,0.0,0.0,0.0,0.0,0.0,0.0,0.0,0.0,0.0,0.0,0.0,0.0,0.0,0.0,0.0,0.0,0.0,0.0,0.0,0.0,0.0,0.0,1.0,0.0,0.0,0.0,0.0,1.0,0.0,0.0,0.0,0.0
LSSmGFP,0.03765690376569038,0.0,0.07531380753138076,0.06694560669456066,0.04184100418410042,0.09205020920502092,0.03765690376569038,0.0502092050209205,0.08368200836820083,0.08368200836820083,0.02510460251046025,0.06694560669456066,0.04184100418410042,0.03347280334728033,0.03347280334728033,0.04602510460251046,0.058577405857740586,0.0794979079497908,0.0041841004184100415,0.04184100418410042,239.0,5.849835014343261,26873.947700000022,0.0,0.0,0.0,0.0,1.0,0.0,0.0,0.0,0.0,0.0,0.0,0.0,0.0,0.0,0.0,0.0,0.0,0.0,0.0,0.0,0.0,0.0,0.0,0.0,0.0,0.0,0.0,0.0,0.0,0.0,0.0,1.0,0.0,0.0,0.0,0.0,1.0,0.0,0.0,0.0,0.0
TagRFP,0.04329004329004329,0.017316017316017316,0.04329004329004329,0.07792207792207792,0.047619047619047616,0.09956709956709957,0.03463203463203463,0.03896103896103896,0.08225108225108226,0.0735930735930736,0.04329004329004329,0.04329004329004329,0.047619047619047616,0.030303030303030304,0.03896103896103896,0.04329004329004329,0.07792207792207792,0.06060606060606061,0.008658008658008658,0.047619047619047616,231.0,7.0851167678833,26091.50040000001,1.0,0.0,0.0,0.0,0.0,0.0,0.0,0.0,0.0,0.0,0.0,0.0,0.0,0.0,0.0,0.0,0.0,0.0,0.0,0.0,0.0,0.0,0.0,0.0,0.0,0.0,0.0,0.0,0.0,0.0,0.0,0.0,0.0,0.0,1.0,0.0,1.0,0.0,0.0,0.0,0.0
mGeos-S,0.05309734513274336,0.01327433628318584,0.0752212389380531,0.05752212389380531,0.061946902654867256,0.09292035398230089,0.03982300884955752,0.048672566371681415,0.09292035398230089,0.061946902654867256,0.035398230088495575,0.048672566371681415,0.048672566371681415,0.017699115044247787,0.04424778761061947,0.03982300884955752,0.05309734513274336,0.05309734513274336,0.008849557522123894,0.05309734513274336,226.0,7.726431083679199,25793.01940000002,0.0,0.0,0.0,0.0,1.0,0.0,0.0,0.0,0.0,0.0,0.0,0.0,0.0,0.0,0.0,0.0,0.0,0.0,0.0,0.0,0.0,0.0,0.0,0.0,0.0,0.0,0.0,0.0,0.0,0.0,0.0,1.0,0.0,0.0,0.0,0.0,0.0,1.0,0.0,0.0,0.0
mGold2s,0.03765690376569038,0.012552301255230125,0.06694560669456066,0.07112970711297072,0.05439330543933055,0.100418410041841,0.03347280334728033,0.0502092050209205,0.07531380753138076,0.09205020920502092,0.02092050209205021,0.058577405857740586,0.04184100418410042,0.03347280334728033,0.03347280334728033,0.03765690376569038,0.058577405857740586,0.07112970711297072,0.0041841004184100415,0.04602510460251046,239.0,5.624241065979004,26902.126300000018,0.0,0.0,1.0,0.0,0.0,0.0,0.0,0.0,0.0,0.0,0.0,0.0,0.0,0.0,0.0,0.0,0.0,0.0,0.0,0.0,0.0,0.0,0.0,0.0,0.0,0.0,0.0,0.0,0.0,0.0,0.0,1.0,0.0,0.0,0.0,0.0,1.0,0.0,0.0,0.0,0.0
AdRed,0.05627705627705628,0.03463203463203463,0.06493506493506493,0.05627705627705628,0.05627705627705628,0.08225108225108226,0.03463203463203463,0.03896103896103896,0.08225108225108226,0.06060606060606061,0.03896103896103896,0.03463203463203463,0.05194805194805195,0.03463203463203463,0.03896103896103896,0.06060606060606061,0.05194805194805195,0.06926406926406926,0.017316017316017316,0.03463203463203463,231.0,7.062096977233887,26062.533500000012,0.0,0.0,0.0,0.0,0.0,0.0,0.0,0.0,0.0,0.0,0.0,1.0,0.0,0.0,0.0,0.0,0.0,0.0,0.0,0.0,0.0,0.0,0.0,0.0,0.0,0.0,0.0,0.0,0.0,0.0,0.0,0.0,0.0,1.0,0.0,0.0,1.0,0.0,0.0,0.0,0.0
Padron,0.05357142857142857,0.017857142857142856,0.07142857142857142,0.07142857142857142,0.044642857142857144,0.08928571428571429,0.04017857142857143,0.05357142857142857,0.08928571428571429,0.0625,0.03125,0.044642857142857144,0.049107142857142856,0.022321428571428572,0.03571428571428571,0.05357142857142857,0.03125,0.06696428571428571,0.008928571428571428,0.0625,224.0,6.1400548934936525,25457.566700000025,0.0,0.0,0.0,0.0,0.0,0.0,0.0,1.0,0.0,0.0,0.0,0.0,0.0,0.0,0.0,0.0,0.0,0.0,0.0,0.0,0.0,0.0,0.0,0.0,0.0,0.0,0.0,0.0,0.0,0.0,0.0,1.0,0.0,0.0,0.0,0.0,0.0,1.0,0.0,0.0,0.0
ppluGFP2,0.04954954954954955,0.0045045045045045045,0.03153153153153153,0.06756756756756757,0.07657657657657657,0.12162162162162163,0.04954954954954955,0.05405405405405406,0.04054054054054054,0.05855855855855856,0.036036036036036036,0.04504504504504504,0.04504504504504504,0.013513513513513514,0.04504504504504504,0.06756756756756757,0.06756756756756757,0.07207207207207207,0.0,0.05405405405405406,222.0,6.403503608703613,24653.58260000001,0.0,0.0,1.0,0.0,0.0,0.0,0.0,0.0,0.0,0.0,0.0,0.0,0.0,0.0,0.0,0.0,0.0,0.0,0.0,0.0,0.0,0.0,0.0,0.0,0.0,0.0,0.0,0.0,0.0,0.0,0.0,1.0,0.0,0.0,0.0,0.0,1.0,0.0,0.0,0.0,0.0
DrCBD,0.12149532710280374,0.009345794392523364,0.03426791277258567,0.059190031152647975,0.028037383177570093,0.07476635514018691,0.037383177570093455,0.024922118380062305,0.006230529595015576,0.14953271028037382,0.021806853582554516,0.021806853582554516,0.09345794392523364,0.04672897196261682,0.06230529595015576,0.04361370716510903,0.07165109034267912,0.059190031152647975,0.012461059190031152,0.021806853582554516,321.0,5.819426155090333,34742.4578,0.0,0.0,0.0,0.0,0.0,0.0,1.0,0.0,0.0,0.0,0.0,0.0,0.0,0.0,0.0,0.0,0.0,0.0,0.0,0.0,0.0,0.0,0.0,0.0,0.0,0.0,0.0,0.0,0.0,0.0,0.0,1.0,0.0,0.0,0.0,0.0,1.0,0.0,0.0,0.0,0.0
mKate S158A,0.047619047619047616,0.017316017316017316,0.04329004329004329,0.07792207792207792,0.04329004329004329,0.09956709956709957,0.030303030303030304,0.03896103896103896,0.08658008658008658,0.07792207792207792,0.04329004329004329,0.03896103896103896,0.047619047619047616,0.030303030303030304,0.03896103896103896,0.04329004329004329,0.07792207792207792,0.06060606060606061,0.008658008658008658,0.047619047619047616,231.0,7.674309730529786,26005.49250000001,1.0,0.0,0.0,0.0,0.0,0.0,0.0,0.0,0.0,0.0,0.0,0.0,0.0,0.0,0.0,0.0,0.0,0.0,0.0,0.0,0.0,0.0,0.0,0.0,0.0,0.0,0.0,0.0,0.0,0.0,0.0,1.0,0.0,0.0,0.0,0.0,1.0,0.0,0.0,0.0,0.0
pcDronpa2,0.05357142857142857,0.013392857142857142,0.07142857142857142,0.06696428571428571,0.049107142857142856,0.09375,0.044642857142857144,0.05357142857142857,0.08928571428571429,0.05803571428571429,0.03125,0.044642857142857144,0.05357142857142857,0.022321428571428572,0.03571428571428571,0.049107142857142856,0.03571428571428571,0.07142857142857142,0.008928571428571428,0.05357142857142857,224.0,6.360590171813963,25337.443000000017,0.0,0.0,0.0,0.0,0.0,1.0,0.0,0.0,0.0,0.0,0.0,0.0,0.0,0.0,0.0,0.0,0.0,0.0,0.0,0.0,0.0,0.0,0.0,0.0,0.0,0.0,0.0,0.0,0.0,0.0,0.0,0.0,0.0,1.0,0.0,0.0,0.0,0.0,0.0,0.0,1.0
htFuncLib_basic.6,0.028225806451612902,0.016129032258064516,0.07258064516129033,0.07258064516129033,0.04838709677419355,0.09274193548387097,0.06854838709677419,0.05241935483870968,0.07258064516129033,0.0846774193548387,0.024193548387096774,0.04838709677419355,0.04435483870967742,0.028225806451612902,0.024193548387096774,0.04032258064516129,0.056451612903225805,0.07258064516129033,0.008064516129032258,0.04435483870967742,248.0,5.738260078430176,28184.45440000003,0.0,0.0,0.0,0.0,1.0,0.0,0.0,0.0,0.0,0.0,0.0,0.0,0.0,0.0,0.0,0.0,0.0,0.0,0.0,0.0,0.0,0.0,0.0,0.0,0.0,0.0,0.0,0.0,0.0,0.0,0.0,0.0,0.0,0.0,0.0,1.0,1.0,0.0,0.0,0.0,0.0
rfloRFP,0.047619047619047616,0.025974025974025976,0.06493506493506493,0.047619047619047616,0.047619047619047616,0.1038961038961039,0.03463203463203463,0.05627705627705628,0.0735930735930736,0.06493506493506493,0.03463203463203463,0.030303030303030304,0.06060606060606061,0.03896103896103896,0.025974025974025976,0.047619047619047616,0.05627705627705628,0.0735930735930736,0.008658008658008658,0.05194805194805195,231.0,6.229860496520996,25655.074,0.0,0.0,0.0,0.0,0.0,1.0,0.0,0.0,0.0,0.0,0.0,0.0,0.0,0.0,0.0,0.0,0.0,0.0,0.0,0.0,0.0,0.0,0.0,0.0,0.0,0.0,0.0,0.0,0.0,0.0,0.0,0.0,0.0,0.0,0.0,1.0,1.0,0.0,0.0,0.0,0.0
rrenGFP,0.055793991416309016,0.004291845493562232,0.04721030042918455,0.06866952789699571,0.05150214592274678,0.08583690987124463,0.030042918454935622,0.07296137339055794,0.07296137339055794,0.060085836909871244,0.03862660944206009,0.030042918454935622,0.04291845493562232,0.03862660944206009,0.030042918454935622,0.06437768240343347,0.06866952789699571,0.08583690987124463,0.0,0.05150214592274678,233.0,6.169213294982909,25992.47490000001,0.0,0.0,0.0,0.0,1.0,0.0,0.0,0.0,0.0,0.0,0.0,0.0,0.0,0.0,0.0,0.0,0.0,0.0,0.0,0.0,0.0,0.0,0.0,0.0,0.0,0.0,0.0,0.0,0.0,0.0,0.0,0.0,1.0,0.0,0.0,0.0,1.0,0.0,0.0,0.0,0.0
tdimer2(12),0.034482758620689655,0.0,0.05603448275862069,0.08620689655172414,0.05172413793103448,0.10775862068965517,0.032327586206896554,0.03879310344827586,0.09051724137931035,0.06465517241379311,0.028017241379310345,0.017241379310344827,0.05603448275862069,0.03879310344827586,0.03879310344827586,0.05603448275862069,0.0625,0.07112068965517242,0.01293103448275862,0.05603448275862069,464.0,6.23673801422119,52656.86190000001,0.0,0.0,0.0,1.0,0.0,0.0,0.0,0.0,0.0,0.0,0.0,0.0,0.0,0.0,0.0,0.0,0.0,0.0,0.0,0.0,0.0,0.0,0.0,0.0,0.0,0.0,0.0,0.0,0.0,0.0,0.0,0.0,0.0,0.0,0.0,1.0,1.0,0.0,0.0,0.0,0.0
SOPP2,0.02830188679245283,0.0,0.07547169811320754,0.07547169811320754,0.05660377358490566,0.07547169811320754,0.009433962264150943,0.08490566037735849,0.05660377358490566,0.11320754716981132,0.018867924528301886,0.03773584905660377,0.04716981132075472,0.07547169811320754,0.07547169811320754,0.03773584905660377,0.05660377358490566,0.04716981132075472,0.0,0.02830188679245283,106.0,5.376252555847168,12225.800899999991,0.0,0.0,0.0,0.0,0.0,0.0,1.0,0.0,0.0,0.0,0.0,0.0,0.0,0.0,0.0,0.0,0.0,0.0,0.0,0.0,0.0,0.0,0.0,0.0,0.0,0.0,0.0,0.0,0.0,0.0,0.0,0.0,0.0,0.0,0.0,1.0,1.0,0.0,0.0,0.0,0.0
Nữ,0.03765690376569038,0.008368200836820083,0.07531380753138076,0.06694560669456066,0.04602510460251046,0.09623430962343096,0.03347280334728033,0.0502092050209205,0.08368200836820083,0.09205020920502092,0.029288702928870293,0.05439330543933055,0.04184100418410042,0.029288702928870293,0.029288702928870293,0.03765690376569038,0.058577405857740586,0.07531380753138076,0.008368200836820083,0.04602510460251046,239.0,5.622820091247559,26954.305300000015,0.0,0.0,1.0,0.0,0.0,0.0,0.0,0.0,0.0,0.0,0.0,0.0,0.0,0.0,0.0,0.0,0.0,0.0,0.0,0.0,0.0,0.0,0.0,0.0,0.0,0.0,0.0,0.0,0.0,0.0,0.0,1.0,0.0,0.0,0.0,0.0,1.0,0.0,0.0,0.0,0.0
Sandercyanin,0.11176470588235295,0.029411764705882353,0.047058823529411764,0.047058823529411764,0.047058823529411764,0.06470588235294118,0.011764705882352941,0.047058823529411764,0.047058823529411764,0.07058823529411765,0.01764705882352941,0.047058823529411764,0.06470588235294118,0.047058823529411764,0.03529411764705882,0.07647058823529412,0.058823529411764705,0.06470588235294118,0.011764705882352941,0.052941176470588235,170.0,5.648283958435059,18616.872099999986,0.0,0.0,0.0,0.0,0.0,0.0,1.0,0.0,0.0,0.0,0.0,0.0,0.0,0.0,0.0,0.0,0.0,0.0,0.0,0.0,0.0,0.0,0.0,0.0,0.0,0.0,0.0,0.0,0.0,0.0,0.0,0.0,0.0,1.0,0.0,0.0,1.0,0.0,0.0,0.0,0.0
DsRed2,0.035555555555555556,0.0044444444444444444,0.05333333333333334,0.08888888888888889,0.057777777777777775,0.09777777777777778,0.035555555555555556,0.04,0.09333333333333334,0.06222222222222222,0.03111111111111111,0.02666666666666667,0.05333333333333334,0.03111111111111111,0.035555555555555556,0.04888888888888889,0.05333333333333334,0.08,0.013333333333333334,0.057777777777777775,225.0,6.254755973815918,25762.95210000001,0.0,0.0,0.0,1.0,0.0,0.0,0.0,0.0,0.0,0.0,0.0,0.0,0.0,0.0,0.0,0.0,0.0,0.0,0.0,0.0,0.0,0.0,0.0,0.0,0.0,0.0,0.0,0.0,0.0,0.0,0.0,0.0,0.0,1.0,0.0,0.0,1.0,0.0,0.0,0.0,0.0
SHardonnay,0.03765690376569038,0.008368200836820083,0.07531380753138076,0.06694560669456066,0.058577405857740586,0.09623430962343096,0.03765690376569038,0.0502092050209205,0.08368200836820083,0.08786610878661087,0.02510460251046025,0.05439330543933055,0.04184100418410042,0.03347280334728033,0.02510460251046025,0.03765690376569038,0.058577405857740586,0.07112970711297072,0.0041841004184100415,0.04602510460251046,239.0,5.583601188659667,26975.215000000015,0.0,0.0,1.0,0.0,0.0,0.0,0.0,0.0,0.0,0.0,0.0,0.0,0.0,0.0,0.0,0.0,0.0,0.0,0.0,0.0,0.0,0.0,0.0,0.0,0.0,0.0,0.0,0.0,0.0,0.0,0.0,1.0,0.0,0.0,0.0,0.0,1.0,0.0,0.0,0.0,0.0
(3-F)Tyr-EGFP,0.03508771929824561,0.008771929824561403,0.07456140350877193,0.06578947368421052,0.05263157894736842,0.09649122807017543,0.039473684210526314,0.05263157894736842,0.08333333333333333,0.08333333333333333,0.017543859649122806,0.05701754385964912,0.043859649122807015,0.03508771929824561,0.02631578947368421,0.043859649122807015,0.06140350877192982,0.07456140350877193,0.0043859649122807015,0.043859649122807015,228.0,5.703019905090333,25615.561400000017,0.0,0.0,1.0,0.0,0.0,0.0,0.0,0.0,0.0,0.0,0.0,0.0,0.0,0.0,0.0,0.0,0.0,0.0,0.0,0.0,0.0,0.0,0.0,0.0,0.0,0.0,0.0,0.0,0.0,0.0,0.0,0.0,0.0,0.0,0.0,1.0,1.0,0.0,0.0,0.0,0.0
pHmScarlet,0.03879310344827586,0.004310344827586207,0.0603448275862069,0.09051724137931035,0.04741379310344827,0.10775862068965517,0.021551724137931036,0.034482758620689655,0.09051724137931035,0.0603448275862069,0.04310344827586207,0.021551724137931036,0.05603448275862069,0.034482758620689655,0.04741379310344827,0.04741379310344827,0.06465517241379311,0.06465517241379311,0.01293103448275862,0.05172413793103448,232.0,6.017396354675292,26361.582000000006,1.0,0.0,0.0,0.0,0.0,0.0,0.0,0.0,0.0,0.0,0.0,0.0,0.0,0.0,0.0,0.0,0.0,0.0,0.0,0.0,0.0,0.0,0.0,0.0,0.0,0.0,0.0,0.0,0.0,0.0,0.0,0.0,0.0,0.0,0.0,1.0,1.0,0.0,0.0,0.0,0.0
pHmScarlet,0.03879310344827586,0.004310344827586207,0.0603448275862069,0.09051724137931035,0.04741379310344827,0.10775862068965517,0.021551724137931036,0.034482758620689655,0.09051724137931035,0.0603448275862069,0.04310344827586207,0.021551724137931036,0.05603448275862069,0.034482758620689655,0.04741379310344827,0.04741379310344827,0.06465517241379311,0.06465517241379311,0.01293103448275862,0.05172413793103448,232.0,6.017396354675292,26361.582000000006,1.0,0.0,0.0,0.0,0.0,0.0,0.0,0.0,0.0,0.0,0.0,0.0,0.0,0.0,0.0,0.0,0.0,0.0,0.0,0.0,0.0,0.0,0.0,0.0,0.0,0.0,0.0,0.0,0.0,0.0,0.0,0.0,0.0,0.0,0.0,1.0,1.0,0.0,0.0,0.0,0.0
mKO,0.05045871559633028,0.009174311926605505,0.04128440366972477,0.08256880733944955,0.05504587155963303,0.10091743119266056,0.045871559633027525,0.04128440366972477,0.0779816513761468,0.05045871559633028,0.045871559633027525,0.027522935779816515,0.05504587155963303,0.022935779816513763,0.03669724770642202,0.07339449541284404,0.06422018348623854,0.06422018348623854,0.009174311926605505,0.045871559633027525,218.0,6.552819633483887,24453.45170000001,0.0,0.0,0.0,0.0,0.0,0.0,0.0,1.0,0.0,0.0,0.0,0.0,0.0,0.0,0.0,0.0,0.0,0.0,0.0,0.0,0.0,0.0,0.0,0.0,0.0,0.0,0.0,0.0,0.0,0.0,0.0,1.0,0.0,0.0,0.0,0.0,1.0,0.0,0.0,0.0,0.0
meffGFP,0.04721030042918455,0.02145922746781116,0.060085836909871244,0.060085836909871244,0.060085836909871244,0.07725321888412018,0.030042918454935622,0.04291845493562232,0.08583690987124463,0.06437768240343347,0.034334763948497854,0.04291845493562232,0.05150214592274678,0.034334763948497854,0.04291845493562232,0.06437768240343347,0.060085836909871244,0.06437768240343347,0.017167381974248927,0.03862660944206009,233.0,8.187178611755371,26538.968500000017,0.0,0.0,0.0,0.0,0.0,0.0,0.0,0.0,0.0,0.0,0.0,0.0,0.0,0.0,1.0,0.0,0.0,0.0,0.0,0.0,0.0,0.0,0.0,0.0,0.0,0.0,0.0,0.0,0.0,0.0,0.0,0.0,0.0,1.0,0.0,0.0,1.0,0.0,0.0,0.0,0.0
pporGFP,0.05454545454545454,0.013636363636363636,0.05909090909090909,0.06818181818181818,0.06818181818181818,0.08181818181818182,0.02727272727272727,0.031818181818181815,0.09545454545454546,0.07272727272727272,0.022727272727272728,0.031818181818181815,0.05,0.022727272727272728,0.03636363636363636,0.06818181818181818,0.08181818181818182,0.06363636363636363,0.00909090909090909,0.04090909090909091,220.0,7.697386360168458,24732.77360000002,0.0,0.0,0.0,0.0,0.0,0.0,0.0,0.0,0.0,0.0,0.0,0.0,0.0,0.0,1.0,0.0,0.0,0.0,0.0,0.0,0.0,0.0,0.0,0.0,0.0,0.0,0.0,0.0,0.0,0.0,0.0,0.0,0.0,1.0,0.0,0.0,1.0,0.0,0.0,0.0,0.0
mc1,0.04,0.013333333333333334,0.05333333333333334,0.08,0.057777777777777775,0.09333333333333334,0.04,0.044444444444444446,0.08888888888888889,0.05333333333333334,0.04888888888888889,0.04,0.05333333333333334,0.013333333333333334,0.04888888888888889,0.04,0.05333333333333334,0.07555555555555556,0.008888888888888889,0.05333333333333334,225.0,7.731262397766113,25821.309300000023,0.0,0.0,0.0,0.0,0.0,1.0,0.0,0.0,0.0,0.0,0.0,0.0,0.0,0.0,0.0,0.0,0.0,0.0,0.0,0.0,0.0,0.0,0.0,0.0,0.0,0.0,0.0,0.0,0.0,0.0,0.0,0.0,0.0,0.0,0.0,1.0,1.0,0.0,0.0,0.0,0.0
htFuncLib_sf:photostable.1,0.040160642570281124,0.012048192771084338,0.07228915662650602,0.0642570281124498,0.04417670682730924,0.09236947791164658,0.060240963855421686,0.04417670682730924,0.08032128514056225,0.08433734939759036,0.024096385542168676,0.05220883534136546,0.040160642570281124,0.028112449799196786,0.0321285140562249,0.04819277108433735,0.06827309236947791,0.07228915662650602,0.004016064257028112,0.03614457831325301,249.0,6.189561653137207,27939.163000000026,0.0,0.0,0.0,0.0,1.0,0.0,0.0,0.0,0.0,0.0,0.0,0.0,0.0,0.0,0.0,0.0,0.0,0.0,0.0,0.0,0.0,0.0,0.0,0.0,0.0,0.0,0.0,0.0,0.0,0.0,0.0,0.0,0.0,0.0,0.0,1.0,1.0,0.0,0.0,0.0,0.0
Padron(star),0.05357142857142857,0.017857142857142856,0.07142857142857142,0.07142857142857142,0.044642857142857144,0.08928571428571429,0.044642857142857144,0.044642857142857144,0.08928571428571429,0.05803571428571429,0.03125,0.049107142857142856,0.049107142857142856,0.017857142857142856,0.04017857142857143,0.05803571428571429,0.03125,0.06696428571428571,0.008928571428571428,0.0625,224.0,6.36223850250244,25484.469600000026,0.0,0.0,0.0,0.0,0.0,0.0,0.0,1.0,0.0,0.0,0.0,0.0,0.0,0.0,0.0,0.0,0.0,0.0,0.0,0.0,0.0,0.0,0.0,0.0,0.0,0.0,0.0,0.0,0.0,0.0,0.0,1.0,0.0,0.0,0.0,0.0,0.0,0.0,0.0,0.0,1.0
mCerulean.B24,0.04184100418410042,0.008368200836820083,0.07531380753138076,0.06694560669456066,0.0502092050209205,0.100418410041841,0.03765690376569038,0.0502092050209205,0.08368200836820083,0.09205020920502092,0.02092050209205021,0.0502092050209205,0.04184100418410042,0.03347280334728033,0.02510460251046025,0.03347280334728033,0.07112970711297072,0.07112970711297072,0.008368200836820083,0.03765690376569038,239.0,5.583601188659667,26752.953500000018,0.0,0.0,0.0,0.0,0.0,0.0,0.0,0.0,1.0,0.0,0.0,0.0,0.0,0.0,0.0,0.0,0.0,0.0,0.0,0.0,0.0,0.0,0.0,0.0,0.0,0.0,0.0,0.0,0.0,0.0,0.0,1.0,0.0,0.0,0.0,0.0,1.0,0.0,0.0,0.0,0.0
PATagRFP,0.03896103896103896,0.012987012987012988,0.04329004329004329,0.07792207792207792,0.04329004329004329,0.09956709956709957,0.030303030303030304,0.04329004329004329,0.09523809523809523,0.0735930735930736,0.03896103896103896,0.03896103896103896,0.05194805194805195,0.025974025974025976,0.03463203463203463,0.05194805194805195,0.07792207792207792,0.06060606060606061,0.017316017316017316,0.04329004329004329,231.0,8.283236503601074,26081.543900000015,1.0,0.0,0.0,0.0,0.0,0.0,0.0,0.0,0.0,0.0,0.0,0.0,0.0,0.0,0.0,0.0,0.0,0.0,0.0,0.0,0.0,0.0,0.0,0.0,0.0,0.0,0.0,0.0,0.0,0.0,0.0,1.0,0.0,0.0,0.0,0.0,0.0,0.0,1.0,0.0,0.0
amilFP490,0.047619047619047616,0.012987012987012988,0.04329004329004329,0.06926406926406926,0.06493506493506493,0.09523809523809523,0.047619047619047616,0.03896103896103896,0.08225108225108226,0.05194805194805195,0.03896103896103896,0.030303030303030304,0.05627705627705628,0.03463203463203463,0.025974025974025976,0.05627705627705628,0.0735930735930736,0.07792207792207792,0.008658008658008658,0.04329004329004329,231.0,6.8305349349975595,25952.25870000001,0.0,0.0,0.0,1.0,0.0,0.0,0.0,0.0,0.0,0.0,0.0,0.0,0.0,0.0,0.0,0.0,0.0,0.0,0.0,0.0,0.0,0.0,0.0,0.0,0.0,0.0,0.0,0.0,0.0,0.0,0.0,0.0,0.0,0.0,0.0,1.0,1.0,0.0,0.0,0.0,0.0
KCY-R1-38L,0.04017857142857143,0.013392857142857142,0.05803571428571429,0.06696428571428571,0.05803571428571429,0.11160714285714286,0.026785714285714284,0.05357142857142857,0.09375,0.05803571428571429,0.03571428571428571,0.03125,0.0625,0.008928571428571428,0.026785714285714284,0.07142857142857142,0.07589285714285714,0.049107142857142856,0.008928571428571428,0.049107142857142856,224.0,6.662689399719239,24853.968000000004,0.0,0.0,0.0,0.0,1.0,0.0,0.0,0.0,0.0,0.0,0.0,0.0,0.0,0.0,0.0,0.0,0.0,0.0,0.0,0.0,0.0,0.0,0.0,0.0,0.0,0.0,0.0,0.0,0.0,0.0,0.0,0.0,0.0,0.0,0.0,1.0,1.0,0.0,0.0,0.0,0.0
GFPxm191uv,0.029411764705882353,0.01680672268907563,0.06722689075630252,0.07563025210084033,0.06302521008403361,0.10504201680672269,0.046218487394957986,0.06302521008403361,0.07563025210084033,0.07983193277310924,0.03361344537815126,0.0546218487394958,0.04201680672268908,0.02100840336134454,0.03361344537815126,0.03361344537815126,0.0546218487394958,0.058823529411764705,0.004201680672268907,0.04201680672268908,238.0,5.755141258239747,27001.394600000018,0.0,0.0,0.0,0.0,1.0,0.0,0.0,0.0,0.0,0.0,0.0,0.0,0.0,0.0,0.0,0.0,0.0,0.0,0.0,0.0,0.0,0.0,0.0,0.0,0.0,0.0,0.0,0.0,0.0,0.0,0.0,1.0,0.0,0.0,0.0,0.0,1.0,0.0,0.0,0.0,0.0
SEYFP,0.04184100418410042,0.008368200836820083,0.07531380753138076,0.06694560669456066,0.0502092050209205,0.100418410041841,0.03765690376569038,0.0502092050209205,0.08368200836820083,0.09205020920502092,0.02092050209205021,0.05439330543933055,0.04184100418410042,0.03347280334728033,0.02510460251046025,0.03347280334728033,0.06276150627615062,0.06694560669456066,0.0041841004184100415,0.0502092050209205,239.0,5.583601188659667,26869.027000000013,0.0,0.0,1.0,0.0,0.0,0.0,0.0,0.0,0.0,0.0,0.0,0.0,0.0,0.0,0.0,0.0,0.0,0.0,0.0,0.0,0.0,0.0,0.0,0.0,0.0,0.0,0.0,0.0,0.0,0.0,0.0,0.0,1.0,0.0,0.0,0.0,1.0,0.0,0.0,0.0,0.0
ccalGFP3,0.04072398190045249,0.027149321266968326,0.05429864253393665,0.049773755656108594,0.058823529411764705,0.09954751131221719,0.03619909502262444,0.03167420814479638,0.06787330316742081,0.05429864253393665,0.04524886877828054,0.04072398190045249,0.049773755656108594,0.05429864253393665,0.03619909502262444,0.049773755656108594,0.09049773755656108,0.06334841628959276,0.00904977375565611,0.04072398190045249,221.0,7.070622825622559,24818.885400000006,0.0,1.0,0.0,0.0,0.0,0.0,0.0,0.0,0.0,0.0,0.0,0.0,0.0,0.0,0.0,0.0,0.0,0.0,0.0,0.0,0.0,0.0,0.0,0.0,0.0,0.0,0.0,0.0,0.0,0.0,0.0,0.0,0.0,1.0,0.0,0.0,1.0,0.0,0.0,0.0,0.0
scubGFP2,0.059574468085106386,0.01276595744680851,0.06382978723404255,0.06808510638297872,0.06808510638297872,0.0851063829787234,0.01702127659574468,0.0425531914893617,0.09361702127659574,0.059574468085106386,0.029787234042553193,0.05106382978723404,0.05531914893617021,0.03829787234042553,0.03404255319148936,0.03829787234042553,0.05531914893617021,0.06808510638297872,0.00851063829787234,0.04680851063829787,235.0,6.44772434234619,26569.90110000002,0.0,0.0,0.0,1.0,0.0,0.0,0.0,0.0,0.0,0.0,0.0,0.0,0.0,0.0,0.0,0.0,0.0,0.0,0.0,0.0,0.0,0.0,0.0,0.0,0.0,0.0,0.0,0.0,0.0,0.0,0.0,0.0,0.0,0.0,0.0,1.0,1.0,0.0,0.0,0.0,0.0
htFuncLib_sf:acid.3,0.03614457831325301,0.008032128514056224,0.07228915662650602,0.0642570281124498,0.04417670682730924,0.09236947791164658,0.060240963855421686,0.04417670682730924,0.08032128514056225,0.08835341365461848,0.024096385542168676,0.05220883534136546,0.040160642570281124,0.024096385542168676,0.0321285140562249,0.04819277108433735,0.06827309236947791,0.08032128514056225,0.004016064257028112,0.03614457831325301,249.0,6.18973217010498,27948.23260000003,0.0,0.0,0.0,0.0,1.0,0.0,0.0,0.0,0.0,0.0,0.0,0.0,0.0,0.0,0.0,0.0,0.0,0.0,0.0,0.0,0.0,0.0,0.0,0.0,0.0,0.0,0.0,0.0,0.0,0.0,0.0,0.0,0.0,0.0,0.0,1.0,1.0,0.0,0.0,0.0,0.0
atenFP,0.05909090909090909,0.013636363636363636,0.03636363636363636,0.06363636363636363,0.07272727272727272,0.09090909090909091,0.045454545454545456,0.04090909090909091,0.07272727272727272,0.06818181818181818,0.031818181818181815,0.04090909090909091,0.05454545454545454,0.031818181818181815,0.031818181818181815,0.05454545454545454,0.06818181818181818,0.07727272727272727,0.00909090909090909,0.03636363636363636,220.0,7.773948478698731,24638.891500000012,0.0,0.0,0.0,1.0,0.0,0.0,0.0,0.0,0.0,0.0,0.0,0.0,0.0,0.0,0.0,0.0,0.0,0.0,0.0,0.0,0.0,0.0,0.0,0.0,0.0,0.0,0.0,0.0,0.0,0.0,0.0,0.0,0.0,0.0,0.0,1.0,1.0,0.0,0.0,0.0,0.0
mRuby,0.04405286343612335,0.013215859030837005,0.039647577092511016,0.07048458149779736,0.05726872246696035,0.1277533039647577,0.030837004405286344,0.039647577092511016,0.06607929515418502,0.05286343612334802,0.05726872246696035,0.039647577092511016,0.04405286343612335,0.030837004405286344,0.048458149779735685,0.048458149779735685,0.06607929515418502,0.07929515418502203,0.00881057268722467,0.03524229074889868,227.0,7.740868186950684,25221.592599999996,1.0,0.0,0.0,0.0,0.0,0.0,0.0,0.0,0.0,0.0,0.0,0.0,0.0,0.0,0.0,0.0,0.0,0.0,0.0,0.0,0.0,0.0,0.0,0.0,0.0,0.0,0.0,0.0,0.0,0.0,0.0,1.0,0.0,0.0,0.0,0.0,1.0,0.0,0.0,0.0,0.0
V127T SAASoti,0.05405405405405406,0.02252252252252252,0.05855855855855856,0.06306306306306306,0.06306306306306306,0.08108108108108109,0.04504504504504504,0.06306306306306306,0.07657657657657657,0.05405405405405406,0.04054054054054054,0.036036036036036036,0.04504504504504504,0.036036036036036036,0.02702702702702703,0.05405405405405406,0.07207207207207207,0.05405405405405406,0.009009009009009009,0.04504504504504504,222.0,6.192176246643067,25153.37150000001,0.0,0.0,0.0,0.0,0.0,1.0,0.0,0.0,0.0,0.0,0.0,0.0,0.0,0.0,0.0,0.0,0.0,0.0,0.0,0.0,0.0,0.0,0.0,0.0,0.0,0.0,0.0,0.0,0.0,0.0,0.0,1.0,0.0,0.0,0.0,0.0,0.0,0.0,0.0,1.0,0.0
mEosFP-F173S,0.048672566371681415,0.01327433628318584,0.0752212389380531,0.061946902654867256,0.05309734513274336,0.09292035398230089,0.05309734513274336,0.048672566371681415,0.084070796460177,0.06637168141592921,0.035398230088495575,0.048672566371681415,0.048672566371681415,0.017699115044247787,0.04424778761061947,0.03982300884955752,0.05309734513274336,0.05752212389380531,0.008849557522123894,0.048672566371681415,226.0,6.631541633605957,25760.896600000022,0.0,0.0,0.0,0.0,0.0,1.0,0.0,0.0,0.0,0.0,0.0,0.0,0.0,0.0,0.0,0.0,0.0,0.0,0.0,0.0,0.0,0.0,0.0,0.0,0.0,0.0,0.0,0.0,0.0,0.0,0.0,1.0,0.0,0.0,0.0,0.0,0.0,0.0,0.0,0.0,1.0
mMaple2,0.0379746835443038,0.008438818565400843,0.07172995780590717,0.08016877637130802,0.05063291139240506,0.08016877637130802,0.03375527426160337,0.05907172995780591,0.10126582278481013,0.05063291139240506,0.04219409282700422,0.04219409282700422,0.046413502109704644,0.016877637130801686,0.0379746835443038,0.05063291139240506,0.05907172995780591,0.07172995780590717,0.008438818565400843,0.05063291139240506,237.0,6.257256889343262,27154.610200000025,0.0,0.0,0.0,0.0,0.0,1.0,0.0,0.0,0.0,0.0,0.0,0.0,0.0,0.0,0.0,0.0,0.0,0.0,0.0,0.0,0.0,0.0,0.0,0.0,0.0,0.0,0.0,0.0,0.0,0.0,0.0,0.0,0.0,0.0,1.0,0.0,0.0,0.0,0.0,1.0,0.0
hmGFP,0.03070175438596491,0.017543859649122806,0.06140350877192982,0.06578947368421052,0.05263157894736842,0.07894736842105263,0.03508771929824561,0.04824561403508772,0.09210526315789473,0.06578947368421052,0.02631578947368421,0.05701754385964912,0.05263157894736842,0.03070175438596491,0.039473684210526314,0.06140350877192982,0.07017543859649122,0.06578947368421052,0.008771929824561403,0.039473684210526314,228.0,7.690736198425294,25903.061200000022,0.0,0.0,0.0,1.0,0.0,0.0,0.0,0.0,0.0,0.0,0.0,0.0,0.0,0.0,0.0,0.0,0.0,0.0,0.0,0.0,0.0,0.0,0.0,0.0,0.0,0.0,0.0,0.0,0.0,0.0,0.0,0.0,0.0,0.0,0.0,1.0,1.0,0.0,0.0,0.0,0.0
RFP611,0.03463203463203463,0.017316017316017316,0.047619047619047616,0.0735930735930736,0.06926406926406926,0.10822510822510822,0.025974025974025976,0.021645021645021644,0.0735930735930736,0.06060606060606061,0.06060606060606061,0.03896103896103896,0.04329004329004329,0.030303030303030304,0.03896103896103896,0.05627705627705628,0.06926406926406926,0.08225108225108226,0.008658008658008658,0.03896103896103896,231.0,6.315573692321778,26004.462100000004,1.0,0.0,0.0,0.0,0.0,0.0,0.0,0.0,0.0,0.0,0.0,0.0,0.0,0.0,0.0,0.0,0.0,0.0,0.0,0.0,0.0,0.0,0.0,0.0,0.0,0.0,0.0,0.0,0.0,0.0,0.0,0.0,0.0,1.0,0.0,0.0,1.0,0.0,0.0,0.0,0.0
shCP-E63L/Y64H,0.05726872246696035,0.030837004405286344,0.05286343612334802,0.07048458149779736,0.05726872246696035,0.09251101321585903,0.03524229074889868,0.04405286343612335,0.07048458149779736,0.07488986784140969,0.039647577092511016,0.03524229074889868,0.05726872246696035,0.01762114537444934,0.048458149779735685,0.048458149779735685,0.07048458149779736,0.048458149779735685,0.00881057268722467,0.039647577092511016,227.0,6.704750251770019,25518.938400000006,0.0,0.0,0.0,0.0,0.0,0.0,0.0,0.0,0.0,0.0,0.0,0.0,0.0,0.0,0.0,0.0,0.0,0.0,0.0,0.0,0.0,0.0,0.0,0.0,0.0,0.0,0.0,0.0,1.0,0.0,0.0,0.0,0.0,0.0,0.0,1.0,1.0,0.0,0.0,0.0,0.0
miRFP682,0.12025316455696203,0.0189873417721519,0.056962025316455694,0.060126582278481014,0.03481012658227848,0.06962025316455696,0.03164556962025317,0.07911392405063292,0.012658227848101266,0.09177215189873418,0.02531645569620253,0.022151898734177215,0.06645569620253164,0.03164556962025317,0.08544303797468354,0.05063291139240506,0.05063291139240506,0.06645569620253164,0.006329113924050633,0.0189873417721519,316.0,5.94367618560791,34561.32560000002,0.0,0.0,0.0,0.0,0.0,0.0,1.0,0.0,0.0,0.0,0.0,0.0,0.0,0.0,0.0,0.0,0.0,0.0,0.0,0.0,0.0,0.0,0.0,0.0,0.0,0.0,0.0,0.0,0.0,0.0,0.0,1.0,0.0,0.0,0.0,0.0,1.0,0.0,0.0,0.0,0.0
W1C,0.046218487394957986,0.008403361344537815,0.07563025210084033,0.06722689075630252,0.0546218487394958,0.09243697478991597,0.04201680672268908,0.0546218487394958,0.08403361344537816,0.07983193277310924,0.02100840336134454,0.05042016806722689,0.04201680672268908,0.03361344537815126,0.025210084033613446,0.037815126050420166,0.06722689075630252,0.06722689075630252,0.008403361344537815,0.04201680672268908,238.0,5.6704511642456055,26817.942300000017,0.0,0.0,0.0,0.0,0.0,0.0,0.0,0.0,0.0,0.0,0.0,0.0,0.0,0.0,0.0,0.0,0.0,0.0,0.0,0.0,1.0,0.0,0.0,0.0,0.0,0.0,0.0,0.0,0.0,0.0,0.0,0.0,1.0,0.0,0.0,0.0,1.0,0.0,0.0,0.0,0.0
CU17S,0.027649769585253458,0.02304147465437788,0.05069124423963134,0.06912442396313365,0.041474654377880185,0.08755760368663594,0.06451612903225806,0.03686635944700461,0.08294930875576037,0.059907834101382486,0.027649769585253458,0.04608294930875576,0.059907834101382486,0.04608294930875576,0.018433179723502304,0.06912442396313365,0.06912442396313365,0.055299539170506916,0.013824884792626729,0.05069124423963134,217.0,6.380142784118653,24637.328000000023,0.0,0.0,1.0,0.0,0.0,0.0,0.0,0.0,0.0,0.0,0.0,0.0,0.0,0.0,0.0,0.0,0.0,0.0,0.0,0.0,0.0,0.0,0.0,0.0,0.0,0.0,0.0,0.0,0.0,0.0,0.0,0.0,1.0,0.0,0.0,0.0,1.0,0.0,0.0,0.0,0.0
htFuncLib_fast.1,0.028225806451612902,0.012096774193548387,0.07258064516129033,0.07258064516129033,0.04838709677419355,0.09274193548387097,0.06854838709677419,0.04838709677419355,0.07258064516129033,0.0846774193548387,0.024193548387096774,0.04838709677419355,0.04838709677419355,0.024193548387096774,0.028225806451612902,0.04435483870967742,0.06048387096774194,0.06854838709677419,0.008064516129032258,0.04435483870967742,248.0,5.822097587585449,28182.37580000003,0.0,0.0,0.0,0.0,1.0,0.0,0.0,0.0,0.0,0.0,0.0,0.0,0.0,0.0,0.0,0.0,0.0,0.0,0.0,0.0,0.0,0.0,0.0,0.0,0.0,0.0,0.0,0.0,0.0,0.0,0.0,0.0,0.0,0.0,0.0,1.0,1.0,0.0,0.0,0.0,0.0
htFuncLib_basic.4,0.028225806451612902,0.012096774193548387,0.07258064516129033,0.07258064516129033,0.04838709677419355,0.09274193548387097,0.06854838709677419,0.04838709677419355,0.07258064516129033,0.08064516129032258,0.028225806451612902,0.04838709677419355,0.04838709677419355,0.024193548387096774,0.028225806451612902,0.04032258064516129,0.056451612903225805,0.07661290322580645,0.008064516129032258,0.04435483870967742,248.0,5.822097587585449,28210.495000000028,0.0,0.0,0.0,0.0,1.0,0.0,0.0,0.0,0.0,0.0,0.0,0.0,0.0,0.0,0.0,0.0,0.0,0.0,0.0,0.0,0.0,0.0,0.0,0.0,0.0,0.0,0.0,0.0,0.0,0.0,0.0,0.0,0.0,0.0,0.0,1.0,1.0,0.0,0.0,0.0,0.0
pcDronpa,0.05357142857142857,0.013392857142857142,0.07142857142857142,0.06696428571428571,0.049107142857142856,0.09375,0.044642857142857144,0.05357142857142857,0.08928571428571429,0.05803571428571429,0.03125,0.04017857142857143,0.05357142857142857,0.022321428571428572,0.03571428571428571,0.049107142857142856,0.03571428571428571,0.07142857142857142,0.008928571428571428,0.05803571428571429,224.0,6.360533332824706,25386.51360000002,0.0,0.0,0.0,0.0,0.0,1.0,0.0,0.0,0.0,0.0,0.0,0.0,0.0,0.0,0.0,0.0,0.0,0.0,0.0,0.0,0.0,0.0,0.0,0.0,0.0,0.0,0.0,0.0,0.0,0.0,0.0,0.0,0.0,1.0,0.0,0.0,0.0,0.0,0.0,0.0,1.0
GFPmut3,0.037815126050420166,0.008403361344537815,0.07563025210084033,0.06722689075630252,0.0546218487394958,0.09663865546218488,0.04201680672268908,0.05042016806722689,0.08403361344537816,0.07983193277310924,0.025210084033613446,0.0546218487394958,0.04201680672268908,0.03361344537815126,0.025210084033613446,0.037815126050420166,0.06302521008403361,0.07142857142857142,0.004201680672268907,0.046218487394957986,238.0,5.6704511642456055,26839.969200000018,0.0,0.0,1.0,0.0,0.0,0.0,0.0,0.0,0.0,0.0,0.0,0.0,0.0,0.0,0.0,0.0,0.0,0.0,0.0,0.0,0.0,0.0,0.0,0.0,0.0,0.0,0.0,0.0,0.0,0.0,0.0,0.0,0.0,0.0,1.0,0.0,1.0,0.0,0.0,0.0,0.0
htFuncLib_em-blue-shift.2,0.028225806451612902,0.012096774193548387,0.07258064516129033,0.07258064516129033,0.05241935483870968,0.09274193548387097,0.06854838709677419,0.05241935483870968,0.07258064516129033,0.0846774193548387,0.024193548387096774,0.04838709677419355,0.04435483870967742,0.028225806451612902,0.028225806451612902,0.04032258064516129,0.056451612903225805,0.06854838709677419,0.008064516129032258,0.04435483870967742,248.0,5.822097587585449,28285.54000000003,0.0,0.0,0.0,0.0,1.0,0.0,0.0,0.0,0.0,0.0,0.0,0.0,0.0,0.0,0.0,0.0,0.0,0.0,0.0,0.0,0.0,0.0,0.0,0.0,0.0,0.0,0.0,0.0,0.0,0.0,0.0,0.0,0.0,0.0,0.0,1.0,1.0,0.0,0.0,0.0,0.0
sfOrange,0.05084745762711865,0.0,0.0635593220338983,0.09745762711864407,0.05084745762711865,0.09745762711864407,0.025423728813559324,0.046610169491525424,0.08898305084745763,0.05508474576271186,0.0423728813559322,0.025423728813559324,0.05084745762711865,0.03389830508474576,0.038135593220338986,0.05084745762711865,0.05508474576271186,0.0635593220338983,0.012711864406779662,0.05084745762711865,236.0,5.365737342834472,26830.999400000008,0.0,1.0,0.0,0.0,0.0,0.0,0.0,0.0,0.0,0.0,0.0,0.0,0.0,0.0,0.0,0.0,0.0,0.0,0.0,0.0,0.0,0.0,0.0,0.0,0.0,0.0,0.0,0.0,0.0,0.0,0.0,0.0,1.0,0.0,0.0,0.0,1.0,0.0,0.0,0.0,0.0
mcavRFP,0.04,0.013333333333333334,0.04888888888888889,0.08888888888888889,0.057777777777777775,0.09333333333333334,0.04,0.044444444444444446,0.08888888888888889,0.05333333333333334,0.04888888888888889,0.04,0.05333333333333334,0.013333333333333334,0.04888888888888889,0.04,0.05333333333333334,0.07111111111111111,0.008888888888888889,0.05333333333333334,225.0,7.124733543395997,25865.31890000002,0.0,0.0,0.0,0.0,0.0,1.0,0.0,0.0,0.0,0.0,0.0,0.0,0.0,0.0,0.0,0.0,0.0,0.0,0.0,0.0,0.0,0.0,0.0,0.0,0.0,0.0,0.0,0.0,0.0,0.0,0.0,0.0,0.0,0.0,0.0,1.0,1.0,0.0,0.0,0.0,0.0
mKate S158C,0.04329004329004329,0.021645021645021644,0.04329004329004329,0.07792207792207792,0.04329004329004329,0.09956709956709957,0.030303030303030304,0.03896103896103896,0.08658008658008658,0.07792207792207792,0.04329004329004329,0.03896103896103896,0.047619047619047616,0.030303030303030304,0.03896103896103896,0.04329004329004329,0.07792207792207792,0.06060606060606061,0.008658008658008658,0.047619047619047616,231.0,7.6441850662231445,26037.557500000014,1.0,0.0,0.0,0.0,0.0,0.0,0.0,0.0,0.0,0.0,0.0,0.0,0.0,0.0,0.0,0.0,0.0,0.0,0.0,0.0,0.0,0.0,0.0,0.0,0.0,0.0,0.0,0.0,0.0,0.0,0.0,1.0,0.0,0.0,0.0,0.0,1.0,0.0,0.0,0.0,0.0
pH-tdGFP,0.037037037037037035,0.00823045267489712,0.07407407407407407,0.06172839506172839,0.04938271604938271,0.09876543209876543,0.047325102880658436,0.04526748971193416,0.07818930041152264,0.08024691358024691,0.018518518518518517,0.053497942386831275,0.0411522633744856,0.024691358024691357,0.03292181069958848,0.051440329218107,0.08024691358024691,0.07407407407407407,0.00411522633744856,0.03909465020576132,486.0,6.022284507751464,54212.22240000002,0.0,1.0,0.0,0.0,0.0,0.0,0.0,0.0,0.0,0.0,0.0,0.0,0.0,0.0,0.0,0.0,0.0,0.0,0.0,0.0,0.0,0.0,0.0,0.0,0.0,0.0,0.0,0.0,0.0,0.0,0.0,0.0,0.0,0.0,0.0,1.0,1.0,0.0,0.0,0.0,0.0
AdRed-C148S,0.05627705627705628,0.030303030303030304,0.06493506493506493,0.05627705627705628,0.05627705627705628,0.08225108225108226,0.03463203463203463,0.03896103896103896,0.08225108225108226,0.06060606060606061,0.03896103896103896,0.03463203463203463,0.05194805194805195,0.03463203463203463,0.03896103896103896,0.06493506493506493,0.05194805194805195,0.06926406926406926,0.017316017316017316,0.03463203463203463,231.0,7.067212486267089,26046.46790000001,0.0,0.0,0.0,0.0,0.0,0.0,0.0,0.0,0.0,0.0,0.0,1.0,0.0,0.0,0.0,0.0,0.0,0.0,0.0,0.0,0.0,0.0,0.0,0.0,0.0,0.0,0.0,0.0,0.0,0.0,0.0,0.0,0.0,0.0,0.0,1.0,1.0,0.0,0.0,0.0,0.0
PATagRFP1314,0.03896103896103896,0.017316017316017316,0.03896103896103896,0.07792207792207792,0.04329004329004329,0.09956709956709957,0.030303030303030304,0.03896103896103896,0.08658008658008658,0.0735930735930736,0.04329004329004329,0.04329004329004329,0.05194805194805195,0.030303030303030304,0.030303030303030304,0.047619047619047616,0.07792207792207792,0.06493506493506493,0.017316017316017316,0.047619047619047616,231.0,7.047830390930175,26092.566200000012,1.0,0.0,0.0,0.0,0.0,0.0,0.0,0.0,0.0,0.0,0.0,0.0,0.0,0.0,0.0,0.0,0.0,0.0,0.0,0.0,0.0,0.0,0.0,0.0,0.0,0.0,0.0,0.0,0.0,0.0,0.0,0.0,1.0,0.0,0.0,0.0,0.0,0.0,1.0,0.0,0.0
ccalGFP1,0.049773755656108594,0.027149321266968326,0.058823529411764705,0.06334841628959276,0.058823529411764705,0.09502262443438914,0.04072398190045249,0.03619909502262444,0.08597285067873303,0.058823529411764705,0.04524886877828054,0.03619909502262444,0.049773755656108594,0.027149321266968326,0.027149321266968326,0.049773755656108594,0.06787330316742081,0.07239819004524888,0.00904977375565611,0.04072398190045249,221.0,6.497856330871582,24780.05630000001,0.0,1.0,0.0,0.0,0.0,0.0,0.0,0.0,0.0,0.0,0.0,0.0,0.0,0.0,0.0,0.0,0.0,0.0,0.0,0.0,0.0,0.0,0.0,0.0,0.0,0.0,0.0,0.0,0.0,0.0,0.0,0.0,0.0,1.0,0.0,0.0,1.0,0.0,0.0,0.0,0.0
amilFP513,0.05194805194805195,0.012987012987012988,0.04329004329004329,0.06493506493506493,0.06926406926406926,0.08658008658008658,0.04329004329004329,0.04329004329004329,0.09090909090909091,0.05194805194805195,0.04329004329004329,0.030303030303030304,0.05627705627705628,0.03463203463203463,0.025974025974025976,0.06926406926406926,0.05627705627705628,0.07792207792207792,0.008658008658008658,0.03896103896103896,231.0,8.304382133483887,25984.49580000001,0.0,0.0,0.0,1.0,0.0,0.0,0.0,0.0,0.0,0.0,0.0,0.0,0.0,0.0,0.0,0.0,0.0,0.0,0.0,0.0,0.0,0.0,0.0,0.0,0.0,0.0,0.0,0.0,0.0,0.0,0.0,0.0,0.0,1.0,0.0,0.0,1.0,0.0,0.0,0.0,0.0
roGFP1-R1,0.03361344537815126,0.012605042016806723,0.07563025210084033,0.06722689075630252,0.05042016806722689,0.09243697478991597,0.04201680672268908,0.05042016806722689,0.08823529411764706,0.07983193277310924,0.025210084033613446,0.0546218487394958,0.04201680672268908,0.025210084033613446,0.03361344537815126,0.04201680672268908,0.06302521008403361,0.07142857142857142,0.004201680672268907,0.046218487394957986,238.0,6.05877513885498,26939.171700000024,0.0,0.0,0.0,0.0,1.0,0.0,0.0,0.0,0.0,0.0,0.0,0.0,0.0,0.0,0.0,0.0,0.0,0.0,0.0,0.0,0.0,0.0,0.0,0.0,0.0,0.0,0.0,0.0,0.0,0.0,0.0,0.0,0.0,0.0,0.0,1.0,1.0,0.0,0.0,0.0,0.0
stylGFP,0.05357142857142857,0.026785714285714284,0.049107142857142856,0.049107142857142856,0.07589285714285714,0.09821428571428571,0.049107142857142856,0.026785714285714284,0.08928571428571429,0.049107142857142856,0.05357142857142857,0.049107142857142856,0.049107142857142856,0.022321428571428572,0.022321428571428572,0.05357142857142857,0.07589285714285714,0.06696428571428571,0.004464285714285714,0.03571428571428571,224.0,8.446405982971193,24990.34030000002,0.0,0.0,0.0,0.0,0.0,0.0,0.0,0.0,0.0,0.0,0.0,0.0,0.0,1.0,0.0,0.0,0.0,0.0,0.0,0.0,0.0,0.0,0.0,0.0,0.0,0.0,0.0,0.0,0.0,0.0,0.0,0.0,0.0,1.0,0.0,0.0,1.0,0.0,0.0,0.0,0.0
BFP.A5,0.04201680672268908,0.008403361344537815,0.07563025210084033,0.06722689075630252,0.05042016806722689,0.09243697478991597,0.046218487394957986,0.0546218487394958,0.08403361344537816,0.08403361344537816,0.025210084033613446,0.0546218487394958,0.04201680672268908,0.03361344537815126,0.029411764705882353,0.046218487394957986,0.06302521008403361,0.058823529411764705,0.004201680672268907,0.037815126050420166,238.0,5.86751194000244,26776.877400000016,0.0,0.0,0.0,0.0,0.0,0.0,0.0,0.0,0.0,0.0,1.0,0.0,0.0,0.0,0.0,0.0,0.0,0.0,0.0,0.0,0.0,0.0,0.0,0.0,0.0,0.0,0.0,0.0,0.0,0.0,0.0,0.0,0.0,0.0,1.0,0.0,1.0,0.0,0.0,0.0,0.0
mNeptune,0.040983606557377046,0.02459016393442623,0.045081967213114756,0.08196721311475409,0.045081967213114756,0.10655737704918032,0.028688524590163935,0.036885245901639344,0.09016393442622951,0.08196721311475409,0.036885245901639344,0.040983606557377046,0.045081967213114756,0.028688524590163935,0.036885245901639344,0.036885245901639344,0.0778688524590164,0.06147540983606557,0.00819672131147541,0.045081967213114756,244.0,7.039702415466309,27411.06750000002,1.0,0.0,0.0,0.0,0.0,0.0,0.0,0.0,0.0,0.0,0.0,0.0,0.0,0.0,0.0,0.0,0.0,0.0,0.0,0.0,0.0,0.0,0.0,0.0,0.0,0.0,0.0,0.0,0.0,0.0,0.0,1.0,0.0,0.0,0.0,0.0,1.0,0.0,0.0,0.0,0.0
emiRFP703,0.07419354838709677,0.02903225806451613,0.04516129032258064,0.06451612903225806,0.02903225806451613,0.08064516129032258,0.03870967741935484,0.05161290322580645,0.012903225806451613,0.13870967741935483,0.025806451612903226,0.012903225806451613,0.06451612903225806,0.035483870967741936,0.08387096774193549,0.06129032258064516,0.03870967741935484,0.08387096774193549,0.0032258064516129032,0.025806451612903226,310.0,6.307786750793458,34215.3514,0.0,0.0,0.0,0.0,0.0,0.0,1.0,0.0,0.0,0.0,0.0,0.0,0.0,0.0,0.0,0.0,0.0,0.0,0.0,0.0,0.0,0.0,0.0,0.0,0.0,0.0,0.0,0.0,0.0,0.0,0.0,1.0,0.0,0.0,0.0,0.0,1.0,0.0,0.0,0.0,0.0
amilFP484,0.04329004329004329,0.012987012987012988,0.04329004329004329,0.0735930735930736,0.06060606060606061,0.09523809523809523,0.047619047619047616,0.03896103896103896,0.08658008658008658,0.05194805194805195,0.03896103896103896,0.030303030303030304,0.05627705627705628,0.030303030303030304,0.030303030303030304,0.05627705627705628,0.06926406926406926,0.07792207792207792,0.008658008658008658,0.047619047619047616,231.0,7.179242134094238,26081.419100000017,0.0,0.0,0.0,1.0,0.0,0.0,0.0,0.0,0.0,0.0,0.0,0.0,0.0,0.0,0.0,0.0,0.0,0.0,0.0,0.0,0.0,0.0,0.0,0.0,0.0,0.0,0.0,0.0,0.0,0.0,0.0,0.0,0.0,1.0,0.0,0.0,1.0,0.0,0.0,0.0,0.0
KCY,0.04484304932735426,0.02242152466367713,0.053811659192825115,0.06278026905829596,0.06278026905829596,0.11210762331838565,0.03139013452914798,0.053811659192825115,0.09865470852017937,0.053811659192825115,0.03139013452914798,0.03587443946188341,0.06278026905829596,0.017937219730941704,0.017937219730941704,0.06278026905829596,0.07174887892376682,0.04932735426008968,0.008968609865470852,0.04484304932735426,223.0,7.0385656356811515,24674.820000000003,0.0,0.0,0.0,0.0,1.0,0.0,0.0,0.0,0.0,0.0,0.0,0.0,0.0,0.0,0.0,0.0,0.0,0.0,0.0,0.0,0.0,0.0,0.0,0.0,0.0,0.0,0.0,0.0,0.0,0.0,0.0,0.0,1.0,0.0,0.0,0.0,1.0,0.0,0.0,0.0,0.0
PSmOrange2,0.0423728813559322,0.0,0.05084745762711865,0.1016949152542373,0.0423728813559322,0.1059322033898305,0.029661016949152543,0.05084745762711865,0.09745762711864407,0.05508474576271186,0.046610169491525424,0.025423728813559324,0.046610169491525424,0.0211864406779661,0.03389830508474576,0.059322033898305086,0.059322033898305086,0.0635593220338983,0.012711864406779662,0.05508474576271186,236.0,5.859554481506346,26731.03110000001,0.0,1.0,0.0,0.0,0.0,0.0,0.0,0.0,0.0,0.0,0.0,0.0,0.0,0.0,0.0,0.0,0.0,0.0,0.0,0.0,0.0,0.0,0.0,0.0,0.0,0.0,0.0,0.0,0.0,0.0,0.0,1.0,0.0,0.0,0.0,0.0,0.0,0.0,0.0,1.0,0.0
amilFP504,0.048458149779735685,0.013215859030837005,0.04405286343612335,0.07048458149779736,0.07048458149779736,0.0881057268722467,0.04405286343612335,0.048458149779735685,0.08370044052863436,0.05286343612334802,0.039647577092511016,0.02643171806167401,0.05286343612334802,0.03524229074889868,0.02643171806167401,0.07048458149779736,0.06167400881057269,0.07488986784140969,0.00881057268722467,0.039647577092511016,227.0,6.794442176818847,25558.90400000001,0.0,0.0,0.0,1.0,0.0,0.0,0.0,0.0,0.0,0.0,0.0,0.0,0.0,0.0,0.0,0.0,0.0,0.0,0.0,0.0,0.0,0.0,0.0,0.0,0.0,0.0,0.0,0.0,0.0,0.0,0.0,0.0,0.0,0.0,0.0,1.0,1.0,0.0,0.0,0.0,0.0
"nirFAST  + HPAR-3,5DOM",0.072,0.0,0.064,0.04,0.056,0.136,0.016,0.048,0.096,0.064,0.04,0.048,0.032,0.032,0.016,0.072,0.04,0.088,0.016,0.024,125.0,7.935880851745606,13416.167099999993,0.0,0.0,0.0,0.0,0.0,0.0,1.0,0.0,0.0,0.0,0.0,0.0,0.0,0.0,0.0,0.0,0.0,0.0,0.0,0.0,0.0,0.0,0.0,0.0,0.0,0.0,0.0,0.0,0.0,0.0,0.0,1.0,0.0,0.0,0.0,0.0,1.0,0.0,0.0,0.0,0.0
YGFPdp,0.045662100456621,0.0182648401826484,0.0365296803652968,0.0821917808219178,0.0776255707762557,0.091324200913242,0.0319634703196347,0.0684931506849315,0.0730593607305936,0.0593607305936073,0.0365296803652968,0.0593607305936073,0.045662100456621,0.0228310502283105,0.0319634703196347,0.0639269406392694,0.0639269406392694,0.045662100456621,0.0,0.045662100456621,219.0,6.171373176574707,24703.820900000002,0.0,0.0,1.0,0.0,0.0,0.0,0.0,0.0,0.0,0.0,0.0,0.0,0.0,0.0,0.0,0.0,0.0,0.0,0.0,0.0,0.0,0.0,0.0,0.0,0.0,0.0,0.0,0.0,0.0,0.0,0.0,0.0,1.0,0.0,0.0,0.0,1.0,0.0,0.0,0.0,0.0
mEos3.1,0.05752212389380531,0.01327433628318584,0.0752212389380531,0.061946902654867256,0.061946902654867256,0.09292035398230089,0.03982300884955752,0.03982300884955752,0.09292035398230089,0.061946902654867256,0.035398230088495575,0.05309734513274336,0.048672566371681415,0.017699115044247787,0.04424778761061947,0.035398230088495575,0.05309734513274336,0.05752212389380531,0.008849557522123894,0.048672566371681415,226.0,7.121209526062012,25729.879200000014,0.0,0.0,0.0,0.0,0.0,1.0,0.0,0.0,0.0,0.0,0.0,0.0,0.0,0.0,0.0,0.0,0.0,0.0,0.0,0.0,0.0,0.0,0.0,0.0,0.0,0.0,0.0,0.0,0.0,0.0,0.0,1.0,0.0,0.0,0.0,0.0,0.0,0.0,0.0,1.0,0.0
obeCFP,0.05982905982905983,0.021367521367521368,0.05555555555555555,0.05982905982905983,0.038461538461538464,0.07692307692307693,0.03418803418803419,0.05128205128205128,0.07264957264957266,0.05982905982905983,0.029914529914529916,0.042735042735042736,0.042735042735042736,0.02564102564102564,0.04700854700854701,0.05982905982905983,0.0811965811965812,0.08547008547008547,0.004273504273504274,0.05128205128205128,234.0,7.662714576721191,26186.513800000026,0.0,0.0,0.0,0.0,1.0,0.0,0.0,0.0,0.0,0.0,0.0,0.0,0.0,0.0,0.0,0.0,0.0,0.0,0.0,0.0,0.0,0.0,0.0,0.0,0.0,0.0,0.0,0.0,0.0,0.0,0.0,0.0,0.0,0.0,0.0,1.0,1.0,0.0,0.0,0.0,0.0
mScarlet3,0.05240174672489083,0.0,0.06550218340611354,0.08296943231441048,0.05240174672489083,0.10480349344978165,0.021834061135371178,0.034934497816593885,0.07860262008733625,0.05240174672489083,0.043668122270742356,0.021834061135371178,0.056768558951965066,0.03056768558951965,0.056768558951965066,0.0611353711790393,0.06550218340611354,0.0611353711790393,0.017467248908296942,0.039301310043668124,229.0,6.0085863113403315,25850.856,1.0,0.0,0.0,0.0,0.0,0.0,0.0,0.0,0.0,0.0,0.0,0.0,0.0,0.0,0.0,0.0,0.0,0.0,0.0,0.0,0.0,0.0,0.0,0.0,0.0,0.0,0.0,0.0,0.0,0.0,0.0,1.0,0.0,0.0,0.0,0.0,1.0,0.0,0.0,0.0,0.0
M355NA,0.05172413793103448,0.034482758620689655,0.03879310344827586,0.08189655172413793,0.0603448275862069,0.10775862068965517,0.03879310344827586,0.04310344827586207,0.07758620689655173,0.0603448275862069,0.034482758620689655,0.02586206896551724,0.05603448275862069,0.02586206896551724,0.03017241379310345,0.04741379310344827,0.08189655172413793,0.04741379310344827,0.008620689655172414,0.04741379310344827,232.0,6.307502555847169,25924.245800000004,1.0,0.0,0.0,0.0,0.0,0.0,0.0,0.0,0.0,0.0,0.0,0.0,0.0,0.0,0.0,0.0,0.0,0.0,0.0,0.0,0.0,0.0,0.0,0.0,0.0,0.0,0.0,0.0,0.0,0.0,0.0,0.0,0.0,1.0,0.0,0.0,1.0,0.0,0.0,0.0,0.0
gfasGFP,0.044444444444444446,0.017777777777777778,0.07555555555555556,0.057777777777777775,0.05333333333333334,0.08,0.02666666666666667,0.05333333333333334,0.08444444444444445,0.06222222222222222,0.04,0.05333333333333334,0.05333333333333334,0.03111111111111111,0.044444444444444446,0.02666666666666667,0.06222222222222222,0.057777777777777775,0.008888888888888889,0.06666666666666667,225.0,6.595619392395021,25990.328000000016,0.0,0.0,0.0,1.0,0.0,0.0,0.0,0.0,0.0,0.0,0.0,0.0,0.0,0.0,0.0,0.0,0.0,0.0,0.0,0.0,0.0,0.0,0.0,0.0,0.0,0.0,0.0,0.0,0.0,0.0,0.0,0.0,0.0,1.0,0.0,0.0,1.0,0.0,0.0,0.0,0.0
TurboFP602,0.04680851063829787,0.01702127659574468,0.03829787234042553,0.07659574468085106,0.05106382978723404,0.10212765957446808,0.0425531914893617,0.03829787234042553,0.0851063829787234,0.07659574468085106,0.04680851063829787,0.0425531914893617,0.04680851063829787,0.03404255319148936,0.02127659574468085,0.05531914893617021,0.07659574468085106,0.05106382978723404,0.00851063829787234,0.0425531914893617,235.0,6.551114463806152,26301.703600000008,1.0,0.0,0.0,0.0,0.0,0.0,0.0,0.0,0.0,0.0,0.0,0.0,0.0,0.0,0.0,0.0,0.0,0.0,0.0,0.0,0.0,0.0,0.0,0.0,0.0,0.0,0.0,0.0,0.0,0.0,0.0,0.0,1.0,0.0,0.0,0.0,1.0,0.0,0.0,0.0,0.0
avGFP,0.03361344537815126,0.008403361344537815,0.07563025210084033,0.06722689075630252,0.0546218487394958,0.09243697478991597,0.04201680672268908,0.05042016806722689,0.08403361344537816,0.07983193277310924,0.025210084033613446,0.0546218487394958,0.04201680672268908,0.03361344537815126,0.025210084033613446,0.046218487394957986,0.06302521008403361,0.07142857142857142,0.004201680672268907,0.046218487394957986,238.0,5.6704511642456055,26885.994600000016,0.0,0.0,0.0,0.0,1.0,0.0,0.0,0.0,0.0,0.0,0.0,0.0,0.0,0.0,0.0,0.0,0.0,0.0,0.0,0.0,0.0,0.0,0.0,0.0,0.0,0.0,0.0,0.0,0.0,0.0,0.0,0.0,1.0,0.0,0.0,0.0,0.0,0.0,0.0,0.0,1.0
PSmOrange2,0.0423728813559322,0.0,0.05084745762711865,0.1016949152542373,0.0423728813559322,0.1059322033898305,0.029661016949152543,0.05084745762711865,0.09745762711864407,0.05508474576271186,0.046610169491525424,0.025423728813559324,0.046610169491525424,0.0211864406779661,0.03389830508474576,0.059322033898305086,0.059322033898305086,0.0635593220338983,0.012711864406779662,0.05508474576271186,236.0,5.859554481506346,26731.03110000001,0.0,1.0,0.0,0.0,0.0,0.0,0.0,0.0,0.0,0.0,0.0,0.0,0.0,0.0,0.0,0.0,0.0,0.0,0.0,0.0,0.0,0.0,0.0,0.0,0.0,0.0,0.0,0.0,0.0,0.0,0.0,1.0,0.0,0.0,0.0,0.0,0.0,0.0,0.0,1.0,0.0
mBeRFP,0.04680851063829787,0.01702127659574468,0.0425531914893617,0.08085106382978724,0.0425531914893617,0.10212765957446808,0.029787234042553193,0.03829787234042553,0.08936170212765958,0.07234042553191489,0.0425531914893617,0.03829787234042553,0.04680851063829787,0.029787234042553193,0.03829787234042553,0.05106382978723404,0.07659574468085106,0.059574468085106386,0.00851063829787234,0.04680851063829787,235.0,7.671410942077638,26380.82710000001,1.0,0.0,0.0,0.0,0.0,0.0,0.0,0.0,0.0,0.0,0.0,0.0,0.0,0.0,0.0,0.0,0.0,0.0,0.0,0.0,0.0,0.0,0.0,0.0,0.0,0.0,0.0,0.0,0.0,0.0,0.0,1.0,0.0,0.0,0.0,0.0,1.0,0.0,0.0,0.0,0.0
Lumazine binding protein,0.053763440860215055,0.005376344086021506,0.0913978494623656,0.053763440860215055,0.03763440860215054,0.10752688172043011,0.010752688172043012,0.10215053763440861,0.043010752688172046,0.0967741935483871,0.026881720430107527,0.04838709677419355,0.021505376344086023,0.026881720430107527,0.03763440860215054,0.06451612903225806,0.05913978494623656,0.0967741935483871,0.005376344086021506,0.010752688172043012,186.0,4.442387962341309,19996.588700000008,0.0,0.0,0.0,0.0,0.0,0.0,1.0,0.0,0.0,0.0,0.0,0.0,0.0,0.0,0.0,0.0,0.0,0.0,0.0,0.0,0.0,0.0,0.0,0.0,0.0,0.0,0.0,0.0,0.0,0.0,0.0,0.0,0.0,0.0,0.0,1.0,1.0,0.0,0.0,0.0,0.0
htFuncLib_mid.13,0.024193548387096774,0.012096774193548387,0.07258064516129033,0.07258064516129033,0.04838709677419355,0.09274193548387097,0.06854838709677419,0.04435483870967742,0.07258064516129033,0.08870967741935484,0.024193548387096774,0.04838709677419355,0.04435483870967742,0.024193548387096774,0.028225806451612902,0.04032258064516129,0.06451612903225806,0.07661290322580645,0.008064516129032258,0.04435483870967742,248.0,5.822097587585449,28226.471300000027,0.0,1.0,0.0,0.0,0.0,0.0,0.0,0.0,0.0,0.0,0.0,0.0,0.0,0.0,0.0,0.0,0.0,0.0,0.0,0.0,0.0,0.0,0.0,0.0,0.0,0.0,0.0,0.0,0.0,0.0,0.0,0.0,0.0,0.0,0.0,1.0,1.0,0.0,0.0,0.0,0.0
moxBFP,0.03765690376569038,0.0,0.07112970711297072,0.06694560669456066,0.05439330543933055,0.09205020920502092,0.04184100418410042,0.04602510460251046,0.08786610878661087,0.08786610878661087,0.02510460251046025,0.0502092050209205,0.04184100418410042,0.03347280334728033,0.03347280334728033,0.04602510460251046,0.06694560669456066,0.0794979079497908,0.0041841004184100415,0.03347280334728033,239.0,6.203032493591309,26885.144300000018,0.0,0.0,0.0,0.0,0.0,0.0,0.0,0.0,0.0,0.0,1.0,0.0,0.0,0.0,0.0,0.0,0.0,0.0,0.0,0.0,0.0,0.0,0.0,0.0,0.0,0.0,0.0,0.0,0.0,0.0,0.0,1.0,0.0,0.0,0.0,0.0,1.0,0.0,0.0,0.0,0.0
htFuncLib_mid.5,0.024193548387096774,0.012096774193548387,0.07258064516129033,0.07258064516129033,0.04838709677419355,0.09274193548387097,0.06451612903225806,0.04838709677419355,0.07258064516129033,0.08064516129032258,0.028225806451612902,0.04838709677419355,0.04435483870967742,0.028225806451612902,0.028225806451612902,0.04032258064516129,0.06048387096774194,0.07661290322580645,0.008064516129032258,0.04838709677419355,248.0,5.770260429382325,28297.568900000024,0.0,1.0,0.0,0.0,0.0,0.0,0.0,0.0,0.0,0.0,0.0,0.0,0.0,0.0,0.0,0.0,0.0,0.0,0.0,0.0,0.0,0.0,0.0,0.0,0.0,0.0,0.0,0.0,0.0,0.0,0.0,0.0,0.0,0.0,0.0,1.0,1.0,0.0,0.0,0.0,0.0
anobGFP,0.05627705627705628,0.012987012987012988,0.03896103896103896,0.06926406926406926,0.06926406926406926,0.09090909090909091,0.03896103896103896,0.04329004329004329,0.08658008658008658,0.05194805194805195,0.04329004329004329,0.03463203463203463,0.05627705627705628,0.03463203463203463,0.025974025974025976,0.06926406926406926,0.05627705627705628,0.0735930735930736,0.008658008658008658,0.03896103896103896,231.0,7.741948127746583,25876.31160000001,0.0,0.0,0.0,1.0,0.0,0.0,0.0,0.0,0.0,0.0,0.0,0.0,0.0,0.0,0.0,0.0,0.0,0.0,0.0,0.0,0.0,0.0,0.0,0.0,0.0,0.0,0.0,0.0,0.0,0.0,0.0,0.0,0.0,1.0,0.0,0.0,1.0,0.0,0.0,0.0,0.0
LSSmApple,0.046610169491525424,0.00423728813559322,0.05508474576271186,0.1059322033898305,0.05084745762711865,0.09745762711864407,0.029661016949152543,0.059322033898305086,0.09745762711864407,0.05508474576271186,0.0423728813559322,0.025423728813559324,0.05084745762711865,0.029661016949152543,0.03389830508474576,0.046610169491525424,0.038135593220338986,0.0635593220338983,0.012711864406779662,0.05508474576271186,236.0,5.589569282531738,27011.439700000014,1.0,0.0,0.0,0.0,0.0,0.0,0.0,0.0,0.0,0.0,0.0,0.0,0.0,0.0,0.0,0.0,0.0,0.0,0.0,0.0,0.0,0.0,0.0,0.0,0.0,0.0,0.0,0.0,0.0,0.0,0.0,1.0,0.0,0.0,0.0,0.0,1.0,0.0,0.0,0.0,0.0
KillerRed,0.05063291139240506,0.02531645569620253,0.08438818565400844,0.05063291139240506,0.0759493670886076,0.08860759493670886,0.05063291139240506,0.07172995780590717,0.03375527426160337,0.0379746835443038,0.04219409282700422,0.029535864978902954,0.06329113924050633,0.0379746835443038,0.046413502109704644,0.05907172995780591,0.07172995780590717,0.05907172995780591,0.004219409282700422,0.016877637130801686,237.0,5.259391593933105,26404.473699999988,0.0,0.0,0.0,1.0,0.0,0.0,0.0,0.0,0.0,0.0,0.0,0.0,0.0,0.0,0.0,0.0,0.0,0.0,0.0,0.0,0.0,0.0,0.0,0.0,0.0,0.0,0.0,0.0,0.0,0.0,0.0,0.0,1.0,0.0,0.0,0.0,1.0,0.0,0.0,0.0,0.0
PS-CFP,0.049586776859504134,0.008264462809917356,0.07024793388429752,0.06198347107438017,0.049586776859504134,0.08677685950413223,0.03305785123966942,0.05785123966942149,0.07851239669421488,0.07851239669421488,0.028925619834710745,0.06198347107438017,0.04132231404958678,0.028925619834710745,0.028925619834710745,0.049586776859504134,0.07024793388429752,0.05785123966942149,0.008264462809917356,0.049586776859504134,242.0,5.754970741271973,27274.476900000023,0.0,0.0,0.0,0.0,1.0,0.0,0.0,0.0,0.0,0.0,0.0,0.0,0.0,0.0,0.0,0.0,0.0,0.0,0.0,0.0,0.0,0.0,0.0,0.0,0.0,0.0,0.0,0.0,0.0,0.0,0.0,1.0,0.0,0.0,0.0,0.0,0.0,0.0,0.0,1.0,0.0
mIrisFP,0.05309734513274336,0.01327433628318584,0.0752212389380531,0.061946902654867256,0.05752212389380531,0.09292035398230089,0.05309734513274336,0.05309734513274336,0.07964601769911504,0.061946902654867256,0.035398230088495575,0.048672566371681415,0.048672566371681415,0.017699115044247787,0.04424778761061947,0.03982300884955752,0.05309734513274336,0.05752212389380531,0.008849557522123894,0.04424778761061947,226.0,6.4513051986694325,25687.80280000002,0.0,0.0,0.0,0.0,0.0,1.0,0.0,0.0,0.0,0.0,0.0,0.0,0.0,0.0,0.0,0.0,0.0,0.0,0.0,0.0,0.0,0.0,0.0,0.0,0.0,0.0,0.0,0.0,0.0,0.0,0.0,1.0,0.0,0.0,0.0,0.0,0.0,0.0,0.0,0.0,1.0
aceGFP,0.046218487394957986,0.008403361344537815,0.07142857142857142,0.06302521008403361,0.0546218487394958,0.09243697478991597,0.037815126050420166,0.06302521008403361,0.07563025210084033,0.07142857142857142,0.029411764705882353,0.06302521008403361,0.04201680672268908,0.029411764705882353,0.025210084033613446,0.046218487394957986,0.07142857142857142,0.0546218487394958,0.004201680672268907,0.05042016806722689,238.0,5.570926094055174,26774.829600000015,0.0,0.0,0.0,0.0,1.0,0.0,0.0,0.0,0.0,0.0,0.0,0.0,0.0,0.0,0.0,0.0,0.0,0.0,0.0,0.0,0.0,0.0,0.0,0.0,0.0,0.0,0.0,0.0,0.0,0.0,0.0,1.0,0.0,0.0,0.0,0.0,1.0,0.0,0.0,0.0,0.0
SCFP1,0.03765690376569038,0.008368200836820083,0.07531380753138076,0.06694560669456066,0.0502092050209205,0.09623430962343096,0.03765690376569038,0.05439330543933055,0.08786610878661087,0.09205020920502092,0.02092050209205021,0.0502092050209205,0.04184100418410042,0.03347280334728033,0.02510460251046025,0.03347280334728033,0.07112970711297072,0.06694560669456066,0.008368200836820083,0.04184100418410042,239.0,5.713932991027832,26930.19640000002,0.0,0.0,0.0,0.0,0.0,0.0,0.0,0.0,1.0,0.0,0.0,0.0,0.0,0.0,0.0,0.0,0.0,0.0,0.0,0.0,0.0,0.0,0.0,0.0,0.0,0.0,0.0,0.0,0.0,0.0,0.0,1.0,0.0,0.0,0.0,0.0,1.0,0.0,0.0,0.0,0.0
KFP1,0.04741379310344827,0.034482758620689655,0.03879310344827586,0.08189655172413793,0.05603448275862069,0.11206896551724138,0.03879310344827586,0.04741379310344827,0.07758620689655173,0.06465517241379311,0.034482758620689655,0.02586206896551724,0.05603448275862069,0.02586206896551724,0.03017241379310345,0.04741379310344827,0.07758620689655173,0.05172413793103448,0.008620689655172414,0.04310344827586207,232.0,6.307502555847169,25824.214500000006,1.0,0.0,0.0,0.0,0.0,0.0,0.0,0.0,0.0,0.0,0.0,0.0,0.0,0.0,0.0,0.0,0.0,0.0,0.0,0.0,0.0,0.0,0.0,0.0,0.0,0.0,0.0,0.0,0.0,0.0,0.0,0.0,0.0,1.0,0.0,0.0,0.0,0.0,1.0,0.0,0.0
pHuji,0.05084745762711865,0.0,0.05508474576271186,0.1016949152542373,0.05084745762711865,0.09745762711864407,0.029661016949152543,0.059322033898305086,0.09745762711864407,0.05084745762711865,0.0423728813559322,0.029661016949152543,0.05084745762711865,0.029661016949152543,0.038135593220338986,0.05084745762711865,0.03389830508474576,0.0635593220338983,0.012711864406779662,0.05508474576271186,236.0,5.861884880065917,26993.36480000001,1.0,0.0,0.0,0.0,0.0,0.0,0.0,0.0,0.0,0.0,0.0,0.0,0.0,0.0,0.0,0.0,0.0,0.0,0.0,0.0,0.0,0.0,0.0,0.0,0.0,0.0,0.0,0.0,0.0,0.0,0.0,1.0,0.0,0.0,0.0,0.0,1.0,0.0,0.0,0.0,0.0
mGeos-F,0.05309734513274336,0.01327433628318584,0.0752212389380531,0.05752212389380531,0.06637168141592921,0.09292035398230089,0.03982300884955752,0.048672566371681415,0.09292035398230089,0.061946902654867256,0.035398230088495575,0.048672566371681415,0.048672566371681415,0.017699115044247787,0.04424778761061947,0.035398230088495575,0.05309734513274336,0.05309734513274336,0.008849557522123894,0.05309734513274336,226.0,7.726431083679199,25853.11590000002,0.0,0.0,0.0,0.0,0.0,0.0,0.0,0.0,0.0,0.0,0.0,0.0,0.0,0.0,0.0,0.0,0.0,0.0,0.0,0.0,0.0,0.0,1.0,0.0,0.0,0.0,0.0,0.0,0.0,0.0,0.0,1.0,0.0,0.0,0.0,0.0,0.0,1.0,0.0,0.0,0.0
HcRed1-Blue,0.07048458149779736,0.02643171806167401,0.04405286343612335,0.07488986784140969,0.05286343612334802,0.09251101321585903,0.04405286343612335,0.03524229074889868,0.07048458149779736,0.06607929515418502,0.039647577092511016,0.030837004405286344,0.05286343612334802,0.01762114537444934,0.04405286343612335,0.04405286343612335,0.07048458149779736,0.05726872246696035,0.013215859030837005,0.05286343612334802,227.0,6.7904634475708,25621.953500000007,0.0,0.0,0.0,0.0,0.0,1.0,0.0,0.0,0.0,0.0,0.0,0.0,0.0,0.0,0.0,0.0,0.0,0.0,0.0,0.0,0.0,0.0,0.0,0.0,0.0,0.0,0.0,0.0,0.0,0.0,0.0,0.0,0.0,1.0,0.0,0.0,1.0,0.0,0.0,0.0,0.0
eechRFP,0.04,0.013333333333333334,0.06666666666666667,0.057777777777777775,0.06666666666666667,0.08888888888888889,0.044444444444444446,0.044444444444444446,0.08444444444444445,0.08,0.035555555555555556,0.044444444444444446,0.057777777777777775,0.017777777777777778,0.03111111111111111,0.04,0.05333333333333334,0.07555555555555556,0.008888888888888889,0.04888888888888889,225.0,6.547533607482911,25604.05340000002,0.0,0.0,0.0,0.0,0.0,1.0,0.0,0.0,0.0,0.0,0.0,0.0,0.0,0.0,0.0,0.0,0.0,0.0,0.0,0.0,0.0,0.0,0.0,0.0,0.0,0.0,0.0,0.0,0.0,0.0,0.0,0.0,0.0,1.0,0.0,0.0,1.0,0.0,0.0,0.0,0.0
dLanYFP,0.05508474576271186,0.00423728813559322,0.059322033898305086,0.05084745762711865,0.06779661016949153,0.09322033898305085,0.025423728813559324,0.029661016949152543,0.07203389830508475,0.059322033898305086,0.05084745762711865,0.05084745762711865,0.05084745762711865,0.0423728813559322,0.025423728813559324,0.059322033898305086,0.09322033898305085,0.0423728813559322,0.01694915254237288,0.05084745762711865,236.0,6.0693471908569325,26658.714200000017,0.0,0.0,1.0,0.0,0.0,0.0,0.0,0.0,0.0,0.0,0.0,0.0,0.0,0.0,0.0,0.0,0.0,0.0,0.0,0.0,0.0,0.0,0.0,0.0,0.0,0.0,0.0,0.0,0.0,0.0,0.0,0.0,1.0,0.0,0.0,0.0,1.0,0.0,0.0,0.0,0.0
rsFusionRed1,0.05603448275862069,0.017241379310344827,0.04741379310344827,0.08189655172413793,0.04310344827586207,0.11637931034482758,0.02586206896551724,0.034482758620689655,0.06896551724137931,0.06465517241379311,0.04310344827586207,0.03879310344827586,0.05603448275862069,0.02586206896551724,0.034482758620689655,0.034482758620689655,0.09051724137931035,0.06896551724137931,0.008620689655172414,0.04310344827586207,232.0,5.56274127960205,25591.7574,1.0,0.0,0.0,0.0,0.0,0.0,0.0,0.0,0.0,0.0,0.0,0.0,0.0,0.0,0.0,0.0,0.0,0.0,0.0,0.0,0.0,0.0,0.0,0.0,0.0,0.0,0.0,0.0,0.0,0.0,0.0,1.0,0.0,0.0,0.0,0.0,0.0,1.0,0.0,0.0,0.0
mEos4b,0.05726872246696035,0.00881057268722467,0.07488986784140969,0.06167400881057269,0.05726872246696035,0.09251101321585903,0.039647577092511016,0.04405286343612335,0.0881057268722467,0.06167400881057269,0.03524229074889868,0.05286343612334802,0.048458149779735685,0.01762114537444934,0.048458149779735685,0.030837004405286344,0.05726872246696035,0.06167400881057269,0.00881057268722467,0.05286343612334802,227.0,7.127348136901856,25897.064300000016,0.0,0.0,0.0,0.0,0.0,1.0,0.0,0.0,0.0,0.0,0.0,0.0,0.0,0.0,0.0,0.0,0.0,0.0,0.0,0.0,0.0,0.0,0.0,0.0,0.0,0.0,0.0,0.0,0.0,0.0,0.0,0.0,0.0,0.0,0.0,1.0,0.0,0.0,0.0,1.0,0.0
P4-3E,0.04201680672268908,0.008403361344537815,0.07563025210084033,0.06722689075630252,0.0546218487394958,0.09243697478991597,0.046218487394957986,0.05042016806722689,0.08403361344537816,0.08403361344537816,0.02100840336134454,0.0546218487394958,0.04201680672268908,0.029411764705882353,0.029411764705882353,0.046218487394957986,0.06302521008403361,0.06722689075630252,0.004201680672268907,0.037815126050420166,238.0,5.873593711853027,26749.830400000013,0.0,0.0,0.0,0.0,0.0,0.0,0.0,0.0,0.0,0.0,1.0,0.0,0.0,0.0,0.0,0.0,0.0,0.0,0.0,0.0,0.0,0.0,0.0,0.0,0.0,0.0,0.0,0.0,0.0,0.0,0.0,0.0,0.0,0.0,0.0,1.0,1.0,0.0,0.0,0.0,0.0
secBFP2,0.05555555555555555,0.0,0.05555555555555555,0.0811965811965812,0.04700854700854701,0.09401709401709402,0.029914529914529916,0.038461538461538464,0.0811965811965812,0.0811965811965812,0.03418803418803419,0.038461538461538464,0.042735042735042736,0.029914529914529916,0.03418803418803419,0.05128205128205128,0.08547008547008547,0.05982905982905983,0.008547008547008548,0.05128205128205128,234.0,5.831760215759277,26308.40340000001,0.0,0.0,0.0,0.0,0.0,0.0,0.0,0.0,0.0,0.0,0.0,0.0,0.0,0.0,1.0,0.0,0.0,0.0,0.0,0.0,0.0,0.0,0.0,0.0,0.0,0.0,0.0,0.0,0.0,0.0,0.0,1.0,0.0,0.0,0.0,0.0,1.0,0.0,0.0,0.0,0.0
htFuncLib_sf:mid.9,0.0321285140562249,0.008032128514056224,0.07228915662650602,0.0642570281124498,0.04819277108433735,0.09236947791164658,0.060240963855421686,0.04417670682730924,0.08032128514056225,0.08032128514056225,0.020080321285140562,0.05220883534136546,0.040160642570281124,0.028112449799196786,0.0321285140562249,0.04819277108433735,0.07228915662650602,0.08433734939759036,0.004016064257028112,0.03614457831325301,249.0,6.18973217010498,27995.181400000023,0.0,1.0,0.0,0.0,0.0,0.0,0.0,0.0,0.0,0.0,0.0,0.0,0.0,0.0,0.0,0.0,0.0,0.0,0.0,0.0,0.0,0.0,0.0,0.0,0.0,0.0,0.0,0.0,0.0,0.0,0.0,0.0,0.0,0.0,0.0,1.0,1.0,0.0,0.0,0.0,0.0
LSS-mKate2,0.04291845493562232,0.017167381974248927,0.04721030042918455,0.07725321888412018,0.04291845493562232,0.10300429184549356,0.030042918454935622,0.03862660944206009,0.0815450643776824,0.0815450643776824,0.034334763948497854,0.04291845493562232,0.04291845493562232,0.030042918454935622,0.03862660944206009,0.04721030042918455,0.07725321888412018,0.06437768240343347,0.008583690987124463,0.05150214592274678,233.0,6.660529518127442,26195.515500000016,1.0,0.0,0.0,0.0,0.0,0.0,0.0,0.0,0.0,0.0,0.0,0.0,0.0,0.0,0.0,0.0,0.0,0.0,0.0,0.0,0.0,0.0,0.0,0.0,0.0,0.0,0.0,0.0,0.0,0.0,0.0,1.0,0.0,0.0,0.0,0.0,1.0,0.0,0.0,0.0,0.0
mEGFP,0.029288702928870293,0.008368200836820083,0.07531380753138076,0.06694560669456066,0.0502092050209205,0.09205020920502092,0.03765690376569038,0.0502092050209205,0.08786610878661087,0.08786610878661087,0.02510460251046025,0.05439330543933055,0.04184100418410042,0.03347280334728033,0.02510460251046025,0.04184100418410042,0.06694560669456066,0.07531380753138076,0.0041841004184100415,0.04602510460251046,239.0,5.713932991027832,26998.248700000022,0.0,1.0,0.0,0.0,0.0,0.0,0.0,0.0,0.0,0.0,0.0,0.0,0.0,0.0,0.0,0.0,0.0,0.0,0.0,0.0,0.0,0.0,0.0,0.0,0.0,0.0,0.0,0.0,0.0,0.0,0.0,1.0,0.0,0.0,0.0,0.0,1.0,0.0,0.0,0.0,0.0
&alpha;GFP,0.037815126050420166,0.008403361344537815,0.07563025210084033,0.06722689075630252,0.05042016806722689,0.09243697478991597,0.04201680672268908,0.05042016806722689,0.08403361344537816,0.07983193277310924,0.02100840336134454,0.0546218487394958,0.04201680672268908,0.029411764705882353,0.029411764705882353,0.05042016806722689,0.06722689075630252,0.06722689075630252,0.004201680672268907,0.046218487394957986,238.0,5.795326423645019,26795.809400000016,0.0,0.0,0.0,0.0,1.0,0.0,0.0,0.0,0.0,0.0,0.0,0.0,0.0,0.0,0.0,0.0,0.0,0.0,0.0,0.0,0.0,0.0,0.0,0.0,0.0,0.0,0.0,0.0,0.0,0.0,0.0,0.0,1.0,0.0,0.0,0.0,1.0,0.0,0.0,0.0,0.0
htFuncLib_sf:mid.10,0.03614457831325301,0.008032128514056224,0.07228915662650602,0.0642570281124498,0.04819277108433735,0.09236947791164658,0.060240963855421686,0.04819277108433735,0.08032128514056225,0.08032128514056225,0.020080321285140562,0.05220883534136546,0.040160642570281124,0.024096385542168676,0.0321285140562249,0.04417670682730924,0.07228915662650602,0.08433734939759036,0.004016064257028112,0.03614457831325301,249.0,6.18973217010498,27964.210400000025,0.0,1.0,0.0,0.0,0.0,0.0,0.0,0.0,0.0,0.0,0.0,0.0,0.0,0.0,0.0,0.0,0.0,0.0,0.0,0.0,0.0,0.0,0.0,0.0,0.0,0.0,0.0,0.0,0.0,0.0,0.0,0.0,0.0,0.0,0.0,1.0,1.0,0.0,0.0,0.0,0.0
TurboYFP,0.04526748971193416,0.024691358024691357,0.07407407407407407,0.04526748971193416,0.05761316872427984,0.11522633744855967,0.04938271604938271,0.037037037037037035,0.07407407407407407,0.04938271604938271,0.024691358024691357,0.0411522633744856,0.037037037037037035,0.024691358024691357,0.02880658436213992,0.05761316872427984,0.07818930041152264,0.0823045267489712,0.00823045267489712,0.04526748971193416,243.0,6.2936906814575195,26851.82420000002,0.0,1.0,0.0,0.0,0.0,0.0,0.0,0.0,0.0,0.0,0.0,0.0,0.0,0.0,0.0,0.0,0.0,0.0,0.0,0.0,0.0,0.0,0.0,0.0,0.0,0.0,0.0,0.0,0.0,0.0,0.0,0.0,1.0,0.0,0.0,0.0,1.0,0.0,0.0,0.0,0.0
mTFP1-Y67W,0.0423728813559322,0.0,0.07627118644067797,0.0847457627118644,0.046610169491525424,0.08898305084745763,0.03389830508474576,0.05508474576271186,0.1059322033898305,0.05084745762711865,0.038135593220338986,0.046610169491525424,0.046610169491525424,0.00847457627118644,0.03389830508474576,0.0423728813559322,0.0635593220338983,0.07203389830508475,0.012711864406779662,0.05084745762711865,236.0,5.934127235412597,26929.168900000022,0.0,0.0,0.0,0.0,0.0,0.0,0.0,0.0,0.0,0.0,0.0,0.0,0.0,0.0,0.0,0.0,0.0,0.0,0.0,0.0,1.0,0.0,0.0,0.0,0.0,0.0,0.0,0.0,0.0,0.0,0.0,0.0,0.0,0.0,0.0,1.0,1.0,0.0,0.0,0.0,0.0
GRvT,0.029661016949152543,0.0,0.05508474576271186,0.09110169491525423,0.04449152542372881,0.10805084745762712,0.029661016949152543,0.038135593220338986,0.09322033898305085,0.07203389830508475,0.046610169491525424,0.01694915254237288,0.05508474576271186,0.03177966101694915,0.04025423728813559,0.05084745762711865,0.059322033898305086,0.0635593220338983,0.012711864406779662,0.0614406779661017,472.0,6.205192375183105,53958.843900000014,1.0,0.0,0.0,0.0,0.0,0.0,0.0,0.0,0.0,0.0,0.0,0.0,0.0,0.0,0.0,0.0,0.0,0.0,0.0,0.0,0.0,0.0,0.0,0.0,0.0,0.0,0.0,0.0,0.0,0.0,0.0,0.0,0.0,0.0,0.0,1.0,1.0,0.0,0.0,0.0,0.0
mScarlet-2A-84W,0.04741379310344827,0.0,0.06465517241379311,0.08620689655172414,0.04741379310344827,0.09913793103448276,0.021551724137931036,0.034482758620689655,0.09482758620689655,0.05603448275862069,0.04741379310344827,0.021551724137931036,0.05603448275862069,0.03017241379310345,0.04741379310344827,0.05172413793103448,0.06465517241379311,0.06465517241379311,0.017241379310344827,0.04741379310344827,232.0,6.2495267868042,26400.661200000006,1.0,0.0,0.0,0.0,0.0,0.0,0.0,0.0,0.0,0.0,0.0,0.0,0.0,0.0,0.0,0.0,0.0,0.0,0.0,0.0,0.0,0.0,0.0,0.0,0.0,0.0,0.0,0.0,0.0,0.0,0.0,1.0,0.0,0.0,0.0,0.0,1.0,0.0,0.0,0.0,0.0
RFP630,0.03463203463203463,0.017316017316017316,0.047619047619047616,0.0735930735930736,0.0735930735930736,0.10822510822510822,0.025974025974025976,0.021645021645021644,0.0735930735930736,0.06060606060606061,0.06060606060606061,0.03463203463203463,0.04329004329004329,0.030303030303030304,0.03896103896103896,0.06060606060606061,0.06926406926406926,0.07792207792207792,0.008658008658008658,0.03896103896103896,231.0,6.315573692321778,26025.479600000002,1.0,0.0,0.0,0.0,0.0,0.0,0.0,0.0,0.0,0.0,0.0,0.0,0.0,0.0,0.0,0.0,0.0,0.0,0.0,0.0,0.0,0.0,0.0,0.0,0.0,0.0,0.0,0.0,0.0,0.0,0.0,0.0,0.0,1.0,0.0,0.0,1.0,0.0,0.0,0.0,0.0
REACh1,0.03765690376569038,0.008368200836820083,0.07531380753138076,0.06694560669456066,0.05439330543933055,0.09623430962343096,0.03765690376569038,0.0502092050209205,0.08368200836820083,0.08786610878661087,0.02510460251046025,0.05439330543933055,0.04184100418410042,0.03347280334728033,0.02510460251046025,0.03765690376569038,0.058577405857740586,0.07112970711297072,0.008368200836820083,0.04602510460251046,239.0,5.583601188659667,27014.251100000016,0.0,0.0,1.0,0.0,0.0,0.0,0.0,0.0,0.0,0.0,0.0,0.0,0.0,0.0,0.0,0.0,0.0,0.0,0.0,0.0,0.0,0.0,0.0,0.0,0.0,0.0,0.0,0.0,0.0,0.0,0.0,0.0,0.0,0.0,0.0,1.0,1.0,0.0,0.0,0.0,0.0
htFuncLib_mid.7,0.024193548387096774,0.012096774193548387,0.07258064516129033,0.07258064516129033,0.05241935483870968,0.09274193548387097,0.06854838709677419,0.04838709677419355,0.07258064516129033,0.0846774193548387,0.024193548387096774,0.04838709677419355,0.04435483870967742,0.028225806451612902,0.028225806451612902,0.036290322580645164,0.06854838709677419,0.06854838709677419,0.008064516129032258,0.04435483870967742,248.0,5.822097587585449,28317.53890000003,0.0,1.0,0.0,0.0,0.0,0.0,0.0,0.0,0.0,0.0,0.0,0.0,0.0,0.0,0.0,0.0,0.0,0.0,0.0,0.0,0.0,0.0,0.0,0.0,0.0,0.0,0.0,0.0,0.0,0.0,0.0,0.0,0.0,0.0,0.0,1.0,1.0,0.0,0.0,0.0,0.0
shBFP-N158S/L173I,0.05726872246696035,0.030837004405286344,0.05286343612334802,0.07048458149779736,0.05726872246696035,0.09251101321585903,0.030837004405286344,0.048458149779735685,0.07048458149779736,0.07488986784140969,0.039647577092511016,0.030837004405286344,0.05726872246696035,0.01762114537444934,0.048458149779735685,0.05286343612334802,0.07048458149779736,0.048458149779735685,0.00881057268722467,0.039647577092511016,227.0,6.654049873352052,25467.93140000001,0.0,0.0,0.0,0.0,0.0,0.0,0.0,0.0,0.0,0.0,0.0,0.0,0.0,0.0,0.0,0.0,0.0,0.0,0.0,1.0,0.0,0.0,0.0,0.0,0.0,0.0,0.0,0.0,0.0,0.0,0.0,1.0,0.0,0.0,0.0,0.0,1.0,0.0,0.0,0.0,0.0
(n1)StayGold,0.02654867256637168,0.022123893805309734,0.048672566371681415,0.0752212389380531,0.04424778761061947,0.09292035398230089,0.061946902654867256,0.035398230088495575,0.07964601769911504,0.061946902654867256,0.02654867256637168,0.04424778761061947,0.05752212389380531,0.04424778761061947,0.017699115044247787,0.06637168141592921,0.07079646017699115,0.061946902654867256,0.01327433628318584,0.048672566371681415,226.0,6.142669486999511,25569.355900000024,0.0,0.0,1.0,0.0,0.0,0.0,0.0,0.0,0.0,0.0,0.0,0.0,0.0,0.0,0.0,0.0,0.0,0.0,0.0,0.0,0.0,0.0,0.0,0.0,0.0,0.0,0.0,0.0,0.0,0.0,0.0,0.0,1.0,0.0,0.0,0.0,1.0,0.0,0.0,0.0,0.0
nanoLuc,0.017543859649122806,0.005847953216374269,0.07017543859649122,0.04678362573099415,0.04678362573099415,0.11695906432748537,0.023391812865497075,0.10526315789473684,0.04093567251461988,0.0935672514619883,0.017543859649122806,0.04678362573099415,0.03508771929824561,0.04093567251461988,0.04093567251461988,0.03508771929824561,0.05847953216374269,0.10526315789473684,0.017543859649122806,0.03508771929824561,171.0,5.098991966247558,19094.724800000015,0.0,0.0,0.0,0.0,0.0,1.0,0.0,0.0,0.0,0.0,0.0,0.0,0.0,0.0,0.0,0.0,0.0,0.0,0.0,0.0,0.0,0.0,0.0,0.0,0.0,0.0,0.0,0.0,0.0,0.0,0.0,0.0,0.0,0.0,0.0,1.0,1.0,0.0,0.0,0.0,0.0
roGFP1-R8,0.03361344537815126,0.012605042016806723,0.07983193277310924,0.06722689075630252,0.05042016806722689,0.09243697478991597,0.04201680672268908,0.05042016806722689,0.07983193277310924,0.07983193277310924,0.025210084033613446,0.0546218487394958,0.04201680672268908,0.025210084033613446,0.03361344537815126,0.046218487394957986,0.06302521008403361,0.07142857142857142,0.004201680672268907,0.046218487394957986,238.0,5.673293113708497,26884.99180000002,0.0,0.0,0.0,0.0,1.0,0.0,0.0,0.0,0.0,0.0,0.0,0.0,0.0,0.0,0.0,0.0,0.0,0.0,0.0,0.0,0.0,0.0,0.0,0.0,0.0,0.0,0.0,0.0,0.0,0.0,0.0,0.0,0.0,0.0,0.0,1.0,1.0,0.0,0.0,0.0,0.0
Pp2FbFP L30M,0.08783783783783784,0.02027027027027027,0.060810810810810814,0.10810810810810811,0.02702702702702703,0.060810810810810814,0.02702702702702703,0.08108108108108109,0.02027027027027027,0.08108108108108109,0.02027027027027027,0.0472972972972973,0.02702702702702703,0.08108108108108109,0.08108108108108109,0.02702702702702703,0.02702702702702703,0.06756756756756757,0.006756756756756757,0.04054054054054054,148.0,4.808772087097168,17005.91039999999,0.0,0.0,0.0,0.0,0.0,0.0,1.0,0.0,0.0,0.0,0.0,0.0,0.0,0.0,0.0,0.0,0.0,0.0,0.0,0.0,0.0,0.0,0.0,0.0,0.0,0.0,0.0,0.0,0.0,0.0,0.0,0.0,1.0,0.0,0.0,0.0,1.0,0.0,0.0,0.0,0.0
PSmOrange,0.0423728813559322,0.0,0.05084745762711865,0.1016949152542373,0.046610169491525424,0.11016949152542373,0.0211864406779661,0.046610169491525424,0.09745762711864407,0.05084745762711865,0.046610169491525424,0.025423728813559324,0.046610169491525424,0.025423728813559324,0.0423728813559322,0.05508474576271186,0.059322033898305086,0.0635593220338983,0.012711864406779662,0.05508474576271186,236.0,6.0296735763549805,26788.085700000007,0.0,1.0,0.0,0.0,0.0,0.0,0.0,0.0,0.0,0.0,0.0,0.0,0.0,0.0,0.0,0.0,0.0,0.0,0.0,0.0,0.0,0.0,0.0,0.0,0.0,0.0,0.0,0.0,0.0,0.0,0.0,1.0,0.0,0.0,0.0,0.0,0.0,0.0,0.0,1.0,0.0
Dronpa-3,0.05357142857142857,0.017857142857142856,0.07142857142857142,0.07142857142857142,0.049107142857142856,0.08928571428571429,0.04017857142857143,0.05357142857142857,0.08928571428571429,0.05803571428571429,0.026785714285714284,0.049107142857142856,0.05357142857142857,0.022321428571428572,0.03571428571428571,0.044642857142857144,0.03571428571428571,0.07142857142857142,0.008928571428571428,0.05803571428571429,224.0,6.14011173248291,25434.511800000022,0.0,0.0,0.0,0.0,0.0,0.0,0.0,1.0,0.0,0.0,0.0,0.0,0.0,0.0,0.0,0.0,0.0,0.0,0.0,0.0,0.0,0.0,0.0,0.0,0.0,0.0,0.0,0.0,0.0,0.0,0.0,1.0,0.0,0.0,0.0,0.0,0.0,1.0,0.0,0.0,0.0
miniGFP1,0.03636363636363636,0.0,0.07272727272727272,0.05454545454545454,0.05454545454545454,0.08181818181818182,0.01818181818181818,0.07272727272727272,0.05454545454545454,0.09090909090909091,0.01818181818181818,0.02727272727272727,0.05454545454545454,0.06363636363636363,0.06363636363636363,0.05454545454545454,0.06363636363636363,0.06363636363636363,0.01818181818181818,0.03636363636363636,110.0,6.075201606750488,12601.17979999999,0.0,0.0,0.0,0.0,0.0,0.0,1.0,0.0,0.0,0.0,0.0,0.0,0.0,0.0,0.0,0.0,0.0,0.0,0.0,0.0,0.0,0.0,0.0,0.0,0.0,0.0,0.0,0.0,0.0,0.0,0.0,1.0,0.0,0.0,0.0,0.0,1.0,0.0,0.0,0.0,0.0
eechGFP3,0.05263157894736842,0.013157894736842105,0.07894736842105263,0.05701754385964912,0.05701754385964912,0.08333333333333333,0.03070175438596491,0.07017543859649122,0.09210526315789473,0.05701754385964912,0.03508771929824561,0.04824561403508772,0.04824561403508772,0.017543859649122806,0.039473684210526314,0.039473684210526314,0.06140350877192982,0.06140350877192982,0.008771929824561403,0.04824561403508772,228.0,6.657573890686037,25906.293100000017,0.0,0.0,0.0,0.0,0.0,0.0,0.0,0.0,0.0,0.0,0.0,0.0,0.0,1.0,0.0,0.0,0.0,0.0,0.0,0.0,0.0,0.0,0.0,0.0,0.0,0.0,0.0,0.0,0.0,0.0,0.0,0.0,0.0,1.0,0.0,0.0,1.0,0.0,0.0,0.0,0.0
aacuGFP2,0.047619047619047616,0.012987012987012988,0.03896103896103896,0.06926406926406926,0.06926406926406926,0.09090909090909091,0.03896103896103896,0.04329004329004329,0.08658008658008658,0.05194805194805195,0.04329004329004329,0.03463203463203463,0.05627705627705628,0.03896103896103896,0.030303030303030304,0.06493506493506493,0.05194805194805195,0.07792207792207792,0.008658008658008658,0.04329004329004329,231.0,8.302448081970216,26092.59370000001,0.0,0.0,0.0,1.0,0.0,0.0,0.0,0.0,0.0,0.0,0.0,0.0,0.0,0.0,0.0,0.0,0.0,0.0,0.0,0.0,0.0,0.0,0.0,0.0,0.0,0.0,0.0,0.0,0.0,0.0,0.0,0.0,0.0,1.0,0.0,0.0,1.0,0.0,0.0,0.0,0.0
miRFP670-2,0.1189710610932476,0.01929260450160772,0.05144694533762058,0.05787781350482315,0.04180064308681672,0.06430868167202572,0.04501607717041801,0.06752411575562701,0.022508038585209004,0.10289389067524116,0.02572347266881029,0.01607717041800643,0.04823151125401929,0.03536977491961415,0.09646302250803858,0.07717041800643087,0.04180064308681672,0.04180064308681672,0.006430868167202572,0.01929260450160772,311.0,8.560257148742679,34517.169000000045,0.0,0.0,0.0,0.0,0.0,0.0,1.0,0.0,0.0,0.0,0.0,0.0,0.0,0.0,0.0,0.0,0.0,0.0,0.0,0.0,0.0,0.0,0.0,0.0,0.0,0.0,0.0,0.0,0.0,0.0,0.0,1.0,0.0,0.0,0.0,0.0,1.0,0.0,0.0,0.0,0.0
CagFbFP,0.14018691588785046,0.0,0.056074766355140186,0.037383177570093455,0.04672897196261682,0.07476635514018691,0.0,0.06542056074766354,0.009345794392523364,0.04672897196261682,0.018691588785046728,0.056074766355140186,0.056074766355140186,0.06542056074766354,0.08411214953271028,0.037383177570093455,0.07476635514018691,0.102803738317757,0.009345794392523364,0.018691588785046728,107.0,6.1571065902709945,11561.919299999994,0.0,0.0,0.0,0.0,0.0,0.0,1.0,0.0,0.0,0.0,0.0,0.0,0.0,0.0,0.0,0.0,0.0,0.0,0.0,0.0,0.0,0.0,0.0,0.0,0.0,0.0,0.0,0.0,0.0,0.0,0.0,0.0,1.0,0.0,0.0,0.0,1.0,0.0,0.0,0.0,0.0
mHoneydew,0.057777777777777775,0.0,0.06222222222222222,0.09333333333333334,0.044444444444444446,0.10666666666666667,0.022222222222222223,0.04,0.09777777777777778,0.05333333333333334,0.044444444444444446,0.017777777777777778,0.05333333333333334,0.03111111111111111,0.04,0.04888888888888889,0.06222222222222222,0.06222222222222222,0.017777777777777778,0.044444444444444446,225.0,5.818062019348145,25361.4505,0.0,0.0,0.0,0.0,0.0,0.0,0.0,0.0,0.0,0.0,0.0,0.0,0.0,0.0,0.0,0.0,0.0,0.0,0.0,0.0,0.0,0.0,0.0,0.0,0.0,0.0,0.0,0.0,0.0,1.0,0.0,1.0,0.0,0.0,0.0,0.0,1.0,0.0,0.0,0.0,0.0
CyPet,0.03765690376569038,0.008368200836820083,0.07112970711297072,0.06694560669456066,0.0502092050209205,0.09623430962343096,0.04184100418410042,0.058577405857740586,0.08368200836820083,0.0794979079497908,0.02092050209205021,0.0502092050209205,0.04184100418410042,0.03347280334728033,0.02510460251046025,0.04184100418410042,0.07112970711297072,0.07112970711297072,0.008368200836820083,0.04184100418410042,239.0,5.793109703063965,26871.04640000002,0.0,0.0,0.0,0.0,0.0,0.0,0.0,0.0,1.0,0.0,0.0,0.0,0.0,0.0,0.0,0.0,0.0,0.0,0.0,0.0,0.0,0.0,0.0,0.0,0.0,0.0,0.0,0.0,0.0,0.0,0.0,0.0,0.0,0.0,1.0,0.0,1.0,0.0,0.0,0.0,0.0
dsFP483,0.034482758620689655,0.02586206896551724,0.05172413793103448,0.07327586206896551,0.05172413793103448,0.09913793103448276,0.0603448275862069,0.05603448275862069,0.09051724137931035,0.06896551724137931,0.021551724137931036,0.04741379310344827,0.0603448275862069,0.017241379310344827,0.021551724137931036,0.03017241379310345,0.06465517241379311,0.05603448275862069,0.017241379310344827,0.05172413793103448,232.0,6.526048469543457,26434.77440000002,0.0,0.0,0.0,1.0,0.0,0.0,0.0,0.0,0.0,0.0,0.0,0.0,0.0,0.0,0.0,0.0,0.0,0.0,0.0,0.0,0.0,0.0,0.0,0.0,0.0,0.0,0.0,0.0,0.0,0.0,0.0,0.0,0.0,1.0,0.0,0.0,1.0,0.0,0.0,0.0,0.0
cp-mKate,0.04680851063829787,0.01702127659574468,0.0425531914893617,0.07659574468085106,0.0425531914893617,0.10638297872340426,0.029787234042553193,0.03829787234042553,0.07659574468085106,0.07659574468085106,0.0425531914893617,0.03829787234042553,0.04680851063829787,0.029787234042553193,0.03829787234042553,0.05106382978723404,0.0851063829787234,0.059574468085106386,0.00851063829787234,0.04680851063829787,235.0,6.726349067687988,26239.612900000004,1.0,0.0,0.0,0.0,0.0,0.0,0.0,0.0,0.0,0.0,0.0,0.0,0.0,0.0,0.0,0.0,0.0,0.0,0.0,0.0,0.0,0.0,0.0,0.0,0.0,0.0,0.0,0.0,0.0,0.0,0.0,1.0,0.0,0.0,0.0,0.0,1.0,0.0,0.0,0.0,0.0
mCerulean2.N(T65S),0.04184100418410042,0.012552301255230125,0.07531380753138076,0.06694560669456066,0.0502092050209205,0.100418410041841,0.03347280334728033,0.05439330543933055,0.08368200836820083,0.09205020920502092,0.02092050209205021,0.05439330543933055,0.04184100418410042,0.03347280334728033,0.02092050209205021,0.03765690376569038,0.06276150627615062,0.07112970711297072,0.008368200836820083,0.03765690376569038,239.0,5.364430046081543,26674.901100000017,0.0,0.0,0.0,0.0,0.0,0.0,0.0,0.0,0.0,0.0,0.0,0.0,1.0,0.0,0.0,0.0,0.0,0.0,0.0,0.0,0.0,0.0,0.0,0.0,0.0,0.0,0.0,0.0,0.0,0.0,0.0,1.0,0.0,0.0,0.0,0.0,1.0,0.0,0.0,0.0,0.0
rsEGFP,0.03347280334728033,0.008368200836820083,0.07531380753138076,0.06694560669456066,0.0502092050209205,0.09205020920502092,0.03765690376569038,0.0502092050209205,0.08786610878661087,0.09205020920502092,0.02510460251046025,0.058577405857740586,0.04184100418410042,0.029288702928870293,0.02510460251046025,0.04184100418410042,0.06694560669456066,0.06694560669456066,0.0041841004184100415,0.04602510460251046,239.0,5.713932991027832,26970.19560000002,0.0,1.0,0.0,0.0,0.0,0.0,0.0,0.0,0.0,0.0,0.0,0.0,0.0,0.0,0.0,0.0,0.0,0.0,0.0,0.0,0.0,0.0,0.0,0.0,0.0,0.0,0.0,0.0,0.0,0.0,0.0,1.0,0.0,0.0,0.0,0.0,0.0,1.0,0.0,0.0,0.0
PAmCherry1,0.0423728813559322,0.0,0.059322033898305086,0.09745762711864407,0.046610169491525424,0.1059322033898305,0.025423728813559324,0.03389830508474576,0.1016949152542373,0.05084745762711865,0.0423728813559322,0.029661016949152543,0.05508474576271186,0.029661016949152543,0.038135593220338986,0.046610169491525424,0.05508474576271186,0.07627118644067797,0.012711864406779662,0.05084745762711865,236.0,5.9325357437133786,26765.97580000001,1.0,0.0,0.0,0.0,0.0,0.0,0.0,0.0,0.0,0.0,0.0,0.0,0.0,0.0,0.0,0.0,0.0,0.0,0.0,0.0,0.0,0.0,0.0,0.0,0.0,0.0,0.0,0.0,0.0,0.0,0.0,1.0,0.0,0.0,0.0,0.0,0.0,0.0,1.0,0.0,0.0
oxGFP,0.03347280334728033,0.0,0.07531380753138076,0.06694560669456066,0.0502092050209205,0.09205020920502092,0.04184100418410042,0.04602510460251046,0.08368200836820083,0.08368200836820083,0.02092050209205021,0.05439330543933055,0.04184100418410042,0.029288702928870293,0.03347280334728033,0.0502092050209205,0.07531380753138076,0.0794979079497908,0.0041841004184100415,0.03765690376569038,239.0,5.924464607238768,26847.88580000002,0.0,1.0,0.0,0.0,0.0,0.0,0.0,0.0,0.0,0.0,0.0,0.0,0.0,0.0,0.0,0.0,0.0,0.0,0.0,0.0,0.0,0.0,0.0,0.0,0.0,0.0,0.0,0.0,0.0,0.0,0.0,0.0,1.0,0.0,0.0,0.0,1.0,0.0,0.0,0.0,0.0
mScarlet-I3-NCwt,0.04310344827586207,0.0,0.06465517241379311,0.08620689655172414,0.05172413793103448,0.10344827586206896,0.021551724137931036,0.04310344827586207,0.09051724137931035,0.05603448275862069,0.04741379310344827,0.017241379310344827,0.05603448275862069,0.03017241379310345,0.05172413793103448,0.05172413793103448,0.0603448275862069,0.06465517241379311,0.017241379310344827,0.04310344827586207,232.0,6.249640464782716,26409.757300000005,1.0,0.0,0.0,0.0,0.0,0.0,0.0,0.0,0.0,0.0,0.0,0.0,0.0,0.0,0.0,0.0,0.0,0.0,0.0,0.0,0.0,0.0,0.0,0.0,0.0,0.0,0.0,0.0,0.0,0.0,0.0,1.0,0.0,0.0,0.0,0.0,1.0,0.0,0.0,0.0,0.0
mT-Sapphire,0.03765690376569038,0.0041841004184100415,0.07531380753138076,0.06694560669456066,0.058577405857740586,0.09623430962343096,0.03765690376569038,0.05439330543933055,0.08786610878661087,0.08368200836820083,0.029288702928870293,0.05439330543933055,0.04184100418410042,0.029288702928870293,0.02510460251046025,0.03765690376569038,0.058577405857740586,0.07531380753138076,0.0041841004184100415,0.04184100418410042,239.0,5.714046669006348,26939.26900000002,0.0,0.0,0.0,0.0,1.0,0.0,0.0,0.0,0.0,0.0,0.0,0.0,0.0,0.0,0.0,0.0,0.0,0.0,0.0,0.0,0.0,0.0,0.0,0.0,0.0,0.0,0.0,0.0,0.0,0.0,0.0,1.0,0.0,0.0,0.0,0.0,1.0,0.0,0.0,0.0,0.0
plobRFP,0.030042918454935622,0.012875536480686695,0.055793991416309016,0.07725321888412018,0.05150214592274678,0.08583690987124463,0.034334763948497854,0.04291845493562232,0.0944206008583691,0.07296137339055794,0.034334763948497854,0.04291845493562232,0.055793991416309016,0.04291845493562232,0.02575107296137339,0.060085836909871244,0.06866952789699571,0.060085836909871244,0.012875536480686695,0.03862660944206009,233.0,6.249583625793457,26447.714200000017,1.0,0.0,0.0,0.0,0.0,0.0,0.0,0.0,0.0,0.0,0.0,0.0,0.0,0.0,0.0,0.0,0.0,0.0,0.0,0.0,0.0,0.0,0.0,0.0,0.0,0.0,0.0,0.0,0.0,0.0,0.0,0.0,0.0,1.0,0.0,0.0,1.0,0.0,0.0,0.0,0.0
FusionRed-M,0.05603448275862069,0.017241379310344827,0.04741379310344827,0.08189655172413793,0.04310344827586207,0.11637931034482758,0.02586206896551724,0.034482758620689655,0.06896551724137931,0.0603448275862069,0.04741379310344827,0.03879310344827586,0.05603448275862069,0.02586206896551724,0.034482758620689655,0.03879310344827586,0.08620689655172414,0.06896551724137931,0.008620689655172414,0.04310344827586207,232.0,5.56274127960205,25595.769199999995,1.0,0.0,0.0,0.0,0.0,0.0,0.0,0.0,0.0,0.0,0.0,0.0,0.0,0.0,0.0,0.0,0.0,0.0,0.0,0.0,0.0,0.0,0.0,0.0,0.0,0.0,0.0,0.0,0.0,0.0,0.0,1.0,0.0,0.0,0.0,0.0,1.0,0.0,0.0,0.0,0.0
EBFP1.2,0.03347280334728033,0.008368200836820083,0.07531380753138076,0.06694560669456066,0.05439330543933055,0.09205020920502092,0.04184100418410042,0.04602510460251046,0.08368200836820083,0.08786610878661087,0.02510460251046025,0.0502092050209205,0.04184100418410042,0.03347280334728033,0.029288702928870293,0.04184100418410042,0.06694560669456066,0.08368200836820083,0.0041841004184100415,0.03347280334728033,239.0,5.795383262634277,26863.135300000016,0.0,0.0,0.0,0.0,0.0,0.0,0.0,0.0,0.0,0.0,1.0,0.0,0.0,0.0,0.0,0.0,0.0,0.0,0.0,0.0,0.0,0.0,0.0,0.0,0.0,0.0,0.0,0.0,0.0,0.0,0.0,1.0,0.0,0.0,0.0,0.0,1.0,0.0,0.0,0.0,0.0
pmeaGFP1,0.04954954954954955,0.009009009009009009,0.036036036036036036,0.06306306306306306,0.05855855855855856,0.0990990990990991,0.036036036036036036,0.07207207207207207,0.05855855855855856,0.04954954954954955,0.04504504504504504,0.08108108108108109,0.036036036036036036,0.018018018018018018,0.02702702702702703,0.05405405405405406,0.09009009009009009,0.04504504504504504,0.0,0.07207207207207207,222.0,6.231736183166503,24982.89690000001,0.0,0.0,1.0,0.0,0.0,0.0,0.0,0.0,0.0,0.0,0.0,0.0,0.0,0.0,0.0,0.0,0.0,0.0,0.0,0.0,0.0,0.0,0.0,0.0,0.0,0.0,0.0,0.0,0.0,0.0,0.0,0.0,0.0,0.0,0.0,1.0,1.0,0.0,0.0,0.0,0.0
KCY-G4219,0.04484304932735426,0.017937219730941704,0.053811659192825115,0.06726457399103139,0.05829596412556054,0.10762331838565023,0.03139013452914798,0.053811659192825115,0.09865470852017937,0.053811659192825115,0.03587443946188341,0.03139013452914798,0.06278026905829596,0.013452914798206279,0.03139013452914798,0.06726457399103139,0.07174887892376682,0.04484304932735426,0.008968609865470852,0.04484304932735426,223.0,8.222894096374514,24842.033600000006,0.0,0.0,0.0,0.0,1.0,0.0,0.0,0.0,0.0,0.0,0.0,0.0,0.0,0.0,0.0,0.0,0.0,0.0,0.0,0.0,0.0,0.0,0.0,0.0,0.0,0.0,0.0,0.0,0.0,0.0,0.0,0.0,0.0,0.0,0.0,1.0,1.0,0.0,0.0,0.0,0.0
miniSOG Q103V,0.02830188679245283,0.0,0.07547169811320754,0.07547169811320754,0.05660377358490566,0.07547169811320754,0.009433962264150943,0.08490566037735849,0.05660377358490566,0.10377358490566038,0.018867924528301886,0.03773584905660377,0.04716981132075472,0.07547169811320754,0.07547169811320754,0.03773584905660377,0.05660377358490566,0.04716981132075472,0.009433962264150943,0.02830188679245283,106.0,5.376252555847168,12298.853199999992,0.0,0.0,0.0,0.0,0.0,0.0,1.0,0.0,0.0,0.0,0.0,0.0,0.0,0.0,0.0,0.0,0.0,0.0,0.0,0.0,0.0,0.0,0.0,0.0,0.0,0.0,0.0,0.0,0.0,0.0,0.0,1.0,0.0,0.0,0.0,0.0,1.0,0.0,0.0,0.0,0.0
mTurquoise,0.03765690376569038,0.008368200836820083,0.0794979079497908,0.06694560669456066,0.0502092050209205,0.09623430962343096,0.03347280334728033,0.05439330543933055,0.08786610878661087,0.08786610878661087,0.02092050209205021,0.0502092050209205,0.04184100418410042,0.03347280334728033,0.02510460251046025,0.03765690376569038,0.06694560669456066,0.07112970711297072,0.008368200836820083,0.04184100418410042,239.0,5.493454551696778,26880.09130000002,0.0,0.0,0.0,0.0,0.0,0.0,0.0,0.0,0.0,0.0,0.0,0.0,1.0,0.0,0.0,0.0,0.0,0.0,0.0,0.0,0.0,0.0,0.0,0.0,0.0,0.0,0.0,0.0,0.0,0.0,0.0,1.0,0.0,0.0,0.0,0.0,1.0,0.0,0.0,0.0,0.0
Diogenes,0.05172413793103448,0.017241379310344827,0.04310344827586207,0.07758620689655173,0.04310344827586207,0.09913793103448276,0.034482758620689655,0.03879310344827586,0.07758620689655173,0.07758620689655173,0.03879310344827586,0.03879310344827586,0.04741379310344827,0.03017241379310345,0.04310344827586207,0.04310344827586207,0.08189655172413793,0.0603448275862069,0.008620689655172414,0.04741379310344827,232.0,7.085628318786621,26083.458700000014,1.0,0.0,0.0,0.0,0.0,0.0,0.0,0.0,0.0,0.0,0.0,0.0,0.0,0.0,0.0,0.0,0.0,0.0,0.0,0.0,0.0,0.0,0.0,0.0,0.0,0.0,0.0,0.0,0.0,0.0,0.0,1.0,0.0,0.0,0.0,0.0,1.0,0.0,0.0,0.0,0.0
Hyperfolder YFP,0.03765690376569038,0.0,0.07531380753138076,0.06694560669456066,0.04184100418410042,0.09623430962343096,0.04184100418410042,0.04602510460251046,0.08368200836820083,0.08786610878661087,0.02510460251046025,0.058577405857740586,0.04184100418410042,0.029288702928870293,0.03347280334728033,0.03765690376569038,0.06276150627615062,0.08368200836820083,0.0041841004184100415,0.04602510460251046,239.0,5.924407768249511,26901.05740000002,0.0,0.0,1.0,0.0,0.0,0.0,0.0,0.0,0.0,0.0,0.0,0.0,0.0,0.0,0.0,0.0,0.0,0.0,0.0,0.0,0.0,0.0,0.0,0.0,0.0,0.0,0.0,0.0,0.0,0.0,0.0,0.0,0.0,0.0,1.0,0.0,1.0,0.0,0.0,0.0,0.0
htFuncLib_sf:mid.5,0.0321285140562249,0.008032128514056224,0.07228915662650602,0.0642570281124498,0.04417670682730924,0.09236947791164658,0.05622489959839357,0.04417670682730924,0.08032128514056225,0.08032128514056225,0.024096385542168676,0.05220883534136546,0.040160642570281124,0.028112449799196786,0.0321285140562249,0.04819277108433735,0.07228915662650602,0.08433734939759036,0.004016064257028112,0.040160642570281124,249.0,6.147102928161621,28005.23750000002,0.0,1.0,0.0,0.0,0.0,0.0,0.0,0.0,0.0,0.0,0.0,0.0,0.0,0.0,0.0,0.0,0.0,0.0,0.0,0.0,0.0,0.0,0.0,0.0,0.0,0.0,0.0,0.0,0.0,0.0,0.0,0.0,0.0,0.0,0.0,1.0,1.0,0.0,0.0,0.0,0.0
moxMaple3,0.04219409282700422,0.0,0.06751054852320675,0.0759493670886076,0.05063291139240506,0.08016877637130802,0.03375527426160337,0.05907172995780591,0.10970464135021098,0.05063291139240506,0.04219409282700422,0.03375527426160337,0.046413502109704644,0.02109704641350211,0.04219409282700422,0.05063291139240506,0.05907172995780591,0.0759493670886076,0.008438818565400843,0.05063291139240506,237.0,8.457687950134279,27186.786200000024,0.0,0.0,0.0,0.0,0.0,1.0,0.0,0.0,0.0,0.0,0.0,0.0,0.0,0.0,0.0,0.0,0.0,0.0,0.0,0.0,0.0,0.0,0.0,0.0,0.0,0.0,0.0,0.0,0.0,0.0,0.0,1.0,0.0,0.0,0.0,0.0,0.0,0.0,0.0,1.0,0.0
KikGR1,0.04405286343612335,0.013215859030837005,0.05726872246696035,0.07048458149779736,0.05726872246696035,0.09251101321585903,0.03524229074889868,0.048458149779735685,0.07929515418502203,0.05726872246696035,0.039647577092511016,0.048458149779735685,0.04405286343612335,0.030837004405286344,0.039647577092511016,0.048458149779735685,0.05286343612334802,0.08370044052863436,0.00881057268722467,0.048458149779735685,227.0,6.449884223937987,25763.049500000016,0.0,0.0,0.0,0.0,0.0,1.0,0.0,0.0,0.0,0.0,0.0,0.0,0.0,0.0,0.0,0.0,0.0,0.0,0.0,0.0,0.0,0.0,0.0,0.0,0.0,0.0,0.0,0.0,0.0,0.0,0.0,0.0,0.0,1.0,0.0,0.0,0.0,0.0,0.0,1.0,0.0
Gamillus0.4,0.0603448275862069,0.017241379310344827,0.04741379310344827,0.05172413793103448,0.05172413793103448,0.09051724137931035,0.04310344827586207,0.05172413793103448,0.06465517241379311,0.06896551724137931,0.03017241379310345,0.034482758620689655,0.05172413793103448,0.04741379310344827,0.03017241379310345,0.0603448275862069,0.10344827586206896,0.05603448275862069,0.008620689655172414,0.03017241379310345,232.0,6.7890424728393555,25615.76740000001,0.0,0.0,0.0,1.0,0.0,0.0,0.0,0.0,0.0,0.0,0.0,0.0,0.0,0.0,0.0,0.0,0.0,0.0,0.0,0.0,0.0,0.0,0.0,0.0,0.0,0.0,0.0,0.0,0.0,0.0,0.0,1.0,0.0,0.0,0.0,0.0,1.0,0.0,0.0,0.0,0.0
TagRFP675,0.04291845493562232,0.017167381974248927,0.03862660944206009,0.07725321888412018,0.03862660944206009,0.09871244635193133,0.030042918454935622,0.03862660944206009,0.08583690987124463,0.07725321888412018,0.04291845493562232,0.04721030042918455,0.04721030042918455,0.034334763948497854,0.03862660944206009,0.04291845493562232,0.07725321888412018,0.060085836909871244,0.012875536480686695,0.05150214592274678,233.0,8.222894096374514,26377.870900000016,1.0,0.0,0.0,0.0,0.0,0.0,0.0,0.0,0.0,0.0,0.0,0.0,0.0,0.0,0.0,0.0,0.0,0.0,0.0,0.0,0.0,0.0,0.0,0.0,0.0,0.0,0.0,0.0,0.0,0.0,0.0,1.0,0.0,0.0,0.0,0.0,1.0,0.0,0.0,0.0,0.0
htFuncLib_bleach.6,0.024193548387096774,0.016129032258064516,0.07258064516129033,0.07258064516129033,0.04838709677419355,0.09274193548387097,0.06451612903225806,0.04838709677419355,0.07258064516129033,0.09274193548387097,0.028225806451612902,0.04838709677419355,0.04435483870967742,0.028225806451612902,0.028225806451612902,0.036290322580645164,0.06451612903225806,0.06451612903225806,0.008064516129032258,0.04435483870967742,248.0,5.770203590393066,28293.645000000026,0.0,1.0,0.0,0.0,0.0,0.0,0.0,0.0,0.0,0.0,0.0,0.0,0.0,0.0,0.0,0.0,0.0,0.0,0.0,0.0,0.0,0.0,0.0,0.0,0.0,0.0,0.0,0.0,0.0,0.0,0.0,0.0,0.0,0.0,0.0,1.0,1.0,0.0,0.0,0.0,0.0
TagRFP657,0.04721030042918455,0.017167381974248927,0.03862660944206009,0.07725321888412018,0.04291845493562232,0.09871244635193133,0.03862660944206009,0.03862660944206009,0.07725321888412018,0.0815450643776824,0.034334763948497854,0.04291845493562232,0.04721030042918455,0.034334763948497854,0.034334763948497854,0.03862660944206009,0.08583690987124463,0.060085836909871244,0.012875536480686695,0.05150214592274678,233.0,6.754541206359863,26309.664400000016,1.0,0.0,0.0,0.0,0.0,0.0,0.0,0.0,0.0,0.0,0.0,0.0,0.0,0.0,0.0,0.0,0.0,0.0,0.0,0.0,0.0,0.0,0.0,0.0,0.0,0.0,0.0,0.0,0.0,0.0,0.0,1.0,0.0,0.0,0.0,0.0,1.0,0.0,0.0,0.0,0.0
amCyan1,0.0611353711790393,0.021834061135371178,0.056768558951965066,0.039301310043668124,0.07423580786026202,0.10480349344978165,0.039301310043668124,0.026200873362445413,0.06550218340611354,0.039301310043668124,0.056768558951965066,0.039301310043668124,0.05240174672489083,0.021834061135371178,0.021834061135371178,0.0611353711790393,0.10043668122270742,0.06550218340611354,0.008733624454148471,0.043668122270742356,229.0,6.488875770568847,25267.387600000002,1.0,0.0,0.0,0.0,0.0,0.0,0.0,0.0,0.0,0.0,0.0,0.0,0.0,0.0,0.0,0.0,0.0,0.0,0.0,0.0,0.0,0.0,0.0,0.0,0.0,0.0,0.0,0.0,0.0,0.0,0.0,0.0,0.0,1.0,0.0,0.0,1.0,0.0,0.0,0.0,0.0
AausGFP,0.03734439834024896,0.012448132780082987,0.05394190871369295,0.07883817427385892,0.05394190871369295,0.0954356846473029,0.04979253112033195,0.04979253112033195,0.07883817427385892,0.07468879668049792,0.04149377593360996,0.04564315352697095,0.04149377593360996,0.029045643153526972,0.03319502074688797,0.03319502074688797,0.07883817427385892,0.058091286307053944,0.004149377593360996,0.04979253112033195,241.0,6.173248863220214,27451.905300000028,0.0,0.0,0.0,0.0,1.0,0.0,0.0,0.0,0.0,0.0,0.0,0.0,0.0,0.0,0.0,0.0,0.0,0.0,0.0,0.0,0.0,0.0,0.0,0.0,0.0,0.0,0.0,0.0,0.0,0.0,0.0,0.0,1.0,0.0,0.0,0.0,1.0,0.0,0.0,0.0,0.0
mTurquoise2_T203Y,0.037815126050420166,0.008403361344537815,0.07983193277310924,0.06722689075630252,0.0546218487394958,0.09663865546218488,0.03361344537815126,0.05042016806722689,0.08823529411764706,0.08823529411764706,0.01680672268907563,0.05042016806722689,0.04201680672268908,0.03361344537815126,0.025210084033613446,0.037815126050420166,0.06302521008403361,0.07142857142857142,0.008403361344537815,0.046218487394957986,238.0,5.495898628234862,26844.980800000012,0.0,0.0,0.0,0.0,0.0,0.0,0.0,0.0,0.0,0.0,0.0,0.0,1.0,0.0,0.0,0.0,0.0,0.0,0.0,0.0,0.0,0.0,0.0,0.0,0.0,0.0,0.0,0.0,0.0,0.0,0.0,1.0,0.0,0.0,0.0,0.0,1.0,0.0,0.0,0.0,0.0
CRISPRed2s,0.0379746835443038,0.008438818565400843,0.06329113924050633,0.08860759493670886,0.046413502109704644,0.11814345991561181,0.02109704641350211,0.03375527426160337,0.07172995780590717,0.05063291139240506,0.046413502109704644,0.02531645569620253,0.04219409282700422,0.02531645569620253,0.05063291139240506,0.046413502109704644,0.06329113924050633,0.10126582278481013,0.008438818565400843,0.05063291139240506,237.0,5.363122749328612,26571.811199999996,1.0,0.0,0.0,0.0,0.0,0.0,0.0,0.0,0.0,0.0,0.0,0.0,0.0,0.0,0.0,0.0,0.0,0.0,0.0,0.0,0.0,0.0,0.0,0.0,0.0,0.0,0.0,0.0,0.0,0.0,0.0,0.0,0.0,1.0,0.0,0.0,1.0,0.0,0.0,0.0,0.0
SOPP3,0.03773584905660377,0.0,0.07547169811320754,0.07547169811320754,0.05660377358490566,0.07547169811320754,0.0,0.09433962264150944,0.05660377358490566,0.11320754716981132,0.009433962264150943,0.04716981132075472,0.04716981132075472,0.07547169811320754,0.07547169811320754,0.03773584905660377,0.05660377358490566,0.04716981132075472,0.0,0.018867924528301886,106.0,5.132242774963378,12092.630499999988,0.0,0.0,0.0,0.0,0.0,0.0,1.0,0.0,0.0,0.0,0.0,0.0,0.0,0.0,0.0,0.0,0.0,0.0,0.0,0.0,0.0,0.0,0.0,0.0,0.0,0.0,0.0,0.0,0.0,0.0,0.0,0.0,0.0,0.0,0.0,1.0,1.0,0.0,0.0,0.0,0.0
rsFusionRed3,0.0603448275862069,0.01293103448275862,0.04741379310344827,0.08189655172413793,0.04310344827586207,0.11637931034482758,0.03017241379310345,0.034482758620689655,0.07327586206896551,0.06465517241379311,0.04310344827586207,0.03879310344827586,0.05603448275862069,0.02586206896551724,0.03017241379310345,0.034482758620689655,0.08620689655172414,0.06896551724137931,0.008620689655172414,0.04310344827586207,232.0,5.669428062438965,25567.714399999997,1.0,0.0,0.0,0.0,0.0,0.0,0.0,0.0,0.0,0.0,0.0,0.0,0.0,0.0,0.0,0.0,0.0,0.0,0.0,0.0,0.0,0.0,0.0,0.0,0.0,0.0,0.0,0.0,0.0,0.0,0.0,1.0,0.0,0.0,0.0,0.0,0.0,1.0,0.0,0.0,0.0
moxCerulean3,0.04184100418410042,0.0041841004184100415,0.07531380753138076,0.06694560669456066,0.0502092050209205,0.100418410041841,0.03347280334728033,0.04602510460251046,0.08368200836820083,0.09205020920502092,0.02092050209205021,0.05439330543933055,0.04184100418410042,0.03347280334728033,0.02510460251046025,0.04184100418410042,0.07112970711297072,0.07531380753138076,0.008368200836820083,0.03347280334728033,239.0,5.489021110534667,26623.728700000014,0.0,0.0,0.0,0.0,0.0,0.0,0.0,0.0,0.0,0.0,0.0,0.0,1.0,0.0,0.0,0.0,0.0,0.0,0.0,0.0,0.0,0.0,0.0,0.0,0.0,0.0,0.0,0.0,0.0,0.0,0.0,1.0,0.0,0.0,0.0,0.0,1.0,0.0,0.0,0.0,0.0
mScarlet-I3,0.043668122270742356,0.0,0.06550218340611354,0.08296943231441048,0.05240174672489083,0.1091703056768559,0.021834061135371178,0.043668122270742356,0.08296943231441048,0.05240174672489083,0.043668122270742356,0.017467248908296942,0.056768558951965066,0.03056768558951965,0.05240174672489083,0.0611353711790393,0.06550218340611354,0.0611353711790393,0.017467248908296942,0.039301310043668124,229.0,6.0085863113403315,25849.950699999994,1.0,0.0,0.0,0.0,0.0,0.0,0.0,0.0,0.0,0.0,0.0,0.0,0.0,0.0,0.0,0.0,0.0,0.0,0.0,0.0,0.0,0.0,0.0,0.0,0.0,0.0,0.0,0.0,0.0,0.0,0.0,1.0,0.0,0.0,0.0,0.0,1.0,0.0,0.0,0.0,0.0
mEosEM,0.05726872246696035,0.00881057268722467,0.07048458149779736,0.06607929515418502,0.05726872246696035,0.09691629955947137,0.039647577092511016,0.04405286343612335,0.0881057268722467,0.05726872246696035,0.039647577092511016,0.048458149779735685,0.048458149779735685,0.01762114537444934,0.048458149779735685,0.030837004405286344,0.05726872246696035,0.06167400881057269,0.00881057268722467,0.05286343612334802,227.0,7.127973365783691,25872.078000000016,0.0,0.0,0.0,0.0,0.0,1.0,0.0,0.0,0.0,0.0,0.0,0.0,0.0,0.0,0.0,0.0,0.0,0.0,0.0,0.0,0.0,0.0,0.0,0.0,0.0,0.0,0.0,0.0,0.0,0.0,0.0,1.0,0.0,0.0,0.0,0.0,0.0,0.0,0.0,1.0,0.0
mOrange,0.0423728813559322,0.0,0.05084745762711865,0.1016949152542373,0.05084745762711865,0.11016949152542373,0.0211864406779661,0.046610169491525424,0.1016949152542373,0.05084745762711865,0.0423728813559322,0.025423728813559324,0.05084745762711865,0.029661016949152543,0.038135593220338986,0.05508474576271186,0.05508474576271186,0.0635593220338983,0.012711864406779662,0.05084745762711865,236.0,6.0296735763549805,26737.017400000008,0.0,1.0,0.0,0.0,0.0,0.0,0.0,0.0,0.0,0.0,0.0,0.0,0.0,0.0,0.0,0.0,0.0,0.0,0.0,0.0,0.0,0.0,0.0,0.0,0.0,0.0,0.0,0.0,0.0,0.0,0.0,1.0,0.0,0.0,0.0,0.0,1.0,0.0,0.0,0.0,0.0
GGvT,0.029288702928870293,0.0,0.058577405857740586,0.09205020920502092,0.04184100418410042,0.10460251046025104,0.029288702928870293,0.03347280334728033,0.09205020920502092,0.0794979079497908,0.0502092050209205,0.016736401673640166,0.056485355648535567,0.029288702928870293,0.04184100418410042,0.0502092050209205,0.056485355648535567,0.06276150627615062,0.012552301255230125,0.06276150627615062,478.0,6.022511863708496,54789.855800000005,1.0,0.0,0.0,0.0,0.0,0.0,0.0,0.0,0.0,0.0,0.0,0.0,0.0,0.0,0.0,0.0,0.0,0.0,0.0,0.0,0.0,0.0,0.0,0.0,0.0,0.0,0.0,0.0,0.0,0.0,0.0,0.0,0.0,0.0,0.0,1.0,1.0,0.0,0.0,0.0,0.0
PS-CFP,0.049586776859504134,0.008264462809917356,0.07024793388429752,0.06198347107438017,0.049586776859504134,0.08677685950413223,0.03305785123966942,0.05785123966942149,0.07851239669421488,0.07851239669421488,0.028925619834710745,0.06198347107438017,0.04132231404958678,0.028925619834710745,0.028925619834710745,0.049586776859504134,0.07024793388429752,0.05785123966942149,0.008264462809917356,0.049586776859504134,242.0,5.754970741271973,27274.476900000023,0.0,0.0,0.0,0.0,1.0,0.0,0.0,0.0,0.0,0.0,0.0,0.0,0.0,0.0,0.0,0.0,0.0,0.0,0.0,0.0,0.0,0.0,0.0,0.0,0.0,0.0,0.0,0.0,0.0,0.0,0.0,1.0,0.0,0.0,0.0,0.0,0.0,0.0,0.0,1.0,0.0
DarkVenus,0.04184100418410042,0.008368200836820083,0.07531380753138076,0.06694560669456066,0.04602510460251046,0.100418410041841,0.03347280334728033,0.0502092050209205,0.08368200836820083,0.09623430962343096,0.02092050209205021,0.05439330543933055,0.04184100418410042,0.03347280334728033,0.02510460251046025,0.03347280334728033,0.06276150627615062,0.07112970711297072,0.008368200836820083,0.04602510460251046,239.0,5.488964271545409,26820.039200000014,0.0,0.0,1.0,0.0,0.0,0.0,0.0,0.0,0.0,0.0,0.0,0.0,0.0,0.0,0.0,0.0,0.0,0.0,0.0,0.0,0.0,0.0,0.0,0.0,0.0,0.0,0.0,0.0,0.0,0.0,0.0,0.0,0.0,0.0,0.0,1.0,1.0,0.0,0.0,0.0,0.0
dTFP0.1,0.0375,0.004166666666666667,0.07083333333333333,0.08333333333333333,0.04583333333333333,0.08333333333333333,0.025,0.058333333333333334,0.10416666666666667,0.07083333333333333,0.03333333333333333,0.04583333333333333,0.05,0.016666666666666666,0.029166666666666667,0.05416666666666667,0.04583333333333333,0.07083333333333333,0.008333333333333333,0.0625,240.0,5.75218563079834,27419.88010000003,0.0,0.0,0.0,1.0,0.0,0.0,0.0,0.0,0.0,0.0,0.0,0.0,0.0,0.0,0.0,0.0,0.0,0.0,0.0,0.0,0.0,0.0,0.0,0.0,0.0,0.0,0.0,0.0,0.0,0.0,0.0,0.0,1.0,0.0,0.0,0.0,1.0,0.0,0.0,0.0,0.0
mRFP1_Magenta,0.05333333333333334,0.0,0.06222222222222222,0.09777777777777778,0.044444444444444446,0.10222222222222223,0.022222222222222223,0.04,0.09777777777777778,0.05333333333333334,0.044444444444444446,0.017777777777777778,0.05333333333333334,0.03111111111111111,0.04,0.05333333333333334,0.06222222222222222,0.06222222222222222,0.013333333333333334,0.04888888888888889,225.0,5.653058433532714,25426.475900000005,1.0,0.0,0.0,0.0,0.0,0.0,0.0,0.0,0.0,0.0,0.0,0.0,0.0,0.0,0.0,0.0,0.0,0.0,0.0,0.0,0.0,0.0,0.0,0.0,0.0,0.0,0.0,0.0,0.0,0.0,0.0,0.0,0.0,0.0,0.0,1.0,1.0,0.0,0.0,0.0,0.0
mKelly1,0.0365296803652968,0.0182648401826484,0.0410958904109589,0.0776255707762557,0.045662100456621,0.1050228310502283,0.0228310502283105,0.0319634703196347,0.0867579908675799,0.0776255707762557,0.0365296803652968,0.0410958904109589,0.0547945205479452,0.0410958904109589,0.045662100456621,0.0228310502283105,0.0867579908675799,0.0776255707762557,0.0091324200913242,0.0410958904109589,219.0,8.557871818542484,24690.06500000001,1.0,0.0,0.0,0.0,0.0,0.0,0.0,0.0,0.0,0.0,0.0,0.0,0.0,0.0,0.0,0.0,0.0,0.0,0.0,0.0,0.0,0.0,0.0,0.0,0.0,0.0,0.0,0.0,0.0,0.0,0.0,1.0,0.0,0.0,0.0,0.0,1.0,0.0,0.0,0.0,0.0
HcRed-Tandem,0.06060606060606061,0.025974025974025976,0.04329004329004329,0.07792207792207792,0.05627705627705628,0.09956709956709957,0.03896103896103896,0.03463203463203463,0.06493506493506493,0.06926406926406926,0.03896103896103896,0.03463203463203463,0.05627705627705628,0.017316017316017316,0.047619047619047616,0.05194805194805195,0.06926406926406926,0.05627705627705628,0.008658008658008658,0.047619047619047616,231.0,6.538382530212403,25910.20910000001,0.0,0.0,0.0,0.0,0.0,0.0,0.0,0.0,0.0,1.0,0.0,0.0,0.0,0.0,0.0,0.0,0.0,0.0,0.0,0.0,0.0,0.0,0.0,0.0,0.0,0.0,0.0,0.0,0.0,0.0,0.0,0.0,0.0,0.0,0.0,1.0,1.0,0.0,0.0,0.0,0.0
YPet,0.04184100418410042,0.008368200836820083,0.07112970711297072,0.07112970711297072,0.0502092050209205,0.100418410041841,0.03765690376569038,0.04602510460251046,0.08368200836820083,0.09623430962343096,0.02092050209205021,0.058577405857740586,0.04184100418410042,0.03347280334728033,0.02510460251046025,0.029288702928870293,0.06276150627615062,0.06694560669456066,0.0041841004184100415,0.0502092050209205,239.0,5.588659858703613,26910.078900000015,0.0,0.0,1.0,0.0,0.0,0.0,0.0,0.0,0.0,0.0,0.0,0.0,0.0,0.0,0.0,0.0,0.0,0.0,0.0,0.0,0.0,0.0,0.0,0.0,0.0,0.0,0.0,0.0,0.0,0.0,0.0,0.0,0.0,0.0,1.0,0.0,1.0,0.0,0.0,0.0,0.0
dKeima570,0.036036036036036036,0.02252252252252252,0.04954954954954955,0.06306306306306306,0.04054054054054054,0.0990990990990991,0.02252252252252252,0.04954954954954955,0.07657657657657657,0.05405405405405406,0.04054054054054054,0.04054054054054054,0.06306306306306306,0.03153153153153153,0.03153153153153153,0.06306306306306306,0.06756756756756757,0.06756756756756757,0.013513513513513514,0.06756756756756757,222.0,6.519909858703613,25009.191500000008,0.0,0.0,0.0,0.0,0.0,0.0,0.0,1.0,0.0,0.0,0.0,0.0,0.0,0.0,0.0,0.0,0.0,0.0,0.0,0.0,0.0,0.0,0.0,0.0,0.0,0.0,0.0,0.0,0.0,0.0,0.0,0.0,1.0,0.0,0.0,0.0,1.0,0.0,0.0,0.0,0.0
mEos4Fast1,0.05286343612334802,0.00881057268722467,0.07488986784140969,0.06167400881057269,0.05726872246696035,0.09251101321585903,0.039647577092511016,0.04405286343612335,0.0881057268722467,0.05726872246696035,0.039647577092511016,0.05286343612334802,0.048458149779735685,0.022026431718061675,0.048458149779735685,0.030837004405286344,0.05726872246696035,0.06167400881057269,0.00881057268722467,0.05286343612334802,227.0,7.127348136901856,25972.154000000017,0.0,0.0,0.0,0.0,0.0,1.0,0.0,0.0,0.0,0.0,0.0,0.0,0.0,0.0,0.0,0.0,0.0,0.0,0.0,0.0,0.0,0.0,0.0,0.0,0.0,0.0,0.0,0.0,0.0,0.0,0.0,1.0,0.0,0.0,0.0,0.0,0.0,0.0,0.0,1.0,0.0
htFuncLib_fast.2,0.024193548387096774,0.012096774193548387,0.07258064516129033,0.07258064516129033,0.04838709677419355,0.09274193548387097,0.06854838709677419,0.05241935483870968,0.07258064516129033,0.08064516129032258,0.028225806451612902,0.04838709677419355,0.04435483870967742,0.028225806451612902,0.028225806451612902,0.036290322580645164,0.06048387096774194,0.07661290322580645,0.008064516129032258,0.04435483870967742,248.0,5.822097587585449,28297.615300000027,0.0,1.0,0.0,0.0,0.0,0.0,0.0,0.0,0.0,0.0,0.0,0.0,0.0,0.0,0.0,0.0,0.0,0.0,0.0,0.0,0.0,0.0,0.0,0.0,0.0,0.0,0.0,0.0,0.0,0.0,0.0,0.0,0.0,0.0,0.0,1.0,1.0,0.0,0.0,0.0,0.0
htFuncLib_sf:bleach.1,0.0321285140562249,0.008032128514056224,0.07228915662650602,0.0642570281124498,0.04417670682730924,0.09236947791164658,0.060240963855421686,0.040160642570281124,0.08032128514056225,0.08433734939759036,0.024096385542168676,0.05220883534136546,0.040160642570281124,0.028112449799196786,0.0321285140562249,0.04819277108433735,0.06827309236947791,0.08835341365461848,0.004016064257028112,0.03614457831325301,249.0,6.18973217010498,27977.230700000022,0.0,1.0,0.0,0.0,0.0,0.0,0.0,0.0,0.0,0.0,0.0,0.0,0.0,0.0,0.0,0.0,0.0,0.0,0.0,0.0,0.0,0.0,0.0,0.0,0.0,0.0,0.0,0.0,0.0,0.0,0.0,0.0,0.0,0.0,0.0,1.0,1.0,0.0,0.0,0.0,0.0
dCyOFP2s,0.042735042735042736,0.008547008547008548,0.04700854700854701,0.08974358974358974,0.04700854700854701,0.1111111111111111,0.029914529914529916,0.02564102564102564,0.09401709401709402,0.07264957264957266,0.03418803418803419,0.03418803418803419,0.05128205128205128,0.029914529914529916,0.038461538461538464,0.042735042735042736,0.05555555555555555,0.0811965811965812,0.008547008547008548,0.05555555555555555,234.0,6.668543815612794,26389.702600000004,1.0,0.0,0.0,0.0,0.0,0.0,0.0,0.0,0.0,0.0,0.0,0.0,0.0,0.0,0.0,0.0,0.0,0.0,0.0,0.0,0.0,0.0,0.0,0.0,0.0,0.0,0.0,0.0,0.0,0.0,0.0,0.0,1.0,0.0,0.0,0.0,1.0,0.0,0.0,0.0,0.0
E2-Orange,0.035555555555555556,0.0,0.05333333333333334,0.08444444444444445,0.057777777777777775,0.09777777777777778,0.04,0.04,0.09777777777777778,0.06222222222222222,0.02666666666666667,0.022222222222222223,0.06222222222222222,0.035555555555555556,0.02666666666666667,0.04888888888888889,0.057777777777777775,0.08,0.013333333333333334,0.057777777777777775,225.0,6.313129615783692,25661.80030000001,0.0,1.0,0.0,0.0,0.0,0.0,0.0,0.0,0.0,0.0,0.0,0.0,0.0,0.0,0.0,0.0,0.0,0.0,0.0,0.0,0.0,0.0,0.0,0.0,0.0,0.0,0.0,0.0,0.0,0.0,0.0,0.0,0.0,1.0,0.0,0.0,1.0,0.0,0.0,0.0,0.0
pHmScarlet,0.03879310344827586,0.004310344827586207,0.0603448275862069,0.09051724137931035,0.04741379310344827,0.10775862068965517,0.021551724137931036,0.034482758620689655,0.09051724137931035,0.0603448275862069,0.04310344827586207,0.021551724137931036,0.05603448275862069,0.034482758620689655,0.04741379310344827,0.04741379310344827,0.06465517241379311,0.06465517241379311,0.01293103448275862,0.05172413793103448,232.0,6.017396354675292,26361.582000000006,1.0,0.0,0.0,0.0,0.0,0.0,0.0,0.0,0.0,0.0,0.0,0.0,0.0,0.0,0.0,0.0,0.0,0.0,0.0,0.0,0.0,0.0,0.0,0.0,0.0,0.0,0.0,0.0,0.0,0.0,0.0,0.0,0.0,0.0,0.0,1.0,1.0,0.0,0.0,0.0,0.0
G3GFP,0.037815126050420166,0.008403361344537815,0.07563025210084033,0.06722689075630252,0.058823529411764705,0.09243697478991597,0.04201680672268908,0.05042016806722689,0.08403361344537816,0.07983193277310924,0.025210084033613446,0.0546218487394958,0.04201680672268908,0.029411764705882353,0.029411764705882353,0.04201680672268908,0.06302521008403361,0.07142857142857142,0.004201680672268907,0.04201680672268908,238.0,5.795326423645019,26882.052300000014,0.0,0.0,0.0,0.0,0.0,0.0,0.0,0.0,0.0,1.0,0.0,0.0,0.0,0.0,0.0,0.0,0.0,0.0,0.0,0.0,0.0,0.0,0.0,0.0,0.0,0.0,0.0,0.0,0.0,0.0,0.0,0.0,0.0,0.0,0.0,1.0,1.0,0.0,0.0,0.0,0.0
mKillerOrange,0.05063291139240506,0.02531645569620253,0.08438818565400844,0.05063291139240506,0.07172995780590717,0.08438818565400844,0.05063291139240506,0.07172995780590717,0.0379746835443038,0.029535864978902954,0.0379746835443038,0.02531645569620253,0.06329113924050633,0.0379746835443038,0.046413502109704644,0.06329113924050633,0.08438818565400844,0.06329113924050633,0.008438818565400843,0.012658227848101266,237.0,5.363918495178221,26369.363799999992,0.0,0.0,0.0,0.0,0.0,0.0,0.0,0.0,0.0,0.0,0.0,0.0,0.0,0.0,0.0,0.0,0.0,0.0,1.0,0.0,0.0,0.0,0.0,0.0,0.0,0.0,0.0,0.0,0.0,0.0,0.0,1.0,0.0,0.0,0.0,0.0,1.0,0.0,0.0,0.0,0.0
iRFP702,0.1189710610932476,0.01607717041800643,0.05466237942122187,0.05787781350482315,0.04501607717041801,0.06430868167202572,0.04501607717041801,0.06752411575562701,0.022508038585209004,0.10610932475884244,0.02572347266881029,0.01607717041800643,0.04823151125401929,0.03536977491961415,0.09003215434083602,0.07717041800643087,0.03858520900321544,0.04501607717041801,0.006430868167202572,0.01929260450160772,311.0,7.2508024215698255,34475.100600000056,0.0,0.0,0.0,0.0,0.0,0.0,1.0,0.0,0.0,0.0,0.0,0.0,0.0,0.0,0.0,0.0,0.0,0.0,0.0,0.0,0.0,0.0,0.0,0.0,0.0,0.0,0.0,0.0,0.0,0.0,0.0,0.0,1.0,0.0,0.0,0.0,1.0,0.0,0.0,0.0,0.0
miRFP670,0.07936507936507936,0.031746031746031744,0.04126984126984127,0.06031746031746032,0.031746031746031744,0.08571428571428572,0.044444444444444446,0.047619047619047616,0.012698412698412698,0.12698412698412698,0.025396825396825397,0.015873015873015872,0.06349206349206349,0.031746031746031744,0.07936507936507936,0.06984126984126984,0.04126984126984127,0.08253968253968254,0.0031746031746031746,0.025396825396825397,315.0,6.528151512145995,34491.49680000001,0.0,0.0,0.0,0.0,0.0,0.0,1.0,0.0,0.0,0.0,0.0,0.0,0.0,0.0,0.0,0.0,0.0,0.0,0.0,0.0,0.0,0.0,0.0,0.0,0.0,0.0,0.0,0.0,0.0,0.0,0.0,1.0,0.0,0.0,0.0,0.0,1.0,0.0,0.0,0.0,0.0
mCherry-XL,0.046610169491525424,0.0,0.059322033898305086,0.1016949152542373,0.0423728813559322,0.1059322033898305,0.025423728813559324,0.03389830508474576,0.1016949152542373,0.05508474576271186,0.0423728813559322,0.029661016949152543,0.05084745762711865,0.029661016949152543,0.038135593220338986,0.05508474576271186,0.05084745762711865,0.06779661016949153,0.00847457627118644,0.05508474576271186,236.0,5.772761344909667,26686.788300000007,1.0,0.0,0.0,0.0,0.0,0.0,0.0,0.0,0.0,0.0,0.0,0.0,0.0,0.0,0.0,0.0,0.0,0.0,0.0,0.0,0.0,0.0,0.0,0.0,0.0,0.0,0.0,0.0,0.0,0.0,0.0,1.0,0.0,0.0,0.0,0.0,1.0,0.0,0.0,0.0,0.0
Superfolder mTurquoise2,0.03765690376569038,0.008368200836820083,0.0794979079497908,0.06694560669456066,0.0502092050209205,0.09623430962343096,0.03347280334728033,0.04602510460251046,0.08786610878661087,0.08786610878661087,0.02092050209205021,0.0502092050209205,0.04184100418410042,0.03347280334728033,0.029288702928870293,0.03765690376569038,0.07112970711297072,0.07531380753138076,0.008368200836820083,0.03765690376569038,239.0,5.6264009475708,26847.023500000014,0.0,0.0,0.0,0.0,0.0,0.0,0.0,0.0,0.0,0.0,0.0,0.0,1.0,0.0,0.0,0.0,0.0,0.0,0.0,0.0,0.0,0.0,0.0,0.0,0.0,0.0,0.0,0.0,0.0,0.0,0.0,1.0,0.0,0.0,0.0,0.0,1.0,0.0,0.0,0.0,0.0
rsCherryRev1.4,0.046610169491525424,0.012711864406779662,0.059322033898305086,0.09322033898305085,0.05084745762711865,0.1016949152542373,0.029661016949152543,0.038135593220338986,0.1016949152542373,0.059322033898305086,0.046610169491525424,0.029661016949152543,0.05084745762711865,0.03389830508474576,0.0211864406779661,0.05084745762711865,0.05084745762711865,0.059322033898305086,0.012711864406779662,0.05084745762711865,236.0,5.566322135925293,26711.019600000007,1.0,0.0,0.0,0.0,0.0,0.0,0.0,0.0,0.0,0.0,0.0,0.0,0.0,0.0,0.0,0.0,0.0,0.0,0.0,0.0,0.0,0.0,0.0,0.0,0.0,0.0,0.0,0.0,0.0,0.0,0.0,0.0,1.0,0.0,0.0,0.0,0.0,1.0,0.0,0.0,0.0
mVFP,0.044444444444444446,0.017777777777777778,0.07555555555555556,0.05333333333333334,0.044444444444444446,0.08888888888888889,0.02666666666666667,0.057777777777777775,0.08888888888888889,0.057777777777777775,0.04,0.04,0.04888888888888889,0.02666666666666667,0.04888888888888889,0.057777777777777775,0.044444444444444446,0.06666666666666667,0.008888888888888889,0.06222222222222222,225.0,8.207615089416507,25637.98910000002,0.0,0.0,0.0,1.0,0.0,0.0,0.0,0.0,0.0,0.0,0.0,0.0,0.0,0.0,0.0,0.0,0.0,0.0,0.0,0.0,0.0,0.0,0.0,0.0,0.0,0.0,0.0,0.0,0.0,0.0,0.0,1.0,0.0,0.0,0.0,0.0,1.0,0.0,0.0,0.0,0.0
mBaoJin,0.03418803418803419,0.017094017094017096,0.05128205128205128,0.07692307692307693,0.038461538461538464,0.09401709401709402,0.05128205128205128,0.03418803418803419,0.08974358974358974,0.05982905982905983,0.03418803418803419,0.042735042735042736,0.05982905982905983,0.042735042735042736,0.021367521367521368,0.0641025641025641,0.0641025641025641,0.05128205128205128,0.01282051282051282,0.05982905982905983,234.0,6.303182792663575,26578.53260000002,0.0,0.0,1.0,0.0,0.0,0.0,0.0,0.0,0.0,0.0,0.0,0.0,0.0,0.0,0.0,0.0,0.0,0.0,0.0,0.0,0.0,0.0,0.0,0.0,0.0,0.0,0.0,0.0,0.0,0.0,0.0,1.0,0.0,0.0,0.0,0.0,1.0,0.0,0.0,0.0,0.0
tdoxStayGold,0.06872852233676977,0.010309278350515464,0.037800687285223365,0.061855670103092786,0.03608247422680412,0.16666666666666666,0.04639175257731959,0.03436426116838488,0.06357388316151202,0.04982817869415808,0.020618556701030927,0.03436426116838488,0.048109965635738834,0.03436426116838488,0.013745704467353952,0.10996563573883161,0.06013745704467354,0.04982817869415808,0.012027491408934709,0.041237113402061855,582.0,6.072302818298339,60868.20800000011,0.0,0.0,1.0,0.0,0.0,0.0,0.0,0.0,0.0,0.0,0.0,0.0,0.0,0.0,0.0,0.0,0.0,0.0,0.0,0.0,0.0,0.0,0.0,0.0,0.0,0.0,0.0,0.0,0.0,0.0,0.0,0.0,0.0,0.0,0.0,1.0,1.0,0.0,0.0,0.0,0.0
htFuncLib_mid.11,0.024193548387096774,0.012096774193548387,0.07258064516129033,0.07258064516129033,0.05241935483870968,0.09274193548387097,0.06854838709677419,0.05241935483870968,0.07258064516129033,0.08064516129032258,0.028225806451612902,0.04838709677419355,0.04435483870967742,0.024193548387096774,0.024193548387096774,0.04435483870967742,0.06048387096774194,0.07258064516129033,0.008064516129032258,0.04435483870967742,248.0,5.738316917419434,28235.49780000003,0.0,1.0,0.0,0.0,0.0,0.0,0.0,0.0,0.0,0.0,0.0,0.0,0.0,0.0,0.0,0.0,0.0,0.0,0.0,0.0,0.0,0.0,0.0,0.0,0.0,0.0,0.0,0.0,0.0,0.0,0.0,0.0,0.0,0.0,0.0,1.0,1.0,0.0,0.0,0.0,0.0
obeYFP,0.05555555555555555,0.021367521367521368,0.05128205128205128,0.06837606837606838,0.042735042735042736,0.07264957264957266,0.038461538461538464,0.06837606837606838,0.0641025641025641,0.05555555555555555,0.02564102564102564,0.038461538461538464,0.042735042735042736,0.02564102564102564,0.04700854700854701,0.0641025641025641,0.07692307692307693,0.0811965811965812,0.004273504273504274,0.05555555555555555,234.0,6.501664543151855,26373.683500000032,0.0,0.0,0.0,0.0,0.0,0.0,0.0,1.0,0.0,0.0,0.0,0.0,0.0,0.0,0.0,0.0,0.0,0.0,0.0,0.0,0.0,0.0,0.0,0.0,0.0,0.0,0.0,0.0,0.0,0.0,0.0,0.0,0.0,0.0,0.0,1.0,1.0,0.0,0.0,0.0,0.0
GFP-151pyTyrCu,0.06722689075630252,0.008403361344537815,0.06722689075630252,0.0546218487394958,0.05042016806722689,0.09243697478991597,0.04201680672268908,0.05042016806722689,0.08403361344537816,0.07563025210084033,0.02100840336134454,0.0546218487394958,0.04201680672268908,0.029411764705882353,0.025210084033613446,0.05042016806722689,0.06722689075630252,0.06722689075630252,0.004201680672268907,0.046218487394957986,238.0,6.3567819595336905,26406.494600000013,0.0,0.0,0.0,0.0,1.0,0.0,0.0,0.0,0.0,0.0,0.0,0.0,0.0,0.0,0.0,0.0,0.0,0.0,0.0,0.0,0.0,0.0,0.0,0.0,0.0,0.0,0.0,0.0,0.0,0.0,0.0,0.0,0.0,0.0,0.0,1.0,1.0,0.0,0.0,0.0,0.0
Pp2 FbFP,0.08783783783783784,0.02027027027027027,0.060810810810810814,0.10810810810810811,0.02702702702702703,0.060810810810810814,0.02702702702702703,0.08108108108108109,0.02027027027027027,0.08783783783783784,0.013513513513513514,0.0472972972972973,0.02702702702702703,0.08108108108108109,0.08108108108108109,0.02702702702702703,0.02702702702702703,0.06756756756756757,0.006756756756756757,0.04054054054054054,148.0,4.808772087097168,16987.87199999999,0.0,0.0,0.0,0.0,0.0,0.0,1.0,0.0,0.0,0.0,0.0,0.0,0.0,0.0,0.0,0.0,0.0,0.0,0.0,0.0,0.0,0.0,0.0,0.0,0.0,0.0,0.0,0.0,0.0,0.0,0.0,0.0,1.0,0.0,0.0,0.0,1.0,0.0,0.0,0.0,0.0
EGFP,0.03347280334728033,0.008368200836820083,0.07531380753138076,0.06694560669456066,0.0502092050209205,0.09205020920502092,0.03765690376569038,0.0502092050209205,0.08368200836820083,0.08786610878661087,0.02510460251046025,0.05439330543933055,0.04184100418410042,0.03347280334728033,0.02510460251046025,0.04184100418410042,0.06694560669456066,0.07531380753138076,0.0041841004184100415,0.04602510460251046,239.0,5.583601188659667,26941.15430000002,0.0,1.0,0.0,0.0,0.0,0.0,0.0,0.0,0.0,0.0,0.0,0.0,0.0,0.0,0.0,0.0,0.0,0.0,0.0,0.0,0.0,0.0,0.0,0.0,0.0,0.0,0.0,0.0,0.0,0.0,0.0,0.0,0.0,0.0,1.0,0.0,1.0,0.0,0.0,0.0,0.0
htFuncLib_sf:bleach.3,0.03614457831325301,0.008032128514056224,0.07228915662650602,0.0642570281124498,0.04417670682730924,0.09236947791164658,0.05622489959839357,0.05220883534136546,0.08032128514056225,0.08433734939759036,0.024096385542168676,0.05220883534136546,0.040160642570281124,0.028112449799196786,0.0321285140562249,0.04417670682730924,0.07228915662650602,0.07630522088353414,0.004016064257028112,0.03614457831325301,249.0,6.147102928161621,27967.275700000024,0.0,1.0,0.0,0.0,0.0,0.0,0.0,0.0,0.0,0.0,0.0,0.0,0.0,0.0,0.0,0.0,0.0,0.0,0.0,0.0,0.0,0.0,0.0,0.0,0.0,0.0,0.0,0.0,0.0,0.0,0.0,0.0,0.0,0.0,0.0,1.0,1.0,0.0,0.0,0.0,0.0
frFAST,0.072,0.0,0.08,0.048,0.056,0.128,0.016,0.056,0.088,0.064,0.04,0.048,0.032,0.032,0.024,0.056,0.048,0.072,0.016,0.024,125.0,5.620887565612793,13588.26289999999,0.0,0.0,0.0,0.0,0.0,0.0,1.0,0.0,0.0,0.0,0.0,0.0,0.0,0.0,0.0,0.0,0.0,0.0,0.0,0.0,0.0,0.0,0.0,0.0,0.0,0.0,0.0,0.0,0.0,0.0,0.0,1.0,0.0,0.0,0.0,0.0,1.0,0.0,0.0,0.0,0.0
smURFP_2.5,0.08571428571428572,0.02142857142857143,0.06428571428571428,0.07142857142857142,0.03571428571428571,0.05,0.06428571428571428,0.1,0.05714285714285714,0.10714285714285714,0.03571428571428571,0.02857142857142857,0.04285714285714286,0.014285714285714285,0.05,0.07142857142857142,0.02142857142857143,0.03571428571428571,0.014285714285714285,0.02857142857142857,140.0,6.111067008972167,15923.228199999998,0.0,0.0,0.0,0.0,0.0,0.0,1.0,0.0,0.0,0.0,0.0,0.0,0.0,0.0,0.0,0.0,0.0,0.0,0.0,0.0,0.0,0.0,0.0,0.0,0.0,0.0,0.0,0.0,0.0,0.0,0.0,0.0,1.0,0.0,0.0,0.0,1.0,0.0,0.0,0.0,0.0
mc6,0.04888888888888889,0.013333333333333334,0.06666666666666667,0.07111111111111111,0.04888888888888889,0.08444444444444445,0.022222222222222223,0.06222222222222222,0.08444444444444445,0.057777777777777775,0.04,0.04,0.05333333333333334,0.03111111111111111,0.05333333333333334,0.05333333333333334,0.044444444444444446,0.05333333333333334,0.008888888888888889,0.06222222222222222,225.0,6.964220237731933,25827.133600000016,0.0,0.0,0.0,1.0,0.0,0.0,0.0,0.0,0.0,0.0,0.0,0.0,0.0,0.0,0.0,0.0,0.0,0.0,0.0,0.0,0.0,0.0,0.0,0.0,0.0,0.0,0.0,0.0,0.0,0.0,0.0,0.0,0.0,0.0,0.0,1.0,1.0,0.0,0.0,0.0,0.0
Dendra2,0.0391304347826087,0.013043478260869565,0.05652173913043478,0.06956521739130435,0.05217391304347826,0.08695652173913043,0.034782608695652174,0.04782608695652174,0.08260869565217391,0.07391304347826087,0.02608695652173913,0.05652173913043478,0.06086956521739131,0.02608695652173913,0.034782608695652174,0.0391304347826087,0.06521739130434782,0.07391304347826087,0.013043478260869565,0.04782608695652174,230.0,6.44982738494873,26124.41730000002,0.0,0.0,0.0,0.0,0.0,1.0,0.0,0.0,0.0,0.0,0.0,0.0,0.0,0.0,0.0,0.0,0.0,0.0,0.0,0.0,0.0,0.0,0.0,0.0,0.0,0.0,0.0,0.0,0.0,0.0,0.0,1.0,0.0,0.0,0.0,0.0,0.0,0.0,0.0,1.0,0.0
PATagRFP1297,0.03896103896103896,0.017316017316017316,0.04329004329004329,0.0735930735930736,0.04329004329004329,0.1038961038961039,0.030303030303030304,0.04329004329004329,0.08658008658008658,0.0735930735930736,0.04329004329004329,0.03896103896103896,0.05194805194805195,0.025974025974025976,0.030303030303030304,0.047619047619047616,0.07792207792207792,0.06493506493506493,0.017316017316017316,0.047619047619047616,231.0,7.047091484069824,26006.51670000001,1.0,0.0,0.0,0.0,0.0,0.0,0.0,0.0,0.0,0.0,0.0,0.0,0.0,0.0,0.0,0.0,0.0,0.0,0.0,0.0,0.0,0.0,0.0,0.0,0.0,0.0,0.0,0.0,0.0,0.0,0.0,0.0,0.0,1.0,0.0,0.0,0.0,0.0,1.0,0.0,0.0
td8oxStayGold,0.026970954356846474,0.012448132780082987,0.04979253112033195,0.07468879668049792,0.04149377593360996,0.0995850622406639,0.056016597510373446,0.043568464730290454,0.07676348547717843,0.06016597510373444,0.024896265560165973,0.04564315352697095,0.05394190871369295,0.04149377593360996,0.01867219917012448,0.07676348547717843,0.07468879668049792,0.058091286307053944,0.012448132780082987,0.05186721991701245,482.0,6.018533134460449,54167.759200000044,0.0,0.0,1.0,0.0,0.0,0.0,0.0,0.0,0.0,0.0,0.0,0.0,0.0,0.0,0.0,0.0,0.0,0.0,0.0,0.0,0.0,0.0,0.0,0.0,0.0,0.0,0.0,0.0,0.0,0.0,0.0,0.0,0.0,0.0,0.0,1.0,1.0,0.0,0.0,0.0,0.0
htFuncLib_thermo.4,0.028225806451612902,0.012096774193548387,0.07661290322580645,0.07258064516129033,0.05241935483870968,0.09274193548387097,0.07258064516129033,0.04435483870967742,0.07258064516129033,0.0846774193548387,0.028225806451612902,0.04838709677419355,0.04435483870967742,0.024193548387096774,0.024193548387096774,0.04032258064516129,0.056451612903225805,0.07258064516129033,0.008064516129032258,0.04435483870967742,248.0,5.710806846618653,28257.46360000003,0.0,1.0,0.0,0.0,0.0,0.0,0.0,0.0,0.0,0.0,0.0,0.0,0.0,0.0,0.0,0.0,0.0,0.0,0.0,0.0,0.0,0.0,0.0,0.0,0.0,0.0,0.0,0.0,0.0,0.0,0.0,0.0,0.0,0.0,0.0,1.0,1.0,0.0,0.0,0.0,0.0
mPapaya,0.0379746835443038,0.03375527426160337,0.05063291139240506,0.0759493670886076,0.046413502109704644,0.09282700421940929,0.03375527426160337,0.05485232067510549,0.10970464135021098,0.05485232067510549,0.03375527426160337,0.0379746835443038,0.05063291139240506,0.03375527426160337,0.029535864978902954,0.05063291139240506,0.046413502109704644,0.06751054852320675,0.016877637130801686,0.04219409282700422,237.0,8.311989402770998,26913.638000000014,0.0,0.0,0.0,0.0,0.0,0.0,0.0,0.0,0.0,0.0,0.0,0.0,0.0,1.0,0.0,0.0,0.0,0.0,0.0,0.0,0.0,0.0,0.0,0.0,0.0,0.0,0.0,0.0,0.0,0.0,0.0,1.0,0.0,0.0,0.0,0.0,1.0,0.0,0.0,0.0,0.0
BDFP2.0,0.06982543640897755,0.00997506234413965,0.04987531172069826,0.08728179551122195,0.0399002493765586,0.10972568578553615,0.017456359102244388,0.04738154613466334,0.0773067331670823,0.06483790523690773,0.04239401496259352,0.032418952618453865,0.04239401496259352,0.02743142144638404,0.04488778054862843,0.05236907730673317,0.057356608478802994,0.07481296758104738,0.007481296758104738,0.04488778054862843,401.0,5.80021457672119,44341.03080000002,1.0,0.0,0.0,0.0,0.0,0.0,0.0,0.0,0.0,0.0,0.0,0.0,0.0,0.0,0.0,0.0,0.0,0.0,0.0,0.0,0.0,0.0,0.0,0.0,0.0,0.0,0.0,0.0,0.0,0.0,0.0,0.0,1.0,0.0,0.0,0.0,1.0,0.0,0.0,0.0,0.0
mScarlet-H,0.04310344827586207,0.0,0.06465517241379311,0.09051724137931035,0.04741379310344827,0.10775862068965517,0.02586206896551724,0.03017241379310345,0.09482758620689655,0.05603448275862069,0.04310344827586207,0.021551724137931036,0.05603448275862069,0.03017241379310345,0.04741379310344827,0.04741379310344827,0.06896551724137931,0.0603448275862069,0.01293103448275862,0.05172413793103448,232.0,6.113567924499511,26357.444500000005,1.0,0.0,0.0,0.0,0.0,0.0,0.0,0.0,0.0,0.0,0.0,0.0,0.0,0.0,0.0,0.0,0.0,0.0,0.0,0.0,0.0,0.0,0.0,0.0,0.0,0.0,0.0,0.0,0.0,0.0,0.0,0.0,0.0,0.0,0.0,1.0,1.0,0.0,0.0,0.0,0.0
mRhubarb713,0.12025316455696203,0.015822784810126583,0.056962025316455694,0.06329113924050633,0.03481012658227848,0.06962025316455696,0.03481012658227848,0.07911392405063292,0.00949367088607595,0.0949367088607595,0.02531645569620253,0.022151898734177215,0.06645569620253164,0.03164556962025317,0.07911392405063292,0.05063291139240506,0.05063291139240506,0.06962025316455696,0.006329113924050633,0.0189873417721519,316.0,5.56484432220459,34496.18090000002,0.0,0.0,0.0,0.0,0.0,0.0,1.0,0.0,0.0,0.0,0.0,0.0,0.0,0.0,0.0,0.0,0.0,0.0,0.0,0.0,0.0,0.0,0.0,0.0,0.0,0.0,0.0,0.0,0.0,0.0,0.0,1.0,0.0,0.0,0.0,0.0,1.0,0.0,0.0,0.0,0.0
iRFP713,0.11708860759493671,0.015822784810126583,0.056962025316455694,0.06329113924050633,0.03481012658227848,0.06962025316455696,0.03164556962025317,0.07911392405063292,0.00949367088607595,0.0949367088607595,0.02531645569620253,0.022151898734177215,0.06645569620253164,0.03481012658227848,0.07911392405063292,0.05063291139240506,0.05063291139240506,0.06962025316455696,0.00949367088607595,0.0189873417721519,316.0,5.487884330749511,34602.30280000002,0.0,0.0,0.0,0.0,0.0,0.0,1.0,0.0,0.0,0.0,0.0,0.0,0.0,0.0,0.0,0.0,0.0,0.0,0.0,0.0,0.0,0.0,0.0,0.0,0.0,0.0,0.0,0.0,0.0,0.0,0.0,0.0,1.0,0.0,0.0,0.0,1.0,0.0,0.0,0.0,0.0
muGFP,0.03361344537815126,0.008403361344537815,0.07983193277310924,0.06722689075630252,0.046218487394957986,0.09243697478991597,0.04201680672268908,0.046218487394957986,0.08403361344537816,0.08823529411764706,0.02100840336134454,0.05042016806722689,0.04201680672268908,0.025210084033613446,0.03361344537815126,0.04201680672268908,0.07563025210084033,0.07563025210084033,0.004201680672268907,0.04201680672268908,238.0,5.797599983215332,26782.898600000015,0.0,1.0,0.0,0.0,0.0,0.0,0.0,0.0,0.0,0.0,0.0,0.0,0.0,0.0,0.0,0.0,0.0,0.0,0.0,0.0,0.0,0.0,0.0,0.0,0.0,0.0,0.0,0.0,0.0,0.0,0.0,1.0,0.0,0.0,0.0,0.0,1.0,0.0,0.0,0.0,0.0
amilFP512,0.05194805194805195,0.012987012987012988,0.03896103896103896,0.06493506493506493,0.06926406926406926,0.09090909090909091,0.04329004329004329,0.04329004329004329,0.09090909090909091,0.05194805194805195,0.04329004329004329,0.030303030303030304,0.05627705627705628,0.03463203463203463,0.025974025974025976,0.06926406926406926,0.05627705627705628,0.07792207792207792,0.008658008658008658,0.03896103896103896,231.0,8.610864830017093,25926.45970000001,0.0,0.0,0.0,1.0,0.0,0.0,0.0,0.0,0.0,0.0,0.0,0.0,0.0,0.0,0.0,0.0,0.0,0.0,0.0,0.0,0.0,0.0,0.0,0.0,0.0,0.0,0.0,0.0,0.0,0.0,0.0,0.0,0.0,1.0,0.0,0.0,1.0,0.0,0.0,0.0,0.0
mNeptune2.5,0.036885245901639344,0.02459016393442623,0.045081967213114756,0.08196721311475409,0.045081967213114756,0.10245901639344263,0.036885245901639344,0.028688524590163935,0.0860655737704918,0.0860655737704918,0.03278688524590164,0.04918032786885246,0.045081967213114756,0.028688524590163935,0.036885245901639344,0.03278688524590164,0.08196721311475409,0.06557377049180328,0.00819672131147541,0.045081967213114756,244.0,6.754939079284668,27526.05380000002,1.0,0.0,0.0,0.0,0.0,0.0,0.0,0.0,0.0,0.0,0.0,0.0,0.0,0.0,0.0,0.0,0.0,0.0,0.0,0.0,0.0,0.0,0.0,0.0,0.0,0.0,0.0,0.0,0.0,0.0,0.0,1.0,0.0,0.0,0.0,0.0,1.0,0.0,0.0,0.0,0.0
5B,0.03361344537815126,0.008403361344537815,0.07563025210084033,0.06722689075630252,0.0546218487394958,0.09243697478991597,0.046218487394957986,0.05042016806722689,0.08403361344537816,0.07983193277310924,0.025210084033613446,0.0546218487394958,0.04201680672268908,0.03361344537815126,0.025210084033613446,0.04201680672268908,0.06302521008403361,0.07142857142857142,0.004201680672268907,0.046218487394957986,238.0,5.748718452453613,26936.056600000018,0.0,1.0,0.0,0.0,0.0,0.0,0.0,0.0,0.0,0.0,0.0,0.0,0.0,0.0,0.0,0.0,0.0,0.0,0.0,0.0,0.0,0.0,0.0,0.0,0.0,0.0,0.0,0.0,0.0,0.0,0.0,0.0,0.0,0.0,0.0,1.0,0.0,0.0,0.0,0.0,1.0
mRuby3,0.03375527426160337,0.008438818565400843,0.05063291139240506,0.08860759493670886,0.046413502109704644,0.11814345991561181,0.02109704641350211,0.0379746835443038,0.07172995780590717,0.046413502109704644,0.046413502109704644,0.04219409282700422,0.046413502109704644,0.02531645569620253,0.05063291139240506,0.04219409282700422,0.06751054852320675,0.10126582278481013,0.008438818565400843,0.046413502109704644,237.0,5.811525535583496,26559.850100000003,1.0,0.0,0.0,0.0,0.0,0.0,0.0,0.0,0.0,0.0,0.0,0.0,0.0,0.0,0.0,0.0,0.0,0.0,0.0,0.0,0.0,0.0,0.0,0.0,0.0,0.0,0.0,0.0,0.0,0.0,0.0,1.0,0.0,0.0,0.0,0.0,1.0,0.0,0.0,0.0,0.0
BrUSLEE,0.03347280334728033,0.008368200836820083,0.07531380753138076,0.06694560669456066,0.04602510460251046,0.09623430962343096,0.03765690376569038,0.0502092050209205,0.08368200836820083,0.08786610878661087,0.029288702928870293,0.05439330543933055,0.04184100418410042,0.03347280334728033,0.02510460251046025,0.04184100418410042,0.06276150627615062,0.07531380753138076,0.0041841004184100415,0.04602510460251046,239.0,5.583601188659667,26881.123900000017,0.0,0.0,1.0,0.0,0.0,0.0,0.0,0.0,0.0,0.0,0.0,0.0,0.0,0.0,0.0,0.0,0.0,0.0,0.0,0.0,0.0,0.0,0.0,0.0,0.0,0.0,0.0,0.0,0.0,0.0,0.0,1.0,0.0,0.0,0.0,0.0,1.0,0.0,0.0,0.0,0.0
GFPxm161,0.029411764705882353,0.012605042016806723,0.06722689075630252,0.07563025210084033,0.06302521008403361,0.1092436974789916,0.046218487394957986,0.06302521008403361,0.07563025210084033,0.07983193277310924,0.03361344537815126,0.0546218487394958,0.04201680672268908,0.025210084033613446,0.03361344537815126,0.029411764705882353,0.0546218487394958,0.058823529411764705,0.004201680672268907,0.04201680672268908,238.0,5.755254936218263,26996.35490000002,0.0,0.0,1.0,0.0,0.0,0.0,0.0,0.0,0.0,0.0,0.0,0.0,0.0,0.0,0.0,0.0,0.0,0.0,0.0,0.0,0.0,0.0,0.0,0.0,0.0,0.0,0.0,0.0,0.0,0.0,0.0,1.0,0.0,0.0,0.0,0.0,1.0,0.0,0.0,0.0,0.0
mTFP0.3,0.0375,0.004166666666666667,0.06666666666666667,0.08333333333333333,0.04583333333333333,0.08333333333333333,0.025,0.058333333333333334,0.1125,0.07083333333333333,0.03333333333333333,0.05,0.05416666666666667,0.016666666666666666,0.029166666666666667,0.041666666666666664,0.04583333333333333,0.07083333333333333,0.008333333333333333,0.0625,240.0,6.332625389099121,27511.12320000003,0.0,0.0,0.0,1.0,0.0,0.0,0.0,0.0,0.0,0.0,0.0,0.0,0.0,0.0,0.0,0.0,0.0,0.0,0.0,0.0,0.0,0.0,0.0,0.0,0.0,0.0,0.0,0.0,0.0,0.0,0.0,1.0,0.0,0.0,0.0,0.0,1.0,0.0,0.0,0.0,0.0
RFP618,0.03463203463203463,0.017316017316017316,0.05194805194805195,0.0735930735930736,0.07792207792207792,0.10822510822510822,0.025974025974025976,0.021645021645021644,0.0735930735930736,0.06060606060606061,0.06060606060606061,0.03463203463203463,0.04329004329004329,0.030303030303030304,0.03896103896103896,0.05627705627705628,0.06926406926406926,0.0735930735930736,0.008658008658008658,0.03896103896103896,231.0,6.089240837097167,26101.5325,1.0,0.0,0.0,0.0,0.0,0.0,0.0,0.0,0.0,0.0,0.0,0.0,0.0,0.0,0.0,0.0,0.0,0.0,0.0,0.0,0.0,0.0,0.0,0.0,0.0,0.0,0.0,0.0,0.0,0.0,0.0,0.0,0.0,1.0,0.0,0.0,1.0,0.0,0.0,0.0,0.0
avGFP480,0.037815126050420166,0.008403361344537815,0.07563025210084033,0.06722689075630252,0.05042016806722689,0.09663865546218488,0.037815126050420166,0.0546218487394958,0.08403361344537816,0.08823529411764706,0.01680672268907563,0.05042016806722689,0.04201680672268908,0.029411764705882353,0.029411764705882353,0.04201680672268908,0.06722689075630252,0.07142857142857142,0.004201680672268907,0.046218487394957986,238.0,5.718082237243652,26734.872000000018,0.0,0.0,1.0,0.0,0.0,0.0,0.0,0.0,0.0,0.0,0.0,0.0,0.0,0.0,0.0,0.0,0.0,0.0,0.0,0.0,0.0,0.0,0.0,0.0,0.0,0.0,0.0,0.0,0.0,0.0,0.0,0.0,0.0,0.0,0.0,1.0,1.0,0.0,0.0,0.0,0.0
aacuGFP1,0.05194805194805195,0.012987012987012988,0.03463203463203463,0.06493506493506493,0.05627705627705628,0.10822510822510822,0.05627705627705628,0.047619047619047616,0.07792207792207792,0.06060606060606061,0.03896103896103896,0.03463203463203463,0.06493506493506493,0.030303030303030304,0.017316017316017316,0.047619047619047616,0.06493506493506493,0.0735930735930736,0.008658008658008658,0.047619047619047616,231.0,6.89209156036377,25695.103000000006,0.0,0.0,0.0,1.0,0.0,0.0,0.0,0.0,0.0,0.0,0.0,0.0,0.0,0.0,0.0,0.0,0.0,0.0,0.0,0.0,0.0,0.0,0.0,0.0,0.0,0.0,0.0,0.0,0.0,0.0,0.0,0.0,0.0,1.0,0.0,0.0,1.0,0.0,0.0,0.0,0.0
scubGFP1,0.0641025641025641,0.01282051282051282,0.05128205128205128,0.07692307692307693,0.05982905982905983,0.08547008547008547,0.03418803418803419,0.04700854700854701,0.08974358974358974,0.05982905982905983,0.038461538461538464,0.038461538461538464,0.04700854700854701,0.03418803418803419,0.042735042735042736,0.04700854700854701,0.05128205128205128,0.05555555555555555,0.008547008547008548,0.04700854700854701,234.0,7.718644142150879,26549.971300000027,0.0,0.0,0.0,1.0,0.0,0.0,0.0,0.0,0.0,0.0,0.0,0.0,0.0,0.0,0.0,0.0,0.0,0.0,0.0,0.0,0.0,0.0,0.0,0.0,0.0,0.0,0.0,0.0,0.0,0.0,0.0,0.0,0.0,0.0,0.0,1.0,1.0,0.0,0.0,0.0,0.0
sg11,0.03765690376569038,0.008368200836820083,0.07531380753138076,0.06694560669456066,0.0502092050209205,0.09205020920502092,0.04184100418410042,0.04602510460251046,0.0794979079497908,0.08368200836820083,0.02510460251046025,0.058577405857740586,0.04184100418410042,0.029288702928870293,0.029288702928870293,0.04602510460251046,0.06694560669456066,0.07112970711297072,0.0041841004184100415,0.04602510460251046,239.0,5.6704511642456055,26924.989400000017,0.0,0.0,0.0,0.0,1.0,0.0,0.0,0.0,0.0,0.0,0.0,0.0,0.0,0.0,0.0,0.0,0.0,0.0,0.0,0.0,0.0,0.0,0.0,0.0,0.0,0.0,0.0,0.0,0.0,0.0,0.0,0.0,0.0,0.0,0.0,1.0,1.0,0.0,0.0,0.0,0.0
YGFPuv,0.045662100456621,0.0136986301369863,0.0365296803652968,0.0821917808219178,0.0776255707762557,0.091324200913242,0.0319634703196347,0.0684931506849315,0.0730593607305936,0.0547945205479452,0.0365296803652968,0.0593607305936073,0.045662100456621,0.0182648401826484,0.0319634703196347,0.0684931506849315,0.0684931506849315,0.045662100456621,0.0,0.0502283105022831,219.0,6.171657371520996,24710.745600000002,0.0,0.0,1.0,0.0,0.0,0.0,0.0,0.0,0.0,0.0,0.0,0.0,0.0,0.0,0.0,0.0,0.0,0.0,0.0,0.0,0.0,0.0,0.0,0.0,0.0,0.0,0.0,0.0,0.0,0.0,0.0,0.0,1.0,0.0,0.0,0.0,1.0,0.0,0.0,0.0,0.0
BFP,0.03361344537815126,0.008403361344537815,0.07563025210084033,0.06722689075630252,0.058823529411764705,0.09243697478991597,0.046218487394957986,0.05042016806722689,0.08403361344537816,0.07983193277310924,0.025210084033613446,0.0546218487394958,0.04201680672268908,0.03361344537815126,0.025210084033613446,0.046218487394957986,0.06302521008403361,0.07142857142857142,0.004201680672268907,0.037815126050420166,238.0,5.748718452453613,26843.961300000017,0.0,0.0,0.0,0.0,0.0,0.0,0.0,0.0,0.0,0.0,1.0,0.0,0.0,0.0,0.0,0.0,0.0,0.0,0.0,0.0,0.0,0.0,0.0,0.0,0.0,0.0,0.0,0.0,0.0,0.0,0.0,0.0,1.0,0.0,0.0,0.0,1.0,0.0,0.0,0.0,0.0
TurboRFP,0.047619047619047616,0.017316017316017316,0.03463203463203463,0.0735930735930736,0.06060606060606061,0.09956709956709957,0.04329004329004329,0.04329004329004329,0.09090909090909091,0.06060606060606061,0.047619047619047616,0.047619047619047616,0.047619047619047616,0.03463203463203463,0.030303030303030304,0.047619047619047616,0.0735930735930736,0.047619047619047616,0.008658008658008658,0.04329004329004329,231.0,8.53666172027588,26135.582500000008,1.0,0.0,0.0,0.0,0.0,0.0,0.0,0.0,0.0,0.0,0.0,0.0,0.0,0.0,0.0,0.0,0.0,0.0,0.0,0.0,0.0,0.0,0.0,0.0,0.0,0.0,0.0,0.0,0.0,0.0,0.0,0.0,1.0,0.0,0.0,0.0,1.0,0.0,0.0,0.0,0.0
mTFP0.7,0.038135593220338986,0.0,0.06779661016949153,0.08898305084745763,0.046610169491525424,0.08898305084745763,0.03389830508474576,0.0635593220338983,0.1059322033898305,0.059322033898305086,0.03389830508474576,0.046610169491525424,0.05084745762711865,0.00847457627118644,0.029661016949152543,0.0423728813559322,0.05508474576271186,0.07203389830508475,0.00847457627118644,0.059322033898305086,236.0,5.934979820251464,26957.322800000027,0.0,0.0,0.0,0.0,0.0,0.0,0.0,0.0,0.0,1.0,0.0,0.0,0.0,0.0,0.0,0.0,0.0,0.0,0.0,0.0,0.0,0.0,0.0,0.0,0.0,0.0,0.0,0.0,0.0,0.0,0.0,1.0,0.0,0.0,0.0,0.0,0.0,0.0,0.0,0.0,1.0
pHmScarlet,0.03879310344827586,0.004310344827586207,0.0603448275862069,0.09051724137931035,0.04741379310344827,0.10775862068965517,0.021551724137931036,0.034482758620689655,0.09051724137931035,0.0603448275862069,0.04310344827586207,0.021551724137931036,0.05603448275862069,0.034482758620689655,0.04741379310344827,0.04741379310344827,0.06465517241379311,0.06465517241379311,0.01293103448275862,0.05172413793103448,232.0,6.017396354675292,26361.582000000006,1.0,0.0,0.0,0.0,0.0,0.0,0.0,0.0,0.0,0.0,0.0,0.0,0.0,0.0,0.0,0.0,0.0,0.0,0.0,0.0,0.0,0.0,0.0,0.0,0.0,0.0,0.0,0.0,0.0,0.0,0.0,0.0,0.0,0.0,0.0,1.0,1.0,0.0,0.0,0.0,0.0
htFuncLib_fast.4,0.03225806451612903,0.012096774193548387,0.07258064516129033,0.07258064516129033,0.04838709677419355,0.09274193548387097,0.06854838709677419,0.04838709677419355,0.07258064516129033,0.0846774193548387,0.024193548387096774,0.04838709677419355,0.04435483870967742,0.024193548387096774,0.028225806451612902,0.04032258064516129,0.06048387096774194,0.07258064516129033,0.008064516129032258,0.04435483870967742,248.0,5.822097587585449,28168.39220000003,0.0,0.0,0.0,0.0,1.0,0.0,0.0,0.0,0.0,0.0,0.0,0.0,0.0,0.0,0.0,0.0,0.0,0.0,0.0,0.0,0.0,0.0,0.0,0.0,0.0,0.0,0.0,0.0,0.0,0.0,0.0,0.0,0.0,0.0,0.0,1.0,1.0,0.0,0.0,0.0,0.0
htFuncLib_thermo.2,0.024193548387096774,0.012096774193548387,0.07258064516129033,0.07258064516129033,0.05241935483870968,0.09274193548387097,0.07258064516129033,0.05241935483870968,0.07258064516129033,0.08064516129032258,0.024193548387096774,0.04838709677419355,0.04435483870967742,0.028225806451612902,0.024193548387096774,0.04032258064516129,0.06048387096774194,0.07258064516129033,0.008064516129032258,0.04435483870967742,248.0,5.789244651794434,28282.49300000003,0.0,1.0,0.0,0.0,0.0,0.0,0.0,0.0,0.0,0.0,0.0,0.0,0.0,0.0,0.0,0.0,0.0,0.0,0.0,0.0,0.0,0.0,0.0,0.0,0.0,0.0,0.0,0.0,0.0,0.0,0.0,0.0,0.0,0.0,0.0,1.0,1.0,0.0,0.0,0.0,0.0
mGinger1,0.0502283105022831,0.0319634703196347,0.0547945205479452,0.0776255707762557,0.0502283105022831,0.0821917808219178,0.0547945205479452,0.0319634703196347,0.0639269406392694,0.0593607305936073,0.0365296803652968,0.0319634703196347,0.0593607305936073,0.0182648401826484,0.0410958904109589,0.0593607305936073,0.0821917808219178,0.0502283105022831,0.0091324200913242,0.0547945205479452,219.0,6.046668434143067,24848.716500000017,0.0,0.0,0.0,0.0,0.0,0.0,0.0,0.0,0.0,0.0,0.0,0.0,0.0,0.0,0.0,1.0,0.0,0.0,0.0,0.0,0.0,0.0,0.0,0.0,0.0,0.0,0.0,0.0,0.0,0.0,0.0,1.0,0.0,0.0,0.0,0.0,1.0,0.0,0.0,0.0,0.0
DstC1,0.025423728813559324,0.00847457627118644,0.05084745762711865,0.0847457627118644,0.05508474576271186,0.1016949152542373,0.03389830508474576,0.0423728813559322,0.1059322033898305,0.0635593220338983,0.029661016949152543,0.029661016949152543,0.05084745762711865,0.029661016949152543,0.038135593220338986,0.05084745762711865,0.046610169491525424,0.0847457627118644,0.012711864406779662,0.05508474576271186,236.0,8.304575538635255,27031.56990000002,0.0,0.0,0.0,1.0,0.0,0.0,0.0,0.0,0.0,0.0,0.0,0.0,0.0,0.0,0.0,0.0,0.0,0.0,0.0,0.0,0.0,0.0,0.0,0.0,0.0,0.0,0.0,0.0,0.0,0.0,0.0,0.0,0.0,0.0,0.0,1.0,1.0,0.0,0.0,0.0,0.0
phiYFPv,0.042735042735042736,0.02564102564102564,0.06837606837606838,0.04700854700854701,0.05555555555555555,0.11538461538461539,0.05128205128205128,0.038461538461538464,0.07692307692307693,0.05128205128205128,0.021367521367521368,0.042735042735042736,0.038461538461538464,0.02564102564102564,0.029914529914529916,0.05128205128205128,0.07692307692307693,0.08547008547008547,0.008547008547008548,0.04700854700854701,234.0,6.664678764343263,25939.89190000002,0.0,1.0,0.0,0.0,0.0,0.0,0.0,0.0,0.0,0.0,0.0,0.0,0.0,0.0,0.0,0.0,0.0,0.0,0.0,0.0,0.0,0.0,0.0,0.0,0.0,0.0,0.0,0.0,0.0,0.0,0.0,0.0,0.0,0.0,0.0,1.0,1.0,0.0,0.0,0.0,0.0
mEos4Fast1,0.05286343612334802,0.00881057268722467,0.07488986784140969,0.06167400881057269,0.05726872246696035,0.09251101321585903,0.039647577092511016,0.04405286343612335,0.0881057268722467,0.05726872246696035,0.039647577092511016,0.05286343612334802,0.048458149779735685,0.022026431718061675,0.048458149779735685,0.030837004405286344,0.05726872246696035,0.06167400881057269,0.00881057268722467,0.05286343612334802,227.0,7.127348136901856,25972.154000000017,0.0,0.0,0.0,0.0,0.0,1.0,0.0,0.0,0.0,0.0,0.0,0.0,0.0,0.0,0.0,0.0,0.0,0.0,0.0,0.0,0.0,0.0,0.0,0.0,0.0,0.0,0.0,0.0,0.0,0.0,0.0,1.0,0.0,0.0,0.0,0.0,0.0,0.0,0.0,1.0,0.0
AsRed2,0.05627705627705628,0.030303030303030304,0.03896103896103896,0.08225108225108226,0.047619047619047616,0.10822510822510822,0.03896103896103896,0.04329004329004329,0.07792207792207792,0.07792207792207792,0.030303030303030304,0.021645021645021644,0.05627705627705628,0.025974025974025976,0.03463203463203463,0.05194805194805195,0.0735930735930736,0.047619047619047616,0.008658008658008658,0.047619047619047616,231.0,6.503653907775878,25699.046400000003,1.0,0.0,0.0,0.0,0.0,0.0,0.0,0.0,0.0,0.0,0.0,0.0,0.0,0.0,0.0,0.0,0.0,0.0,0.0,0.0,0.0,0.0,0.0,0.0,0.0,0.0,0.0,0.0,0.0,0.0,0.0,0.0,0.0,1.0,0.0,0.0,1.0,0.0,0.0,0.0,0.0
htFuncLib_bleach.1,0.024193548387096774,0.012096774193548387,0.07258064516129033,0.07258064516129033,0.04838709677419355,0.09274193548387097,0.06854838709677419,0.04435483870967742,0.07258064516129033,0.0846774193548387,0.028225806451612902,0.04838709677419355,0.04435483870967742,0.028225806451612902,0.028225806451612902,0.04032258064516129,0.056451612903225805,0.08064516129032258,0.008064516129032258,0.04435483870967742,248.0,5.822097587585449,28269.562100000025,0.0,1.0,0.0,0.0,0.0,0.0,0.0,0.0,0.0,0.0,0.0,0.0,0.0,0.0,0.0,0.0,0.0,0.0,0.0,0.0,0.0,0.0,0.0,0.0,0.0,0.0,0.0,0.0,0.0,0.0,0.0,0.0,0.0,0.0,0.0,1.0,1.0,0.0,0.0,0.0,0.0
mScarlet3-H,0.05240174672489083,0.0,0.06550218340611354,0.08296943231441048,0.05240174672489083,0.10480349344978165,0.026200873362445413,0.034934497816593885,0.07860262008733625,0.05240174672489083,0.039301310043668124,0.021834061135371178,0.056768558951965066,0.03056768558951965,0.056768558951965066,0.0611353711790393,0.06550218340611354,0.0611353711790393,0.017467248908296942,0.039301310043668124,229.0,6.104985237121581,25856.7993,1.0,0.0,0.0,0.0,0.0,0.0,0.0,0.0,0.0,0.0,0.0,0.0,0.0,0.0,0.0,0.0,0.0,0.0,0.0,0.0,0.0,0.0,0.0,0.0,0.0,0.0,0.0,0.0,0.0,0.0,0.0,1.0,0.0,0.0,0.0,0.0,1.0,0.0,0.0,0.0,0.0
sREACh1,0.03765690376569038,0.008368200836820083,0.07531380753138076,0.06694560669456066,0.0502092050209205,0.09623430962343096,0.03347280334728033,0.0502092050209205,0.08786610878661087,0.09205020920502092,0.029288702928870293,0.04602510460251046,0.04602510460251046,0.029288702928870293,0.02510460251046025,0.03347280334728033,0.058577405857740586,0.0794979079497908,0.008368200836820083,0.04602510460251046,239.0,5.622820091247559,26954.42940000001,0.0,0.0,1.0,0.0,0.0,0.0,0.0,0.0,0.0,0.0,0.0,0.0,0.0,0.0,0.0,0.0,0.0,0.0,0.0,0.0,0.0,0.0,0.0,0.0,0.0,0.0,0.0,0.0,0.0,0.0,0.0,0.0,0.0,0.0,0.0,1.0,1.0,0.0,0.0,0.0,0.0
rfloGFP,0.03896103896103896,0.017316017316017316,0.06493506493506493,0.06060606060606061,0.05194805194805195,0.09956709956709957,0.025974025974025976,0.05627705627705628,0.08658008658008658,0.06060606060606061,0.03896103896103896,0.04329004329004329,0.05194805194805195,0.03896103896103896,0.03463203463203463,0.05627705627705628,0.05194805194805195,0.06493506493506493,0.008658008658008658,0.047619047619047616,231.0,6.596471977233888,26013.360000000008,0.0,0.0,0.0,1.0,0.0,0.0,0.0,0.0,0.0,0.0,0.0,0.0,0.0,0.0,0.0,0.0,0.0,0.0,0.0,0.0,0.0,0.0,0.0,0.0,0.0,0.0,0.0,0.0,0.0,0.0,0.0,0.0,0.0,0.0,0.0,1.0,1.0,0.0,0.0,0.0,0.0
mGeos-C,0.05309734513274336,0.017699115044247787,0.0752212389380531,0.05752212389380531,0.061946902654867256,0.09292035398230089,0.03982300884955752,0.048672566371681415,0.09292035398230089,0.061946902654867256,0.035398230088495575,0.048672566371681415,0.048672566371681415,0.017699115044247787,0.04424778761061947,0.035398230088495575,0.05309734513274336,0.05309734513274336,0.008849557522123894,0.05309734513274336,226.0,7.693293952941895,25809.085000000017,0.0,0.0,0.0,0.0,0.0,0.0,0.0,1.0,0.0,0.0,0.0,0.0,0.0,0.0,0.0,0.0,0.0,0.0,0.0,0.0,0.0,0.0,0.0,0.0,0.0,0.0,0.0,0.0,0.0,0.0,0.0,1.0,0.0,0.0,0.0,0.0,0.0,1.0,0.0,0.0,0.0
mIrisFP,0.05309734513274336,0.01327433628318584,0.0752212389380531,0.061946902654867256,0.05752212389380531,0.09292035398230089,0.05309734513274336,0.05309734513274336,0.07964601769911504,0.061946902654867256,0.035398230088495575,0.048672566371681415,0.048672566371681415,0.017699115044247787,0.04424778761061947,0.03982300884955752,0.05309734513274336,0.05752212389380531,0.008849557522123894,0.04424778761061947,226.0,6.4513051986694325,25687.80280000002,0.0,0.0,0.0,0.0,0.0,1.0,0.0,0.0,0.0,0.0,0.0,0.0,0.0,0.0,0.0,0.0,0.0,0.0,0.0,0.0,0.0,0.0,0.0,0.0,0.0,0.0,0.0,0.0,0.0,0.0,0.0,1.0,0.0,0.0,0.0,0.0,0.0,0.0,0.0,0.0,1.0
PAmKate,0.04291845493562232,0.017167381974248927,0.04291845493562232,0.07725321888412018,0.03862660944206009,0.10300429184549356,0.030042918454935622,0.03862660944206009,0.08583690987124463,0.0815450643776824,0.04291845493562232,0.04721030042918455,0.04721030042918455,0.030042918454935622,0.03862660944206009,0.03862660944206009,0.07725321888412018,0.060085836909871244,0.012875536480686695,0.04721030042918455,233.0,7.674309730529786,26284.787500000013,1.0,0.0,0.0,0.0,0.0,0.0,0.0,0.0,0.0,0.0,0.0,0.0,0.0,0.0,0.0,0.0,0.0,0.0,0.0,0.0,0.0,0.0,0.0,0.0,0.0,0.0,0.0,0.0,0.0,0.0,0.0,1.0,0.0,0.0,0.0,0.0,0.0,0.0,1.0,0.0,0.0
mPlum,0.048672566371681415,0.0,0.05752212389380531,0.10619469026548672,0.03982300884955752,0.10619469026548672,0.02654867256637168,0.03982300884955752,0.09292035398230089,0.048672566371681415,0.048672566371681415,0.017699115044247787,0.05309734513274336,0.030973451327433628,0.04424778761061947,0.05309734513274336,0.05752212389380531,0.06637168141592921,0.01327433628318584,0.048672566371681415,226.0,5.620603370666504,25589.6343,1.0,0.0,0.0,0.0,0.0,0.0,0.0,0.0,0.0,0.0,0.0,0.0,0.0,0.0,0.0,0.0,0.0,0.0,0.0,0.0,0.0,0.0,0.0,0.0,0.0,0.0,0.0,0.0,0.0,0.0,0.0,1.0,0.0,0.0,0.0,0.0,1.0,0.0,0.0,0.0,0.0
mStayGold,0.02654867256637168,0.01327433628318584,0.05309734513274336,0.07964601769911504,0.048672566371681415,0.09292035398230089,0.05752212389380531,0.048672566371681415,0.0752212389380531,0.05752212389380531,0.02654867256637168,0.03982300884955752,0.05309734513274336,0.048672566371681415,0.01327433628318584,0.06637168141592921,0.0752212389380531,0.061946902654867256,0.01327433628318584,0.048672566371681415,226.0,5.668973350524904,25577.27850000002,0.0,0.0,1.0,0.0,0.0,0.0,0.0,0.0,0.0,0.0,0.0,0.0,0.0,0.0,0.0,0.0,0.0,0.0,0.0,0.0,0.0,0.0,0.0,0.0,0.0,0.0,0.0,0.0,0.0,0.0,0.0,1.0,0.0,0.0,0.0,0.0,1.0,0.0,0.0,0.0,0.0
PAmCherry3,0.046610169491525424,0.0,0.059322033898305086,0.1016949152542373,0.046610169491525424,0.1059322033898305,0.025423728813559324,0.038135593220338986,0.09745762711864407,0.0635593220338983,0.03389830508474576,0.03389830508474576,0.05084745762711865,0.029661016949152543,0.038135593220338986,0.046610169491525424,0.05508474576271186,0.0635593220338983,0.012711864406779662,0.05084745762711865,236.0,5.624297904968262,26747.828200000014,1.0,0.0,0.0,0.0,0.0,0.0,0.0,0.0,0.0,0.0,0.0,0.0,0.0,0.0,0.0,0.0,0.0,0.0,0.0,0.0,0.0,0.0,0.0,0.0,0.0,0.0,0.0,0.0,0.0,0.0,0.0,1.0,0.0,0.0,0.0,0.0,0.0,0.0,1.0,0.0,0.0
mScarlet-I-220A,0.04741379310344827,0.0,0.06465517241379311,0.09051724137931035,0.04741379310344827,0.10344827586206896,0.021551724137931036,0.034482758620689655,0.09482758620689655,0.05603448275862069,0.04741379310344827,0.021551724137931036,0.05603448275862069,0.03017241379310345,0.04741379310344827,0.04741379310344827,0.06465517241379311,0.0603448275862069,0.01293103448275862,0.05172413793103448,232.0,6.0198972702026365,26377.581500000004,1.0,0.0,0.0,0.0,0.0,0.0,0.0,0.0,0.0,0.0,0.0,0.0,0.0,0.0,0.0,0.0,0.0,0.0,0.0,0.0,0.0,0.0,0.0,0.0,0.0,0.0,0.0,0.0,0.0,0.0,0.0,1.0,0.0,0.0,0.0,0.0,1.0,0.0,0.0,0.0,0.0
mScarlet-I,0.04310344827586207,0.0,0.06465517241379311,0.09051724137931035,0.04741379310344827,0.10775862068965517,0.021551724137931036,0.034482758620689655,0.09482758620689655,0.05603448275862069,0.04741379310344827,0.021551724137931036,0.05603448275862069,0.03017241379310345,0.04741379310344827,0.04741379310344827,0.06465517241379311,0.0603448275862069,0.01293103448275862,0.05172413793103448,232.0,6.0198972702026365,26363.554900000003,1.0,0.0,0.0,0.0,0.0,0.0,0.0,0.0,0.0,0.0,0.0,0.0,0.0,0.0,0.0,0.0,0.0,0.0,0.0,0.0,0.0,0.0,0.0,0.0,0.0,0.0,0.0,0.0,0.0,0.0,0.0,1.0,0.0,0.0,0.0,0.0,1.0,0.0,0.0,0.0,0.0
mGreenLantern,0.04184100418410042,0.008368200836820083,0.0794979079497908,0.06276150627615062,0.04602510460251046,0.09623430962343096,0.04602510460251046,0.04184100418410042,0.09623430962343096,0.0794979079497908,0.02092050209205021,0.0502092050209205,0.04184100418410042,0.029288702928870293,0.03347280334728033,0.03347280334728033,0.07112970711297072,0.0794979079497908,0.0041841004184100415,0.03765690376569038,239.0,6.411461067199707,26824.00360000002,0.0,0.0,1.0,0.0,0.0,0.0,0.0,0.0,0.0,0.0,0.0,0.0,0.0,0.0,0.0,0.0,0.0,0.0,0.0,0.0,0.0,0.0,0.0,0.0,0.0,0.0,0.0,0.0,0.0,0.0,0.0,1.0,0.0,0.0,0.0,0.0,1.0,0.0,0.0,0.0,0.0
Blue102,0.047619047619047616,0.0,0.06060606060606061,0.1038961038961039,0.04329004329004329,0.1038961038961039,0.025974025974025976,0.047619047619047616,0.09523809523809523,0.05627705627705628,0.03463203463203463,0.030303030303030304,0.05194805194805195,0.03463203463203463,0.03896103896103896,0.04329004329004329,0.05194805194805195,0.06060606060606061,0.017316017316017316,0.05194805194805195,231.0,5.494250297546387,26328.355100000008,0.0,0.0,0.0,0.0,0.0,0.0,0.0,0.0,0.0,0.0,0.0,0.0,0.0,0.0,1.0,0.0,0.0,0.0,0.0,0.0,0.0,0.0,0.0,0.0,0.0,0.0,0.0,0.0,0.0,0.0,0.0,0.0,0.0,0.0,0.0,1.0,0.0,0.0,0.0,0.0,1.0
SBFP1,0.03765690376569038,0.008368200836820083,0.07531380753138076,0.06694560669456066,0.05439330543933055,0.09623430962343096,0.04184100418410042,0.0502092050209205,0.08786610878661087,0.09205020920502092,0.02092050209205021,0.05439330543933055,0.04184100418410042,0.03347280334728033,0.02510460251046025,0.03765690376569038,0.06694560669456066,0.06694560669456066,0.0041841004184100415,0.03765690376569038,239.0,5.795326423645019,26852.044800000018,0.0,0.0,0.0,0.0,0.0,0.0,0.0,0.0,0.0,0.0,1.0,0.0,0.0,0.0,0.0,0.0,0.0,0.0,0.0,0.0,0.0,0.0,0.0,0.0,0.0,0.0,0.0,0.0,0.0,0.0,0.0,1.0,0.0,0.0,0.0,0.0,1.0,0.0,0.0,0.0,0.0
mTFP*,0.04524886877828054,0.0,0.07692307692307693,0.07692307692307693,0.049773755656108594,0.08597285067873303,0.013574660633484163,0.058823529411764705,0.10407239819004525,0.05429864253393665,0.027149321266968326,0.049773755656108594,0.049773755656108594,0.00904977375565611,0.03619909502262444,0.04524886877828054,0.058823529411764705,0.07239819004524888,0.00904977375565611,0.07692307692307693,221.0,5.758210563659667,25305.325100000016,0.0,0.0,0.0,0.0,0.0,0.0,0.0,0.0,0.0,1.0,0.0,0.0,0.0,0.0,0.0,0.0,0.0,0.0,0.0,0.0,0.0,0.0,0.0,0.0,0.0,0.0,0.0,0.0,0.0,0.0,0.0,0.0,0.0,0.0,0.0,1.0,1.0,0.0,0.0,0.0,0.0
aceGFP-h,0.046413502109704644,0.008438818565400843,0.07172995780590717,0.06329113924050633,0.05485232067510549,0.09282700421940929,0.0379746835443038,0.06329113924050633,0.0759493670886076,0.07172995780590717,0.02531645569620253,0.06329113924050633,0.04219409282700422,0.029535864978902954,0.02531645569620253,0.046413502109704644,0.07172995780590717,0.05485232067510549,0.004219409282700422,0.05063291139240506,237.0,5.5701303482055655,26643.633600000016,0.0,0.0,0.0,0.0,1.0,0.0,0.0,0.0,0.0,0.0,0.0,0.0,0.0,0.0,0.0,0.0,0.0,0.0,0.0,0.0,0.0,0.0,0.0,0.0,0.0,0.0,0.0,0.0,0.0,0.0,0.0,0.0,0.0,0.0,0.0,1.0,1.0,0.0,0.0,0.0,0.0
AcGFP1,0.04602510460251046,0.008368200836820083,0.07112970711297072,0.06276150627615062,0.05439330543933055,0.09205020920502092,0.03765690376569038,0.06276150627615062,0.07531380753138076,0.07112970711297072,0.029288702928870293,0.06276150627615062,0.04184100418410042,0.029288702928870293,0.02510460251046025,0.04602510460251046,0.07112970711297072,0.058577405857740586,0.0041841004184100415,0.0502092050209205,239.0,5.570926094055174,26873.960600000013,0.0,0.0,0.0,0.0,1.0,0.0,0.0,0.0,0.0,0.0,0.0,0.0,0.0,0.0,0.0,0.0,0.0,0.0,0.0,0.0,0.0,0.0,0.0,0.0,0.0,0.0,0.0,0.0,0.0,0.0,0.0,0.0,0.0,0.0,1.0,0.0,1.0,0.0,0.0,0.0,0.0
CpYGFP,0.045662100456621,0.0136986301369863,0.0365296803652968,0.0821917808219178,0.0776255707762557,0.091324200913242,0.0365296803652968,0.0684931506849315,0.0730593607305936,0.0547945205479452,0.0365296803652968,0.0593607305936073,0.045662100456621,0.0182648401826484,0.0365296803652968,0.0684931506849315,0.0639269406392694,0.045662100456621,0.0,0.045662100456621,219.0,6.450054740905761,24739.793500000003,0.0,0.0,1.0,0.0,0.0,0.0,0.0,0.0,0.0,0.0,0.0,0.0,0.0,0.0,0.0,0.0,0.0,0.0,0.0,0.0,0.0,0.0,0.0,0.0,0.0,0.0,0.0,0.0,0.0,0.0,0.0,0.0,1.0,0.0,0.0,0.0,1.0,0.0,0.0,0.0,0.0
mCherry,0.046610169491525424,0.0,0.059322033898305086,0.1016949152542373,0.0423728813559322,0.1059322033898305,0.025423728813559324,0.0423728813559322,0.1016949152542373,0.05508474576271186,0.0423728813559322,0.029661016949152543,0.05084745762711865,0.03389830508474576,0.03389830508474576,0.05084745762711865,0.05084745762711865,0.0635593220338983,0.012711864406779662,0.05084745762711865,236.0,5.624297904968262,26721.875400000008,1.0,0.0,0.0,0.0,0.0,0.0,0.0,0.0,0.0,0.0,0.0,0.0,0.0,0.0,0.0,0.0,0.0,0.0,0.0,0.0,0.0,0.0,0.0,0.0,0.0,0.0,0.0,0.0,0.0,0.0,0.0,1.0,0.0,0.0,0.0,0.0,1.0,0.0,0.0,0.0,0.0
mcavFP,0.044444444444444446,0.013333333333333334,0.06666666666666667,0.07111111111111111,0.05333333333333334,0.07555555555555556,0.02666666666666667,0.06222222222222222,0.08444444444444445,0.057777777777777775,0.04,0.035555555555555556,0.057777777777777775,0.04,0.04,0.04888888888888889,0.05333333333333334,0.06222222222222222,0.008888888888888889,0.057777777777777775,225.0,6.090377616882324,25847.199400000012,0.0,0.0,0.0,1.0,0.0,0.0,0.0,0.0,0.0,0.0,0.0,0.0,0.0,0.0,0.0,0.0,0.0,0.0,0.0,0.0,0.0,0.0,0.0,0.0,0.0,0.0,0.0,0.0,0.0,0.0,0.0,0.0,0.0,0.0,0.0,1.0,1.0,0.0,0.0,0.0,0.0
mGinger2,0.0502283105022831,0.0319634703196347,0.0547945205479452,0.0776255707762557,0.0502283105022831,0.0821917808219178,0.0547945205479452,0.0319634703196347,0.0547945205479452,0.0593607305936073,0.0365296803652968,0.0319634703196347,0.0593607305936073,0.0182648401826484,0.0502283105022831,0.0593607305936073,0.0821917808219178,0.0547945205479452,0.0091324200913242,0.0502283105022831,219.0,6.046668434143067,24840.70110000002,0.0,0.0,0.0,0.0,0.0,0.0,0.0,0.0,0.0,0.0,0.0,0.0,0.0,0.0,0.0,1.0,0.0,0.0,0.0,0.0,0.0,0.0,0.0,0.0,0.0,0.0,0.0,0.0,0.0,0.0,0.0,1.0,0.0,0.0,0.0,0.0,1.0,0.0,0.0,0.0,0.0
mEosFP-M159A,0.05309734513274336,0.01327433628318584,0.0752212389380531,0.061946902654867256,0.05752212389380531,0.09292035398230089,0.05309734513274336,0.048672566371681415,0.084070796460177,0.06637168141592921,0.030973451327433628,0.048672566371681415,0.048672566371681415,0.017699115044247787,0.04424778761061947,0.035398230088495575,0.05309734513274336,0.05752212389380531,0.008849557522123894,0.048672566371681415,226.0,6.631541633605957,25760.875000000022,0.0,0.0,0.0,0.0,0.0,1.0,0.0,0.0,0.0,0.0,0.0,0.0,0.0,0.0,0.0,0.0,0.0,0.0,0.0,0.0,0.0,0.0,0.0,0.0,0.0,0.0,0.0,0.0,0.0,0.0,0.0,1.0,0.0,0.0,0.0,0.0,1.0,0.0,0.0,0.0,0.0
DimVenus,0.04184100418410042,0.008368200836820083,0.07531380753138076,0.06694560669456066,0.04602510460251046,0.100418410041841,0.03765690376569038,0.0502092050209205,0.08368200836820083,0.09623430962343096,0.02092050209205021,0.05439330543933055,0.04184100418410042,0.03347280334728033,0.02510460251046025,0.03347280334728033,0.06276150627615062,0.06694560669456066,0.008368200836820083,0.04602510460251046,239.0,5.583601188659667,26858.047500000015,0.0,0.0,1.0,0.0,0.0,0.0,0.0,0.0,0.0,0.0,0.0,0.0,0.0,0.0,0.0,0.0,0.0,0.0,0.0,0.0,0.0,0.0,0.0,0.0,0.0,0.0,0.0,0.0,0.0,0.0,0.0,0.0,0.0,0.0,0.0,1.0,1.0,0.0,0.0,0.0,0.0
WasCFP,0.04184100418410042,0.008368200836820083,0.07531380753138076,0.06694560669456066,0.0502092050209205,0.09623430962343096,0.03347280334728033,0.05439330543933055,0.09205020920502092,0.08368200836820083,0.02092050209205021,0.05439330543933055,0.04184100418410042,0.03765690376569038,0.02510460251046025,0.03765690376569038,0.07112970711297072,0.06694560669456066,0.008368200836820083,0.03347280334728033,239.0,5.764690208435058,26768.954800000014,0.0,0.0,0.0,0.0,0.0,0.0,0.0,0.0,1.0,0.0,0.0,0.0,0.0,0.0,0.0,0.0,0.0,0.0,0.0,0.0,0.0,0.0,0.0,0.0,0.0,0.0,0.0,0.0,0.0,0.0,0.0,1.0,0.0,0.0,0.0,0.0,1.0,0.0,0.0,0.0,0.0
htFuncLib_acid.3,0.028225806451612902,0.012096774193548387,0.07258064516129033,0.07258064516129033,0.04838709677419355,0.09274193548387097,0.06854838709677419,0.04838709677419355,0.07258064516129033,0.08870967741935484,0.028225806451612902,0.04838709677419355,0.04435483870967742,0.024193548387096774,0.028225806451612902,0.04032258064516129,0.056451612903225805,0.07258064516129033,0.008064516129032258,0.04435483870967742,248.0,5.822097587585449,28240.56400000003,0.0,0.0,0.0,0.0,1.0,0.0,0.0,0.0,0.0,0.0,0.0,0.0,0.0,0.0,0.0,0.0,0.0,0.0,0.0,0.0,0.0,0.0,0.0,0.0,0.0,0.0,0.0,0.0,0.0,0.0,0.0,0.0,0.0,0.0,0.0,1.0,1.0,0.0,0.0,0.0,0.0
vsfGFP-9,0.04815864022662889,0.0113314447592068,0.06515580736543909,0.06232294617563739,0.042492917847025496,0.09631728045325778,0.028328611898016998,0.0339943342776204,0.06515580736543909,0.07365439093484419,0.0226628895184136,0.05099150141643059,0.039660056657223795,0.039660056657223795,0.04815864022662889,0.06515580736543909,0.06515580736543909,0.08498583569405099,0.0113314447592068,0.0453257790368272,353.0,6.083897972106932,39462.82700000006,0.0,1.0,0.0,0.0,0.0,0.0,0.0,0.0,0.0,0.0,0.0,0.0,0.0,0.0,0.0,0.0,0.0,0.0,0.0,0.0,0.0,0.0,0.0,0.0,0.0,0.0,0.0,0.0,0.0,0.0,0.0,1.0,0.0,0.0,0.0,0.0,1.0,0.0,0.0,0.0,0.0
dfGFP,0.05603448275862069,0.017241379310344827,0.04741379310344827,0.05172413793103448,0.05603448275862069,0.09051724137931035,0.04741379310344827,0.05172413793103448,0.06896551724137931,0.06465517241379311,0.03017241379310345,0.03879310344827586,0.0603448275862069,0.04741379310344827,0.02586206896551724,0.05603448275862069,0.08620689655172414,0.05603448275862069,0.008620689655172414,0.03879310344827586,232.0,6.825192070007325,25831.018100000005,0.0,0.0,0.0,1.0,0.0,0.0,0.0,0.0,0.0,0.0,0.0,0.0,0.0,0.0,0.0,0.0,0.0,0.0,0.0,0.0,0.0,0.0,0.0,0.0,0.0,0.0,0.0,0.0,0.0,0.0,0.0,0.0,1.0,0.0,0.0,0.0,1.0,0.0,0.0,0.0,0.0
mEmerald,0.03347280334728033,0.008368200836820083,0.07531380753138076,0.06694560669456066,0.0502092050209205,0.09205020920502092,0.03765690376569038,0.04602510460251046,0.09205020920502092,0.08786610878661087,0.02092050209205021,0.0502092050209205,0.04184100418410042,0.03347280334728033,0.02510460251046025,0.03765690376569038,0.07531380753138076,0.07531380753138076,0.0041841004184100415,0.04602510460251046,239.0,5.84960765838623,26954.173200000023,0.0,1.0,0.0,0.0,0.0,0.0,0.0,0.0,0.0,0.0,0.0,0.0,0.0,0.0,0.0,0.0,0.0,0.0,0.0,0.0,0.0,0.0,0.0,0.0,0.0,0.0,0.0,0.0,0.0,0.0,0.0,1.0,0.0,0.0,0.0,0.0,1.0,0.0,0.0,0.0,0.0
G1,0.0423728813559322,0.0,0.07627118644067797,0.0847457627118644,0.046610169491525424,0.08898305084745763,0.029661016949152543,0.05508474576271186,0.1059322033898305,0.05084745762711865,0.0423728813559322,0.046610169491525424,0.046610169491525424,0.00847457627118644,0.03389830508474576,0.0423728813559322,0.0635593220338983,0.07203389830508475,0.00847457627118644,0.05508474576271186,236.0,5.850403404235839,26900.18890000002,0.0,0.0,0.0,0.0,0.0,0.0,0.0,0.0,0.0,1.0,0.0,0.0,0.0,0.0,0.0,0.0,0.0,0.0,0.0,0.0,0.0,0.0,0.0,0.0,0.0,0.0,0.0,0.0,0.0,0.0,0.0,1.0,0.0,0.0,0.0,0.0,1.0,0.0,0.0,0.0,0.0
GFPxm18uv,0.029411764705882353,0.012605042016806723,0.06722689075630252,0.07563025210084033,0.06302521008403361,0.1092436974789916,0.05042016806722689,0.06302521008403361,0.07563025210084033,0.07563025210084033,0.03361344537815126,0.0546218487394958,0.04201680672268908,0.025210084033613446,0.03361344537815126,0.029411764705882353,0.0546218487394958,0.058823529411764705,0.004201680672268907,0.04201680672268908,238.0,5.823973274230957,27020.33660000002,0.0,0.0,1.0,0.0,0.0,0.0,0.0,0.0,0.0,0.0,0.0,0.0,0.0,0.0,0.0,0.0,0.0,0.0,0.0,0.0,0.0,0.0,0.0,0.0,0.0,0.0,0.0,0.0,0.0,0.0,0.0,1.0,0.0,0.0,0.0,0.0,1.0,0.0,0.0,0.0,0.0
mcavGFP,0.0641025641025641,0.01282051282051282,0.08547008547008547,0.0641025641025641,0.05555555555555555,0.08547008547008547,0.03418803418803419,0.04700854700854701,0.09401709401709402,0.05128205128205128,0.04700854700854701,0.029914529914529916,0.042735042735042736,0.021367521367521368,0.04700854700854701,0.021367521367521368,0.05982905982905983,0.07692307692307693,0.008547008547008548,0.05128205128205128,234.0,6.453578758239746,26743.297900000023,0.0,0.0,0.0,0.0,0.0,0.0,0.0,0.0,0.0,0.0,0.0,1.0,0.0,0.0,0.0,0.0,0.0,0.0,0.0,0.0,0.0,0.0,0.0,0.0,0.0,0.0,0.0,0.0,0.0,0.0,0.0,0.0,0.0,0.0,0.0,1.0,1.0,0.0,0.0,0.0,0.0
d1EosFP,0.05309734513274336,0.01327433628318584,0.0752212389380531,0.061946902654867256,0.061946902654867256,0.09292035398230089,0.048672566371681415,0.048672566371681415,0.084070796460177,0.061946902654867256,0.035398230088495575,0.048672566371681415,0.048672566371681415,0.017699115044247787,0.04424778761061947,0.035398230088495575,0.05752212389380531,0.05309734513274336,0.008849557522123894,0.048672566371681415,226.0,6.593118476867676,25790.920800000018,0.0,0.0,0.0,0.0,0.0,1.0,0.0,0.0,0.0,0.0,0.0,0.0,0.0,0.0,0.0,0.0,0.0,0.0,0.0,0.0,0.0,0.0,0.0,0.0,0.0,0.0,0.0,0.0,0.0,0.0,0.0,0.0,1.0,0.0,0.0,0.0,0.0,0.0,0.0,1.0,0.0
HcRed,0.06167400881057269,0.02643171806167401,0.04405286343612335,0.07929515418502203,0.05726872246696035,0.09251101321585903,0.04405286343612335,0.03524229074889868,0.06607929515418502,0.06607929515418502,0.039647577092511016,0.03524229074889868,0.05286343612334802,0.01762114537444934,0.048458149779735685,0.048458149779735685,0.07048458149779736,0.05726872246696035,0.00881057268722467,0.048458149779735685,227.0,6.550602912902832,25635.895700000012,0.0,0.0,0.0,0.0,0.0,0.0,0.0,0.0,0.0,0.0,0.0,0.0,0.0,0.0,0.0,1.0,0.0,0.0,0.0,0.0,0.0,0.0,0.0,0.0,0.0,0.0,0.0,0.0,0.0,0.0,0.0,0.0,0.0,1.0,0.0,0.0,1.0,0.0,0.0,0.0,0.0
mEos4a,0.05286343612334802,0.00881057268722467,0.07488986784140969,0.05726872246696035,0.05726872246696035,0.09251101321585903,0.04405286343612335,0.04405286343612335,0.0881057268722467,0.06167400881057269,0.03524229074889868,0.048458149779735685,0.048458149779735685,0.01762114537444934,0.048458149779735685,0.030837004405286344,0.05726872246696035,0.06167400881057269,0.00881057268722467,0.06167400881057269,227.0,7.7724706649780275,26046.25550000002,0.0,0.0,0.0,0.0,0.0,1.0,0.0,0.0,0.0,0.0,0.0,0.0,0.0,0.0,0.0,0.0,0.0,0.0,0.0,0.0,0.0,0.0,0.0,0.0,0.0,0.0,0.0,0.0,0.0,0.0,0.0,1.0,0.0,0.0,0.0,0.0,0.0,0.0,0.0,1.0,0.0
htFuncLib_bleach.4,0.024193548387096774,0.012096774193548387,0.07258064516129033,0.07258064516129033,0.04838709677419355,0.09274193548387097,0.06854838709677419,0.04838709677419355,0.07258064516129033,0.0846774193548387,0.028225806451612902,0.04838709677419355,0.04838709677419355,0.024193548387096774,0.028225806451612902,0.036290322580645164,0.06854838709677419,0.06854838709677419,0.008064516129032258,0.04435483870967742,248.0,5.822097587585449,28270.547100000025,0.0,1.0,0.0,0.0,0.0,0.0,0.0,0.0,0.0,0.0,0.0,0.0,0.0,0.0,0.0,0.0,0.0,0.0,0.0,0.0,0.0,0.0,0.0,0.0,0.0,0.0,0.0,0.0,0.0,0.0,0.0,0.0,0.0,0.0,0.0,1.0,1.0,0.0,0.0,0.0,0.0
mNeonGreen,0.059322033898305086,0.00423728813559322,0.05508474576271186,0.05084745762711865,0.05084745762711865,0.09322033898305085,0.029661016949152543,0.029661016949152543,0.07627118644067797,0.05508474576271186,0.046610169491525424,0.05084745762711865,0.05084745762711865,0.038135593220338986,0.029661016949152543,0.0635593220338983,0.08898305084745763,0.046610169491525424,0.01694915254237288,0.0635593220338983,236.0,7.058004570007324,26649.648000000023,0.0,0.0,1.0,0.0,0.0,0.0,0.0,0.0,0.0,0.0,0.0,0.0,0.0,0.0,0.0,0.0,0.0,0.0,0.0,0.0,0.0,0.0,0.0,0.0,0.0,0.0,0.0,0.0,0.0,0.0,0.0,1.0,0.0,0.0,0.0,0.0,1.0,0.0,0.0,0.0,0.0
pcDronpa,0.05357142857142857,0.013392857142857142,0.07142857142857142,0.06696428571428571,0.049107142857142856,0.09375,0.044642857142857144,0.05357142857142857,0.08928571428571429,0.05803571428571429,0.03125,0.04017857142857143,0.05357142857142857,0.022321428571428572,0.03571428571428571,0.049107142857142856,0.03571428571428571,0.07142857142857142,0.008928571428571428,0.05803571428571429,224.0,6.360533332824706,25386.51360000002,0.0,0.0,0.0,0.0,0.0,1.0,0.0,0.0,0.0,0.0,0.0,0.0,0.0,0.0,0.0,0.0,0.0,0.0,0.0,0.0,0.0,0.0,0.0,0.0,0.0,0.0,0.0,0.0,0.0,0.0,0.0,0.0,0.0,1.0,0.0,0.0,0.0,0.0,0.0,0.0,1.0
dis3GFP,0.03463203463203463,0.017316017316017316,0.06060606060606061,0.06493506493506493,0.047619047619047616,0.09956709956709957,0.017316017316017316,0.05627705627705628,0.06926406926406926,0.06060606060606061,0.05194805194805195,0.04329004329004329,0.05194805194805195,0.03463203463203463,0.03463203463203463,0.05627705627705628,0.06926406926406926,0.06493506493506493,0.008658008658008658,0.05627705627705628,231.0,5.445027732849121,26018.387900000012,0.0,0.0,0.0,1.0,0.0,0.0,0.0,0.0,0.0,0.0,0.0,0.0,0.0,0.0,0.0,0.0,0.0,0.0,0.0,0.0,0.0,0.0,0.0,0.0,0.0,0.0,0.0,0.0,0.0,0.0,0.0,0.0,0.0,0.0,0.0,1.0,1.0,0.0,0.0,0.0,0.0
mStable,0.05172413793103448,0.021551724137931036,0.04310344827586207,0.07758620689655173,0.04310344827586207,0.09913793103448276,0.03017241379310345,0.03879310344827586,0.08189655172413793,0.07758620689655173,0.03879310344827586,0.03879310344827586,0.04741379310344827,0.03017241379310345,0.04310344827586207,0.03879310344827586,0.08189655172413793,0.0603448275862069,0.008620689655172414,0.04741379310344827,232.0,7.647140693664551,26090.557300000015,1.0,0.0,0.0,0.0,0.0,0.0,0.0,0.0,0.0,0.0,0.0,0.0,0.0,0.0,0.0,0.0,0.0,0.0,0.0,0.0,0.0,0.0,0.0,0.0,0.0,0.0,0.0,0.0,0.0,0.0,0.0,1.0,0.0,0.0,0.0,0.0,1.0,0.0,0.0,0.0,0.0
fwYellow,0.05084745762711865,0.01694915254237288,0.059322033898305086,0.07627118644067797,0.059322033898305086,0.09745762711864407,0.05084745762711865,0.0635593220338983,0.07203389830508475,0.05508474576271186,0.0211864406779661,0.03389830508474576,0.038135593220338986,0.025423728813559324,0.025423728813559324,0.029661016949152543,0.09322033898305085,0.0847457627118644,0.00847457627118644,0.038135593220338986,236.0,5.709954261779786,26390.576400000027,0.0,1.0,0.0,0.0,0.0,0.0,0.0,0.0,0.0,0.0,0.0,0.0,0.0,0.0,0.0,0.0,0.0,0.0,0.0,0.0,0.0,0.0,0.0,0.0,0.0,0.0,0.0,0.0,0.0,0.0,0.0,0.0,1.0,0.0,0.0,0.0,1.0,0.0,0.0,0.0,0.0
mmGFP,0.06074766355140187,0.009345794392523364,0.04205607476635514,0.07476635514018691,0.07009345794392523,0.11214953271028037,0.028037383177570093,0.018691588785046728,0.0794392523364486,0.0514018691588785,0.028037383177570093,0.0514018691588785,0.04205607476635514,0.02336448598130841,0.03271028037383177,0.04672897196261682,0.09345794392523364,0.08411214953271028,0.014018691588785047,0.037383177570093455,214.0,6.5989160537719735,23717.403100000007,0.0,1.0,0.0,0.0,0.0,0.0,0.0,0.0,0.0,0.0,0.0,0.0,0.0,0.0,0.0,0.0,0.0,0.0,0.0,0.0,0.0,0.0,0.0,0.0,0.0,0.0,0.0,0.0,0.0,0.0,0.0,1.0,0.0,0.0,0.0,0.0,1.0,0.0,0.0,0.0,0.0
YuzuFP,0.032388663967611336,0.008097165991902834,0.0728744939271255,0.06477732793522267,0.048582995951417005,0.0931174089068826,0.06072874493927125,0.044534412955465584,0.08097165991902834,0.08097165991902834,0.020242914979757085,0.05263157894736842,0.04048582995951417,0.02834008097165992,0.032388663967611336,0.048582995951417005,0.0728744939271255,0.07692307692307693,0.004048582995951417,0.03643724696356275,247.0,6.18973217010498,27796.919400000024,0.0,1.0,0.0,0.0,0.0,0.0,0.0,0.0,0.0,0.0,0.0,0.0,0.0,0.0,0.0,0.0,0.0,0.0,0.0,0.0,0.0,0.0,0.0,0.0,0.0,0.0,0.0,0.0,0.0,0.0,0.0,1.0,0.0,0.0,0.0,0.0,1.0,0.0,0.0,0.0,0.0
eforCP,0.039647577092511016,0.00881057268722467,0.05286343612334802,0.06607929515418502,0.05726872246696035,0.08370044052863436,0.06167400881057269,0.03524229074889868,0.1013215859030837,0.06607929515418502,0.04405286343612335,0.02643171806167401,0.07488986784140969,0.030837004405286344,0.01762114537444934,0.05726872246696035,0.06607929515418502,0.06607929515418502,0.013215859030837005,0.030837004405286344,227.0,7.257111549377441,25655.08470000001,1.0,0.0,0.0,0.0,0.0,0.0,0.0,0.0,0.0,0.0,0.0,0.0,0.0,0.0,0.0,0.0,0.0,0.0,0.0,0.0,0.0,0.0,0.0,0.0,0.0,0.0,0.0,0.0,0.0,0.0,0.0,0.0,0.0,1.0,0.0,0.0,1.0,0.0,0.0,0.0,0.0
eCGP123,0.05333333333333334,0.013333333333333334,0.07111111111111111,0.07555555555555556,0.04888888888888889,0.08,0.02666666666666667,0.05333333333333334,0.09777777777777778,0.06222222222222222,0.04,0.02666666666666667,0.06222222222222222,0.02666666666666667,0.044444444444444446,0.04,0.057777777777777775,0.04888888888888889,0.008888888888888889,0.06222222222222222,225.0,6.60499782562256,25848.231000000014,0.0,0.0,0.0,1.0,0.0,0.0,0.0,0.0,0.0,0.0,0.0,0.0,0.0,0.0,0.0,0.0,0.0,0.0,0.0,0.0,0.0,0.0,0.0,0.0,0.0,0.0,0.0,0.0,0.0,0.0,0.0,0.0,0.0,0.0,0.0,1.0,1.0,0.0,0.0,0.0,0.0
scubRFP,0.04782608695652174,0.013043478260869565,0.05652173913043478,0.06521739130434782,0.05652173913043478,0.09130434782608696,0.04782608695652174,0.05217391304347826,0.08260869565217391,0.06086956521739131,0.02608695652173913,0.034782608695652174,0.05217391304347826,0.021739130434782608,0.034782608695652174,0.043478260869565216,0.06956521739130435,0.0782608695652174,0.008695652173913044,0.05652173913043478,230.0,6.830193901062012,26061.36300000002,0.0,0.0,0.0,0.0,0.0,1.0,0.0,0.0,0.0,0.0,0.0,0.0,0.0,0.0,0.0,0.0,0.0,0.0,0.0,0.0,0.0,0.0,0.0,0.0,0.0,0.0,0.0,0.0,0.0,0.0,0.0,0.0,0.0,1.0,0.0,0.0,1.0,0.0,0.0,0.0,0.0
efasCFP,0.05240174672489083,0.008733624454148471,0.0611353711790393,0.0611353711790393,0.06986899563318777,0.09606986899563319,0.03056768558951965,0.05240174672489083,0.0611353711790393,0.043668122270742356,0.039301310043668124,0.043668122270742356,0.0611353711790393,0.034934497816593885,0.056768558951965066,0.06550218340611354,0.05240174672489083,0.0611353711790393,0.013100436681222707,0.034934497816593885,229.0,6.659279060363771,25857.92549999999,0.0,0.0,0.0,0.0,0.0,0.0,0.0,0.0,0.0,1.0,0.0,0.0,0.0,0.0,0.0,0.0,0.0,0.0,0.0,0.0,0.0,0.0,0.0,0.0,0.0,0.0,0.0,0.0,0.0,0.0,0.0,0.0,0.0,1.0,0.0,0.0,1.0,0.0,0.0,0.0,0.0
Dendra2-M159A,0.043478260869565216,0.013043478260869565,0.05652173913043478,0.06956521739130435,0.05217391304347826,0.08695652173913043,0.034782608695652174,0.04782608695652174,0.08260869565217391,0.07391304347826087,0.021739130434782608,0.05652173913043478,0.06086956521739131,0.02608695652173913,0.034782608695652174,0.0391304347826087,0.06521739130434782,0.07391304347826087,0.013043478260869565,0.04782608695652174,230.0,6.44982738494873,26064.29920000002,0.0,0.0,0.0,0.0,0.0,1.0,0.0,0.0,0.0,0.0,0.0,0.0,0.0,0.0,0.0,0.0,0.0,0.0,0.0,0.0,0.0,0.0,0.0,0.0,0.0,0.0,0.0,0.0,0.0,0.0,0.0,1.0,0.0,0.0,0.0,0.0,0.0,0.0,0.0,0.0,1.0
avGFP454,0.037815126050420166,0.008403361344537815,0.07563025210084033,0.06722689075630252,0.0546218487394958,0.08823529411764706,0.04201680672268908,0.05042016806722689,0.08403361344537816,0.07983193277310924,0.025210084033613446,0.0546218487394958,0.04201680672268908,0.03361344537815126,0.025210084033613446,0.046218487394957986,0.06302521008403361,0.07142857142857142,0.004201680672268907,0.046218487394957986,238.0,5.6704511642456055,26900.021200000017,0.0,0.0,0.0,0.0,0.0,0.0,0.0,0.0,0.0,0.0,0.0,0.0,0.0,0.0,0.0,0.0,0.0,0.0,0.0,0.0,0.0,0.0,0.0,0.0,0.0,0.0,0.0,0.0,0.0,0.0,1.0,0.0,0.0,0.0,0.0,1.0,1.0,0.0,0.0,0.0,0.0
mCerulean.B2,0.04184100418410042,0.008368200836820083,0.07531380753138076,0.06694560669456066,0.0502092050209205,0.10460251046025104,0.03347280334728033,0.0502092050209205,0.08368200836820083,0.09205020920502092,0.02092050209205021,0.0502092050209205,0.04184100418410042,0.03347280334728033,0.02510460251046025,0.03347280334728033,0.07112970711297072,0.07112970711297072,0.008368200836820083,0.03765690376569038,239.0,5.488964271545409,26672.865500000014,0.0,0.0,0.0,0.0,0.0,0.0,0.0,0.0,1.0,0.0,0.0,0.0,0.0,0.0,0.0,0.0,0.0,0.0,0.0,0.0,0.0,0.0,0.0,0.0,0.0,0.0,0.0,0.0,0.0,0.0,0.0,1.0,0.0,0.0,0.0,0.0,1.0,0.0,0.0,0.0,0.0
IrisFP,0.05309734513274336,0.01327433628318584,0.0752212389380531,0.061946902654867256,0.05309734513274336,0.09292035398230089,0.048672566371681415,0.048672566371681415,0.084070796460177,0.06637168141592921,0.035398230088495575,0.048672566371681415,0.048672566371681415,0.017699115044247787,0.04424778761061947,0.03982300884955752,0.05309734513274336,0.05752212389380531,0.008849557522123894,0.048672566371681415,226.0,6.593118476867676,25694.835200000023,0.0,0.0,0.0,0.0,0.0,1.0,0.0,0.0,0.0,0.0,0.0,0.0,0.0,0.0,0.0,0.0,0.0,0.0,0.0,0.0,0.0,0.0,0.0,0.0,0.0,0.0,0.0,0.0,0.0,0.0,0.0,0.0,0.0,1.0,0.0,0.0,0.0,0.0,0.0,0.0,1.0
CAR-GECO1,0.05995203836930456,0.002398081534772182,0.0815347721822542,0.10071942446043165,0.047961630695443645,0.10071942446043165,0.02158273381294964,0.05515587529976019,0.07673860911270983,0.05515587529976019,0.04316546762589928,0.02877697841726619,0.0407673860911271,0.03117505995203837,0.047961630695443645,0.045563549160671464,0.05515587529976019,0.06474820143884892,0.009592326139088728,0.03117505995203837,417.0,4.884538459777832,46808.11060000012,1.0,0.0,0.0,0.0,0.0,0.0,0.0,0.0,0.0,0.0,0.0,0.0,0.0,0.0,0.0,0.0,0.0,0.0,0.0,0.0,0.0,0.0,0.0,0.0,0.0,0.0,0.0,0.0,0.0,0.0,0.0,0.0,0.0,0.0,0.0,1.0,1.0,0.0,0.0,0.0,0.0
LanFP1,0.05454545454545454,0.00909090909090909,0.07272727272727272,0.04090909090909091,0.05454545454545454,0.1,0.03636363636363636,0.031818181818181815,0.08181818181818182,0.06818181818181818,0.03636363636363636,0.031818181818181815,0.05909090909090909,0.02727272727272727,0.02727272727272727,0.08181818181818182,0.05,0.05909090909090909,0.004545454545454545,0.07272727272727272,220.0,6.701908302307129,24577.44910000002,0.0,0.0,1.0,0.0,0.0,0.0,0.0,0.0,0.0,0.0,0.0,0.0,0.0,0.0,0.0,0.0,0.0,0.0,0.0,0.0,0.0,0.0,0.0,0.0,0.0,0.0,0.0,0.0,0.0,0.0,0.0,0.0,0.0,0.0,0.0,1.0,1.0,0.0,0.0,0.0,0.0
Wi-Phy,0.11940298507462686,0.008955223880597015,0.029850746268656716,0.0626865671641791,0.026865671641791045,0.08358208955223881,0.03880597014925373,0.023880597014925373,0.005970149253731343,0.1373134328358209,0.029850746268656716,0.020895522388059702,0.08955223880597014,0.050746268656716415,0.0626865671641791,0.050746268656716415,0.07164179104477612,0.056716417910447764,0.011940298507462687,0.01791044776119403,335.0,5.887803459167479,36100.90030000002,0.0,0.0,0.0,0.0,0.0,0.0,1.0,0.0,0.0,0.0,0.0,0.0,0.0,0.0,0.0,0.0,0.0,0.0,0.0,0.0,0.0,0.0,0.0,0.0,0.0,0.0,0.0,0.0,0.0,0.0,0.0,1.0,0.0,0.0,0.0,0.0,1.0,0.0,0.0,0.0,0.0
usGFP,0.03361344537815126,0.008403361344537815,0.07563025210084033,0.06722689075630252,0.05042016806722689,0.09243697478991597,0.04201680672268908,0.046218487394957986,0.08403361344537816,0.08823529411764706,0.02100840336134454,0.05042016806722689,0.04201680672268908,0.025210084033613446,0.03361344537815126,0.04201680672268908,0.07563025210084033,0.07563025210084033,0.004201680672268907,0.04201680672268908,238.0,5.9242372512817365,26814.985000000015,0.0,1.0,0.0,0.0,0.0,0.0,0.0,0.0,0.0,0.0,0.0,0.0,0.0,0.0,0.0,0.0,0.0,0.0,0.0,0.0,0.0,0.0,0.0,0.0,0.0,0.0,0.0,0.0,0.0,0.0,0.0,0.0,1.0,0.0,0.0,0.0,1.0,0.0,0.0,0.0,0.0
Sapphire,0.037815126050420166,0.008403361344537815,0.07563025210084033,0.06722689075630252,0.058823529411764705,0.09243697478991597,0.037815126050420166,0.0546218487394958,0.08403361344537816,0.08403361344537816,0.025210084033613446,0.0546218487394958,0.04201680672268908,0.03361344537815126,0.025210084033613446,0.04201680672268908,0.058823529411764705,0.07142857142857142,0.004201680672268907,0.04201680672268908,238.0,5.583601188659667,26842.067800000015,0.0,0.0,0.0,0.0,1.0,0.0,0.0,0.0,0.0,0.0,0.0,0.0,0.0,0.0,0.0,0.0,0.0,0.0,0.0,0.0,0.0,0.0,0.0,0.0,0.0,0.0,0.0,0.0,0.0,0.0,0.0,0.0,0.0,0.0,1.0,0.0,1.0,0.0,0.0,0.0,0.0
Gamillus0.3,0.0603448275862069,0.017241379310344827,0.04741379310344827,0.05172413793103448,0.05172413793103448,0.09051724137931035,0.04310344827586207,0.05172413793103448,0.06896551724137931,0.06465517241379311,0.03017241379310345,0.03879310344827586,0.05603448275862069,0.04741379310344827,0.02586206896551724,0.05603448275862069,0.10344827586206896,0.05603448275862069,0.008620689655172414,0.03017241379310345,232.0,6.788871955871582,25598.736900000007,0.0,0.0,0.0,1.0,0.0,0.0,0.0,0.0,0.0,0.0,0.0,0.0,0.0,0.0,0.0,0.0,0.0,0.0,0.0,0.0,0.0,0.0,0.0,0.0,0.0,0.0,0.0,0.0,0.0,0.0,0.0,1.0,0.0,0.0,0.0,0.0,1.0,0.0,0.0,0.0,0.0
Azurite,0.03361344537815126,0.008403361344537815,0.07563025210084033,0.06722689075630252,0.0546218487394958,0.09243697478991597,0.046218487394957986,0.0546218487394958,0.08403361344537816,0.08403361344537816,0.025210084033613446,0.0546218487394958,0.04201680672268908,0.03361344537815126,0.029411764705882353,0.046218487394957986,0.06302521008403361,0.06302521008403361,0.004201680672268907,0.037815126050420166,238.0,5.86751194000244,26881.026400000017,0.0,0.0,0.0,0.0,0.0,0.0,0.0,0.0,0.0,0.0,1.0,0.0,0.0,0.0,0.0,0.0,0.0,0.0,0.0,0.0,0.0,0.0,0.0,0.0,0.0,0.0,0.0,0.0,0.0,0.0,0.0,0.0,0.0,0.0,1.0,0.0,1.0,0.0,0.0,0.0,0.0
TagGFP,0.04201680672268908,0.01680672268907563,0.07563025210084033,0.07142857142857142,0.04201680672268908,0.09243697478991597,0.04201680672268908,0.04201680672268908,0.07142857142857142,0.09243697478991597,0.025210084033613446,0.05042016806722689,0.04201680672268908,0.03361344537815126,0.029411764705882353,0.05042016806722689,0.06302521008403361,0.06722689075630252,0.004201680672268907,0.046218487394957986,238.0,5.334475898742675,26680.698900000018,0.0,0.0,0.0,0.0,0.0,0.0,0.0,1.0,0.0,0.0,0.0,0.0,0.0,0.0,0.0,0.0,0.0,0.0,0.0,0.0,0.0,0.0,0.0,0.0,0.0,0.0,0.0,0.0,0.0,0.0,0.0,0.0,1.0,0.0,0.0,0.0,1.0,0.0,0.0,0.0,0.0
mMaple,0.03375527426160337,0.008438818565400843,0.07172995780590717,0.08016877637130802,0.05063291139240506,0.08016877637130802,0.03375527426160337,0.06329113924050633,0.10126582278481013,0.05063291139240506,0.04219409282700422,0.0379746835443038,0.046413502109704644,0.016877637130801686,0.0379746835443038,0.05063291139240506,0.05907172995780591,0.07172995780590717,0.008438818565400843,0.05485232067510549,237.0,6.257200050354004,27245.760500000026,0.0,0.0,0.0,0.0,0.0,1.0,0.0,0.0,0.0,0.0,0.0,0.0,0.0,0.0,0.0,0.0,0.0,0.0,0.0,0.0,0.0,0.0,0.0,0.0,0.0,0.0,0.0,0.0,0.0,0.0,0.0,1.0,0.0,0.0,0.0,0.0,0.0,0.0,0.0,1.0,0.0
mNeptune684,0.040983606557377046,0.020491803278688523,0.040983606557377046,0.0778688524590164,0.045081967213114756,0.10245901639344263,0.03278688524590164,0.036885245901639344,0.09016393442622951,0.08196721311475409,0.036885245901639344,0.04918032786885246,0.04918032786885246,0.03278688524590164,0.036885245901639344,0.03278688524590164,0.0778688524590164,0.06147540983606557,0.00819672131147541,0.045081967213114756,244.0,8.167128944396975,27510.183500000017,1.0,0.0,0.0,0.0,0.0,0.0,0.0,0.0,0.0,0.0,0.0,0.0,0.0,0.0,0.0,0.0,0.0,0.0,0.0,0.0,0.0,0.0,0.0,0.0,0.0,0.0,0.0,0.0,0.0,0.0,0.0,1.0,0.0,0.0,0.0,0.0,1.0,0.0,0.0,0.0,0.0
htFuncLib_basic.1,0.028225806451612902,0.012096774193548387,0.07258064516129033,0.07258064516129033,0.04838709677419355,0.09274193548387097,0.06451612903225806,0.056451612903225805,0.07258064516129033,0.0846774193548387,0.024193548387096774,0.04838709677419355,0.04435483870967742,0.028225806451612902,0.028225806451612902,0.04435483870967742,0.06048387096774194,0.06451612903225806,0.008064516129032258,0.04435483870967742,248.0,5.770260429382325,28203.43470000003,0.0,0.0,0.0,0.0,1.0,0.0,0.0,0.0,0.0,0.0,0.0,0.0,0.0,0.0,0.0,0.0,0.0,0.0,0.0,0.0,0.0,0.0,0.0,0.0,0.0,0.0,0.0,0.0,0.0,0.0,0.0,0.0,0.0,0.0,0.0,1.0,1.0,0.0,0.0,0.0,0.0
FusionRed,0.05603448275862069,0.017241379310344827,0.04741379310344827,0.08189655172413793,0.04310344827586207,0.11637931034482758,0.02586206896551724,0.034482758620689655,0.06896551724137931,0.06465517241379311,0.04310344827586207,0.03879310344827586,0.05603448275862069,0.02586206896551724,0.034482758620689655,0.03879310344827586,0.08620689655172414,0.06896551724137931,0.008620689655172414,0.04310344827586207,232.0,5.56274127960205,25577.730799999998,1.0,0.0,0.0,0.0,0.0,0.0,0.0,0.0,0.0,0.0,0.0,0.0,0.0,0.0,0.0,0.0,0.0,0.0,0.0,0.0,0.0,0.0,0.0,0.0,0.0,0.0,0.0,0.0,0.0,0.0,0.0,1.0,0.0,0.0,0.0,0.0,1.0,0.0,0.0,0.0,0.0
mGrape1,0.057777777777777775,0.0,0.06222222222222222,0.09777777777777778,0.044444444444444446,0.10222222222222223,0.022222222222222223,0.035555555555555556,0.09777777777777778,0.06222222222222222,0.04,0.017777777777777778,0.05333333333333334,0.03111111111111111,0.04,0.057777777777777775,0.05333333333333334,0.057777777777777775,0.013333333333333334,0.05333333333333334,225.0,5.653058433532714,25428.4271,1.0,0.0,0.0,0.0,0.0,0.0,0.0,0.0,0.0,0.0,0.0,0.0,0.0,0.0,0.0,0.0,0.0,0.0,0.0,0.0,0.0,0.0,0.0,0.0,0.0,0.0,0.0,0.0,0.0,0.0,0.0,1.0,0.0,0.0,0.0,0.0,1.0,0.0,0.0,0.0,0.0
DsRed-Max,0.02666666666666667,0.0044444444444444444,0.05333333333333334,0.08444444444444445,0.057777777777777775,0.09777777777777778,0.04,0.04,0.09777777777777778,0.06222222222222222,0.03111111111111111,0.022222222222222223,0.06222222222222222,0.035555555555555556,0.02666666666666667,0.05333333333333334,0.057777777777777775,0.07555555555555556,0.013333333333333334,0.057777777777777775,225.0,6.312731742858888,25741.929700000015,1.0,0.0,0.0,0.0,0.0,0.0,0.0,0.0,0.0,0.0,0.0,0.0,0.0,0.0,0.0,0.0,0.0,0.0,0.0,0.0,0.0,0.0,0.0,0.0,0.0,0.0,0.0,0.0,0.0,0.0,0.0,0.0,0.0,1.0,0.0,0.0,1.0,0.0,0.0,0.0,0.0
SCFP2,0.03765690376569038,0.008368200836820083,0.07531380753138076,0.06694560669456066,0.0502092050209205,0.09623430962343096,0.03765690376569038,0.05439330543933055,0.08786610878661087,0.08786610878661087,0.02092050209205021,0.0502092050209205,0.04184100418410042,0.03347280334728033,0.02510460251046025,0.03347280334728033,0.07112970711297072,0.07112970711297072,0.008368200836820083,0.04184100418410042,239.0,5.713932991027832,26916.16980000002,0.0,0.0,0.0,0.0,0.0,0.0,0.0,0.0,1.0,0.0,0.0,0.0,0.0,0.0,0.0,0.0,0.0,0.0,0.0,0.0,0.0,0.0,0.0,0.0,0.0,0.0,0.0,0.0,0.0,0.0,0.0,1.0,0.0,0.0,0.0,0.0,1.0,0.0,0.0,0.0,0.0
LSSmScarlet,0.04310344827586207,0.0,0.06896551724137931,0.09482758620689655,0.04310344827586207,0.10775862068965517,0.02586206896551724,0.034482758620689655,0.08620689655172414,0.0603448275862069,0.04741379310344827,0.021551724137931036,0.05603448275862069,0.03017241379310345,0.05172413793103448,0.04310344827586207,0.06465517241379311,0.06465517241379311,0.008620689655172414,0.04741379310344827,232.0,5.613782691955566,26273.391100000004,1.0,0.0,0.0,0.0,0.0,0.0,0.0,0.0,0.0,0.0,0.0,0.0,0.0,0.0,0.0,0.0,0.0,0.0,0.0,0.0,0.0,0.0,0.0,0.0,0.0,0.0,0.0,0.0,0.0,0.0,0.0,1.0,0.0,0.0,0.0,0.0,1.0,0.0,0.0,0.0,0.0
cfSGFP2,0.03765690376569038,0.0,0.07531380753138076,0.06694560669456066,0.0502092050209205,0.09623430962343096,0.03765690376569038,0.0502092050209205,0.08786610878661087,0.08786610878661087,0.02510460251046025,0.05439330543933055,0.04184100418410042,0.03347280334728033,0.02510460251046025,0.03765690376569038,0.07112970711297072,0.07112970711297072,0.0041841004184100415,0.04602510460251046,239.0,5.714103507995605,26906.06560000002,0.0,1.0,0.0,0.0,0.0,0.0,0.0,0.0,0.0,0.0,0.0,0.0,0.0,0.0,0.0,0.0,0.0,0.0,0.0,0.0,0.0,0.0,0.0,0.0,0.0,0.0,0.0,0.0,0.0,0.0,0.0,1.0,0.0,0.0,0.0,0.0,1.0,0.0,0.0,0.0,0.0
amilFP593,0.05603448275862069,0.02586206896551724,0.0603448275862069,0.0603448275862069,0.05603448275862069,0.08620689655172414,0.04310344827586207,0.03879310344827586,0.07758620689655173,0.0603448275862069,0.04310344827586207,0.04310344827586207,0.05603448275862069,0.03017241379310345,0.034482758620689655,0.0603448275862069,0.05603448275862069,0.0603448275862069,0.017241379310344827,0.034482758620689655,232.0,6.546567344665529,26148.47530000001,0.0,0.0,0.0,0.0,0.0,0.0,0.0,0.0,0.0,0.0,0.0,1.0,0.0,0.0,0.0,0.0,0.0,0.0,0.0,0.0,0.0,0.0,0.0,0.0,0.0,0.0,0.0,0.0,0.0,0.0,0.0,0.0,0.0,1.0,0.0,0.0,1.0,0.0,0.0,0.0,0.0
FR-1,0.05603448275862069,0.017241379310344827,0.04741379310344827,0.08189655172413793,0.04310344827586207,0.11637931034482758,0.02586206896551724,0.03879310344827586,0.06896551724137931,0.05603448275862069,0.04741379310344827,0.03879310344827586,0.0603448275862069,0.02586206896551724,0.034482758620689655,0.03879310344827586,0.08620689655172414,0.06465517241379311,0.008620689655172414,0.04310344827586207,232.0,5.56274127960205,25593.753399999998,1.0,0.0,0.0,0.0,0.0,0.0,0.0,0.0,0.0,0.0,0.0,0.0,0.0,0.0,0.0,0.0,0.0,0.0,0.0,0.0,0.0,0.0,0.0,0.0,0.0,0.0,0.0,0.0,0.0,0.0,0.0,1.0,0.0,0.0,0.0,0.0,1.0,0.0,0.0,0.0,0.0
h2-3,0.029914529914529916,0.008547008547008548,0.05982905982905983,0.0641025641025641,0.05555555555555555,0.09829059829059829,0.021367521367521368,0.03418803418803419,0.10256410256410256,0.06837606837606838,0.03418803418803419,0.05555555555555555,0.05555555555555555,0.03418803418803419,0.029914529914529916,0.038461538461538464,0.07264957264957266,0.07692307692307693,0.008547008547008548,0.05128205128205128,234.0,8.314890480041505,26503.88450000002,0.0,0.0,0.0,1.0,0.0,0.0,0.0,0.0,0.0,0.0,0.0,0.0,0.0,0.0,0.0,0.0,0.0,0.0,0.0,0.0,0.0,0.0,0.0,0.0,0.0,0.0,0.0,0.0,0.0,0.0,0.0,0.0,1.0,0.0,0.0,0.0,1.0,0.0,0.0,0.0,0.0
miRFP709,0.07936507936507936,0.02857142857142857,0.04126984126984127,0.06031746031746032,0.03492063492063492,0.08571428571428572,0.044444444444444446,0.05396825396825397,0.012698412698412698,0.12698412698412698,0.025396825396825397,0.015873015873015872,0.06349206349206349,0.031746031746031744,0.07936507936507936,0.06984126984126984,0.0380952380952381,0.07936507936507936,0.0031746031746031746,0.025396825396825397,315.0,6.528663063049316,34561.60800000001,0.0,0.0,0.0,0.0,0.0,0.0,1.0,0.0,0.0,0.0,0.0,0.0,0.0,0.0,0.0,0.0,0.0,0.0,0.0,0.0,0.0,0.0,0.0,0.0,0.0,0.0,0.0,0.0,0.0,0.0,0.0,1.0,0.0,0.0,0.0,0.0,1.0,0.0,0.0,0.0,0.0
SGFP2(E222Q),0.03765690376569038,0.008368200836820083,0.07531380753138076,0.06276150627615062,0.0502092050209205,0.09623430962343096,0.03765690376569038,0.0502092050209205,0.08786610878661087,0.08786610878661087,0.02092050209205021,0.05439330543933055,0.04184100418410042,0.03765690376569038,0.02510460251046025,0.03347280334728033,0.07112970711297072,0.07112970711297072,0.0041841004184100415,0.04602510460251046,239.0,5.844264793395996,26893.09330000002,0.0,1.0,0.0,0.0,0.0,0.0,0.0,0.0,0.0,0.0,0.0,0.0,0.0,0.0,0.0,0.0,0.0,0.0,0.0,0.0,0.0,0.0,0.0,0.0,0.0,0.0,0.0,0.0,0.0,0.0,0.0,0.0,0.0,0.0,0.0,1.0,1.0,0.0,0.0,0.0,0.0
mGold,0.03765690376569038,0.008368200836820083,0.07531380753138076,0.06694560669456066,0.0502092050209205,0.100418410041841,0.03765690376569038,0.0502092050209205,0.08786610878661087,0.09205020920502092,0.02092050209205021,0.05439330543933055,0.04184100418410042,0.03347280334728033,0.02510460251046025,0.03765690376569038,0.058577405857740586,0.06694560669456066,0.0041841004184100415,0.0502092050209205,239.0,5.713932991027832,26912.094800000017,0.0,0.0,1.0,0.0,0.0,0.0,0.0,0.0,0.0,0.0,0.0,0.0,0.0,0.0,0.0,0.0,0.0,0.0,0.0,0.0,0.0,0.0,0.0,0.0,0.0,0.0,0.0,0.0,0.0,0.0,0.0,1.0,0.0,0.0,0.0,0.0,1.0,0.0,0.0,0.0,0.0
pHluorin4,0.03347280334728033,0.008368200836820083,0.0794979079497908,0.06694560669456066,0.05439330543933055,0.09205020920502092,0.0502092050209205,0.04602510460251046,0.0794979079497908,0.08368200836820083,0.02092050209205021,0.04602510460251046,0.04184100418410042,0.03347280334728033,0.029288702928870293,0.03765690376569038,0.07112970711297072,0.08368200836820083,0.0041841004184100415,0.03765690376569038,239.0,5.71035213470459,26943.072600000014,0.0,0.0,0.0,0.0,1.0,0.0,0.0,0.0,0.0,0.0,0.0,0.0,0.0,0.0,0.0,0.0,0.0,0.0,0.0,0.0,0.0,0.0,0.0,0.0,0.0,0.0,0.0,0.0,0.0,0.0,0.0,0.0,0.0,0.0,0.0,1.0,1.0,0.0,0.0,0.0,0.0
QC2-6,0.02654867256637168,0.01327433628318584,0.05309734513274336,0.07964601769911504,0.04424778761061947,0.09292035398230089,0.05752212389380531,0.04424778761061947,0.0752212389380531,0.05752212389380531,0.02654867256637168,0.03982300884955752,0.05309734513274336,0.04424778761061947,0.017699115044247787,0.06637168141592921,0.07964601769911504,0.061946902654867256,0.01327433628318584,0.05309734513274336,226.0,5.773670768737793,25609.28070000002,0.0,0.0,1.0,0.0,0.0,0.0,0.0,0.0,0.0,0.0,0.0,0.0,0.0,0.0,0.0,0.0,0.0,0.0,0.0,0.0,0.0,0.0,0.0,0.0,0.0,0.0,0.0,0.0,0.0,0.0,0.0,1.0,0.0,0.0,0.0,0.0,1.0,0.0,0.0,0.0,0.0
mCerulean2.N,0.04184100418410042,0.012552301255230125,0.07531380753138076,0.06694560669456066,0.0502092050209205,0.100418410041841,0.03347280334728033,0.05439330543933055,0.08368200836820083,0.09205020920502092,0.02092050209205021,0.05439330543933055,0.04184100418410042,0.03347280334728033,0.02092050209205021,0.03347280334728033,0.06694560669456066,0.07112970711297072,0.008368200836820083,0.03765690376569038,239.0,5.364430046081543,26688.92770000002,0.0,0.0,0.0,0.0,0.0,0.0,0.0,0.0,1.0,0.0,0.0,0.0,0.0,0.0,0.0,0.0,0.0,0.0,0.0,0.0,0.0,0.0,0.0,0.0,0.0,0.0,0.0,0.0,0.0,0.0,0.0,1.0,0.0,0.0,0.0,0.0,1.0,0.0,0.0,0.0,0.0
hmKeima8.5,0.04504504504504504,0.013513513513513514,0.04504504504504504,0.07207207207207207,0.04504504504504504,0.0990990990990991,0.03153153153153153,0.04954954954954955,0.06306306306306306,0.05405405405405406,0.04054054054054054,0.04054054054054054,0.06756756756756757,0.03153153153153153,0.04504504504504504,0.06306306306306306,0.05405405405405406,0.06756756756756757,0.013513513513513514,0.05855855855855856,222.0,6.384746742248535,25061.151800000003,0.0,0.0,0.0,1.0,0.0,0.0,0.0,0.0,0.0,0.0,0.0,0.0,0.0,0.0,0.0,0.0,0.0,0.0,0.0,0.0,0.0,0.0,0.0,0.0,0.0,0.0,0.0,0.0,0.0,0.0,0.0,1.0,0.0,0.0,0.0,0.0,1.0,0.0,0.0,0.0,0.0
roGFP1,0.03361344537815126,0.012605042016806723,0.07563025210084033,0.06722689075630252,0.05042016806722689,0.09663865546218488,0.04201680672268908,0.05042016806722689,0.08403361344537816,0.08403361344537816,0.025210084033613446,0.0546218487394958,0.04201680672268908,0.025210084033613446,0.029411764705882353,0.04201680672268908,0.06302521008403361,0.07142857142857142,0.004201680672268907,0.046218487394957986,238.0,5.795269584655761,26825.022600000022,0.0,0.0,1.0,0.0,0.0,0.0,0.0,0.0,0.0,0.0,0.0,0.0,0.0,0.0,0.0,0.0,0.0,0.0,0.0,0.0,0.0,0.0,0.0,0.0,0.0,0.0,0.0,0.0,0.0,0.0,0.0,0.0,0.0,0.0,0.0,1.0,1.0,0.0,0.0,0.0,0.0
Cerulean,0.04602510460251046,0.008368200836820083,0.0794979079497908,0.06694560669456066,0.0502092050209205,0.09205020920502092,0.03347280334728033,0.05439330543933055,0.08368200836820083,0.08786610878661087,0.02092050209205021,0.0502092050209205,0.04184100418410042,0.03347280334728033,0.02510460251046025,0.03765690376569038,0.07112970711297072,0.07112970711297072,0.008368200836820083,0.03765690376569038,239.0,5.369886589050293,26774.95420000002,0.0,0.0,0.0,0.0,0.0,0.0,0.0,0.0,1.0,0.0,0.0,0.0,0.0,0.0,0.0,0.0,0.0,0.0,0.0,0.0,0.0,0.0,0.0,0.0,0.0,0.0,0.0,0.0,0.0,0.0,0.0,0.0,0.0,0.0,1.0,0.0,1.0,0.0,0.0,0.0,0.0
TagCFP,0.05042016806722689,0.01680672268907563,0.06722689075630252,0.08403361344537816,0.046218487394957986,0.1092436974789916,0.046218487394957986,0.06302521008403361,0.06302521008403361,0.07983193277310924,0.029411764705882353,0.046218487394957986,0.04201680672268908,0.025210084033613446,0.037815126050420166,0.04201680672268908,0.04201680672268908,0.058823529411764705,0.008403361344537815,0.04201680672268908,238.0,5.340557670593261,26680.817800000015,0.0,0.0,0.0,0.0,0.0,0.0,0.0,0.0,0.0,0.0,0.0,0.0,0.0,0.0,0.0,0.0,0.0,0.0,0.0,0.0,1.0,0.0,0.0,0.0,0.0,0.0,0.0,0.0,0.0,0.0,0.0,1.0,0.0,0.0,0.0,0.0,1.0,0.0,0.0,0.0,0.0
obeGFP,0.05555555555555555,0.02564102564102564,0.05128205128205128,0.06837606837606838,0.03418803418803419,0.07264957264957266,0.038461538461538464,0.06837606837606838,0.07264957264957266,0.0641025641025641,0.029914529914529916,0.038461538461538464,0.038461538461538464,0.02564102564102564,0.042735042735042736,0.05982905982905983,0.07264957264957266,0.0811965811965812,0.004273504273504274,0.05555555555555555,234.0,6.750107765197755,26354.852500000037,0.0,0.0,0.0,0.0,0.0,0.0,0.0,1.0,0.0,0.0,0.0,0.0,0.0,0.0,0.0,0.0,0.0,0.0,0.0,0.0,0.0,0.0,0.0,0.0,0.0,0.0,0.0,0.0,0.0,0.0,0.0,0.0,0.0,0.0,0.0,1.0,1.0,0.0,0.0,0.0,0.0
GCaMP2,0.04878048780487805,0.004434589800443459,0.08425720620842572,0.07538802660753881,0.04434589800443459,0.11086474501108648,0.03547671840354767,0.04878048780487805,0.07095343680709534,0.07538802660753881,0.04434589800443459,0.04212860310421286,0.026607538802660754,0.04434589800443459,0.04212860310421286,0.04212860310421286,0.06873614190687362,0.05543237250554324,0.004434589800443459,0.031042128603104215,451.0,5.218808555603027,50390.994400000054,0.0,0.0,1.0,0.0,0.0,0.0,0.0,0.0,0.0,0.0,0.0,0.0,0.0,0.0,0.0,0.0,0.0,0.0,0.0,0.0,0.0,0.0,0.0,0.0,0.0,0.0,0.0,0.0,0.0,0.0,0.0,0.0,0.0,0.0,0.0,1.0,1.0,0.0,0.0,0.0,0.0
HcRed7,0.06167400881057269,0.02643171806167401,0.04405286343612335,0.07929515418502203,0.05726872246696035,0.09251101321585903,0.04405286343612335,0.030837004405286344,0.07048458149779736,0.06607929515418502,0.039647577092511016,0.03524229074889868,0.05286343612334802,0.01762114537444934,0.04405286343612335,0.048458149779735685,0.07048458149779736,0.05726872246696035,0.00881057268722467,0.05286343612334802,227.0,6.550432395935059,25657.89790000001,0.0,0.0,0.0,0.0,0.0,0.0,0.0,0.0,0.0,0.0,0.0,0.0,0.0,0.0,0.0,1.0,0.0,0.0,0.0,0.0,0.0,0.0,0.0,0.0,0.0,0.0,0.0,0.0,0.0,0.0,0.0,0.0,1.0,0.0,0.0,0.0,1.0,0.0,0.0,0.0,0.0
eqFP650,0.04700854700854701,0.017094017094017096,0.038461538461538464,0.07692307692307693,0.05128205128205128,0.10256410256410256,0.03418803418803419,0.038461538461538464,0.08547008547008547,0.07692307692307693,0.042735042735042736,0.038461538461538464,0.04700854700854701,0.03418803418803419,0.02564102564102564,0.0641025641025641,0.07692307692307693,0.04700854700854701,0.008547008547008548,0.04700854700854701,234.0,6.709752082824706,26176.508900000008,1.0,0.0,0.0,0.0,0.0,0.0,0.0,0.0,0.0,0.0,0.0,0.0,0.0,0.0,0.0,0.0,0.0,0.0,0.0,0.0,0.0,0.0,0.0,0.0,0.0,0.0,0.0,0.0,0.0,0.0,0.0,0.0,1.0,0.0,0.0,0.0,1.0,0.0,0.0,0.0,0.0
SCFP3B,0.04184100418410042,0.008368200836820083,0.0794979079497908,0.06694560669456066,0.0502092050209205,0.09623430962343096,0.03347280334728033,0.05439330543933055,0.08786610878661087,0.08786610878661087,0.02092050209205021,0.0502092050209205,0.04184100418410042,0.03347280334728033,0.02510460251046025,0.03347280334728033,0.07112970711297072,0.07112970711297072,0.008368200836820083,0.03765690376569038,239.0,5.493454551696778,26802.02260000002,0.0,0.0,0.0,0.0,0.0,0.0,0.0,0.0,1.0,0.0,0.0,0.0,0.0,0.0,0.0,0.0,0.0,0.0,0.0,0.0,0.0,0.0,0.0,0.0,0.0,0.0,0.0,0.0,0.0,0.0,0.0,1.0,0.0,0.0,0.0,0.0,1.0,0.0,0.0,0.0,0.0
Dendra,0.044444444444444446,0.013333333333333334,0.057777777777777775,0.07111111111111111,0.05333333333333334,0.08444444444444445,0.035555555555555556,0.044444444444444446,0.08444444444444445,0.07555555555555556,0.02666666666666667,0.05333333333333334,0.057777777777777775,0.02666666666666667,0.035555555555555556,0.04,0.06222222222222222,0.07111111111111111,0.013333333333333334,0.04888888888888889,225.0,6.44982738494873,25613.83360000002,0.0,0.0,0.0,0.0,0.0,1.0,0.0,0.0,0.0,0.0,0.0,0.0,0.0,0.0,0.0,0.0,0.0,0.0,0.0,0.0,0.0,0.0,0.0,0.0,0.0,0.0,0.0,0.0,0.0,0.0,0.0,1.0,0.0,0.0,0.0,0.0,0.0,0.0,0.0,1.0,0.0
mTurquoise2,0.03765690376569038,0.008368200836820083,0.0794979079497908,0.06694560669456066,0.05439330543933055,0.09623430962343096,0.03347280334728033,0.0502092050209205,0.08786610878661087,0.08786610878661087,0.02092050209205021,0.0502092050209205,0.04184100418410042,0.03347280334728033,0.02510460251046025,0.03765690376569038,0.06694560669456066,0.07112970711297072,0.008368200836820083,0.04184100418410042,239.0,5.493454551696778,26914.107500000016,0.0,0.0,0.0,0.0,0.0,0.0,0.0,0.0,0.0,0.0,0.0,0.0,1.0,0.0,0.0,0.0,0.0,0.0,0.0,0.0,0.0,0.0,0.0,0.0,0.0,0.0,0.0,0.0,0.0,0.0,0.0,1.0,0.0,0.0,0.0,0.0,1.0,0.0,0.0,0.0,0.0
KCY-R1,0.04017857142857143,0.013392857142857142,0.05803571428571429,0.06696428571428571,0.05803571428571429,0.11160714285714286,0.026785714285714284,0.05357142857142857,0.09375,0.05357142857142857,0.03571428571428571,0.03125,0.0625,0.013392857142857142,0.026785714285714284,0.07142857142857142,0.07589285714285714,0.049107142857142856,0.008928571428571428,0.049107142857142856,224.0,6.662689399719239,24868.939600000005,0.0,0.0,0.0,0.0,1.0,0.0,0.0,0.0,0.0,0.0,0.0,0.0,0.0,0.0,0.0,0.0,0.0,0.0,0.0,0.0,0.0,0.0,0.0,0.0,0.0,0.0,0.0,0.0,0.0,0.0,0.0,0.0,1.0,0.0,0.0,0.0,1.0,0.0,0.0,0.0,0.0
P11,0.03361344537815126,0.008403361344537815,0.07563025210084033,0.06722689075630252,0.0546218487394958,0.09243697478991597,0.04201680672268908,0.046218487394957986,0.08403361344537816,0.07983193277310924,0.025210084033613446,0.0546218487394958,0.04201680672268908,0.029411764705882353,0.029411764705882353,0.046218487394957986,0.06722689075630252,0.07142857142857142,0.004201680672268907,0.046218487394957986,238.0,5.795326423645019,26901.997400000015,0.0,0.0,0.0,0.0,1.0,0.0,0.0,0.0,0.0,0.0,0.0,0.0,0.0,0.0,0.0,0.0,0.0,0.0,0.0,0.0,0.0,0.0,0.0,0.0,0.0,0.0,0.0,0.0,0.0,0.0,0.0,0.0,0.0,0.0,0.0,1.0,1.0,0.0,0.0,0.0,0.0
StayGold,0.03225806451612903,0.02304147465437788,0.05069124423963134,0.06912442396313365,0.041474654377880185,0.08755760368663594,0.06451612903225806,0.03686635944700461,0.08294930875576037,0.059907834101382486,0.027649769585253458,0.04608294930875576,0.059907834101382486,0.04608294930875576,0.018433179723502304,0.06912442396313365,0.06912442396313365,0.05069124423963134,0.013824884792626729,0.05069124423963134,217.0,6.380142784118653,24609.274900000026,0.0,0.0,1.0,0.0,0.0,0.0,0.0,0.0,0.0,0.0,0.0,0.0,0.0,0.0,0.0,0.0,0.0,0.0,0.0,0.0,0.0,0.0,0.0,0.0,0.0,0.0,0.0,0.0,0.0,0.0,0.0,0.0,1.0,0.0,0.0,0.0,1.0,0.0,0.0,0.0,0.0
mCarmine,0.036885245901639344,0.012295081967213115,0.040983606557377046,0.0778688524590164,0.04918032786885246,0.10245901639344263,0.028688524590163935,0.03278688524590164,0.09836065573770492,0.08196721311475409,0.036885245901639344,0.045081967213114756,0.045081967213114756,0.036885245901639344,0.036885245901639344,0.036885245901639344,0.0778688524590164,0.06557377049180328,0.00819672131147541,0.04918032786885246,244.0,8.754951667785647,27652.334200000016,1.0,0.0,0.0,0.0,0.0,0.0,0.0,0.0,0.0,0.0,0.0,0.0,0.0,0.0,0.0,0.0,0.0,0.0,0.0,0.0,0.0,0.0,0.0,0.0,0.0,0.0,0.0,0.0,0.0,0.0,0.0,1.0,0.0,0.0,0.0,0.0,1.0,0.0,0.0,0.0,0.0
SAASoti,0.05405405405405406,0.02252252252252252,0.05855855855855856,0.06306306306306306,0.06306306306306306,0.08108108108108109,0.04504504504504504,0.06306306306306306,0.07657657657657657,0.05405405405405406,0.04054054054054054,0.036036036036036036,0.04504504504504504,0.036036036036036036,0.02702702702702703,0.05405405405405406,0.06756756756756757,0.05855855855855856,0.009009009009009009,0.04504504504504504,222.0,6.192176246643067,25151.398600000008,0.0,0.0,0.0,0.0,0.0,1.0,0.0,0.0,0.0,0.0,0.0,0.0,0.0,0.0,0.0,0.0,0.0,0.0,0.0,0.0,0.0,0.0,0.0,0.0,0.0,0.0,0.0,0.0,0.0,0.0,0.0,0.0,0.0,1.0,0.0,0.0,0.0,0.0,0.0,1.0,0.0
htFuncLib_acid.5,0.024193548387096774,0.012096774193548387,0.07258064516129033,0.07258064516129033,0.04838709677419355,0.09274193548387097,0.06451612903225806,0.04435483870967742,0.07258064516129033,0.0846774193548387,0.028225806451612902,0.04838709677419355,0.04435483870967742,0.028225806451612902,0.028225806451612902,0.036290322580645164,0.06451612903225806,0.08064516129032258,0.008064516129032258,0.04435483870967742,248.0,5.770260429382325,28247.553300000025,0.0,1.0,0.0,0.0,0.0,0.0,0.0,0.0,0.0,0.0,0.0,0.0,0.0,0.0,0.0,0.0,0.0,0.0,0.0,0.0,0.0,0.0,0.0,0.0,0.0,0.0,0.0,0.0,0.0,0.0,0.0,0.0,0.0,0.0,0.0,1.0,1.0,0.0,0.0,0.0,0.0
asFP499,0.039473684210526314,0.021929824561403508,0.039473684210526314,0.07456140350877193,0.04824561403508772,0.09210526315789473,0.03508771929824561,0.043859649122807015,0.08333333333333333,0.08333333333333333,0.03070175438596491,0.02631578947368421,0.06140350877192982,0.039473684210526314,0.021929824561403508,0.07894736842105263,0.07017543859649122,0.06140350877192982,0.013157894736842105,0.03508771929824561,228.0,6.447383308410643,25368.697900000017,0.0,0.0,0.0,1.0,0.0,0.0,0.0,0.0,0.0,0.0,0.0,0.0,0.0,0.0,0.0,0.0,0.0,0.0,0.0,0.0,0.0,0.0,0.0,0.0,0.0,0.0,0.0,0.0,0.0,0.0,0.0,0.0,1.0,0.0,0.0,0.0,1.0,0.0,0.0,0.0,0.0
pHmScarlet,0.03879310344827586,0.004310344827586207,0.0603448275862069,0.09051724137931035,0.04741379310344827,0.10775862068965517,0.021551724137931036,0.034482758620689655,0.09051724137931035,0.0603448275862069,0.04310344827586207,0.021551724137931036,0.05603448275862069,0.034482758620689655,0.04741379310344827,0.04741379310344827,0.06465517241379311,0.06465517241379311,0.01293103448275862,0.05172413793103448,232.0,6.017396354675292,26361.582000000006,1.0,0.0,0.0,0.0,0.0,0.0,0.0,0.0,0.0,0.0,0.0,0.0,0.0,0.0,0.0,0.0,0.0,0.0,0.0,0.0,0.0,0.0,0.0,0.0,0.0,0.0,0.0,0.0,0.0,0.0,0.0,0.0,0.0,0.0,0.0,1.0,1.0,0.0,0.0,0.0,0.0
iRFP670,0.1189710610932476,0.01929260450160772,0.05466237942122187,0.05787781350482315,0.04501607717041801,0.06430868167202572,0.04501607717041801,0.06752411575562701,0.01929260450160772,0.10610932475884244,0.028938906752411574,0.01607717041800643,0.04823151125401929,0.03536977491961415,0.09003215434083602,0.07717041800643087,0.03858520900321544,0.04180064308681672,0.006430868167202572,0.01929260450160772,311.0,6.923125648498535,34482.13620000005,0.0,0.0,0.0,0.0,0.0,0.0,1.0,0.0,0.0,0.0,0.0,0.0,0.0,0.0,0.0,0.0,0.0,0.0,0.0,0.0,0.0,0.0,0.0,0.0,0.0,0.0,0.0,0.0,0.0,0.0,0.0,0.0,1.0,0.0,0.0,0.0,1.0,0.0,0.0,0.0,0.0
Katushka-9-5,0.042735042735042736,0.017094017094017096,0.042735042735042736,0.07692307692307693,0.05128205128205128,0.09829059829059829,0.03418803418803419,0.038461538461538464,0.08547008547008547,0.07692307692307693,0.04700854700854701,0.038461538461538464,0.04700854700854701,0.03418803418803419,0.02564102564102564,0.0641025641025641,0.07692307692307693,0.04700854700854701,0.008547008547008548,0.04700854700854701,234.0,6.450907325744628,26294.663100000005,1.0,0.0,0.0,0.0,0.0,0.0,0.0,0.0,0.0,0.0,0.0,0.0,0.0,0.0,0.0,0.0,0.0,0.0,0.0,0.0,0.0,0.0,0.0,0.0,0.0,0.0,0.0,0.0,0.0,0.0,0.0,0.0,1.0,0.0,0.0,0.0,1.0,0.0,0.0,0.0,0.0
sg25,0.03765690376569038,0.012552301255230125,0.07531380753138076,0.06694560669456066,0.0502092050209205,0.09205020920502092,0.04184100418410042,0.04602510460251046,0.0794979079497908,0.08368200836820083,0.02510460251046025,0.058577405857740586,0.04184100418410042,0.029288702928870293,0.029288702928870293,0.04184100418410042,0.06694560669456066,0.07112970711297072,0.0041841004184100415,0.04602510460251046,239.0,5.670394325256347,26941.05500000002,0.0,0.0,0.0,0.0,0.0,0.0,0.0,1.0,0.0,0.0,0.0,0.0,0.0,0.0,0.0,0.0,0.0,0.0,0.0,0.0,0.0,0.0,0.0,0.0,0.0,0.0,0.0,0.0,0.0,0.0,0.0,0.0,0.0,0.0,0.0,1.0,1.0,0.0,0.0,0.0,0.0
GFPxm181uv,0.029411764705882353,0.012605042016806723,0.06722689075630252,0.07563025210084033,0.058823529411764705,0.10504201680672269,0.05042016806722689,0.06302521008403361,0.07563025210084033,0.07983193277310924,0.03361344537815126,0.0546218487394958,0.04201680672268908,0.025210084033613446,0.03361344537815126,0.03361344537815126,0.0546218487394958,0.058823529411764705,0.004201680672268907,0.04201680672268908,238.0,5.823973274230957,27016.34640000002,0.0,0.0,0.0,0.0,1.0,0.0,0.0,0.0,0.0,0.0,0.0,0.0,0.0,0.0,0.0,0.0,0.0,0.0,0.0,0.0,0.0,0.0,0.0,0.0,0.0,0.0,0.0,0.0,0.0,0.0,0.0,1.0,0.0,0.0,0.0,0.0,1.0,0.0,0.0,0.0,0.0
FPrfl2.3,0.03896103896103896,0.017316017316017316,0.06060606060606061,0.06060606060606061,0.05194805194805195,0.09523809523809523,0.021645021645021644,0.047619047619047616,0.09090909090909091,0.06926406926406926,0.03463203463203463,0.047619047619047616,0.05194805194805195,0.03896103896103896,0.025974025974025976,0.05194805194805195,0.05194805194805195,0.0735930735930736,0.008658008658008658,0.05194805194805195,231.0,6.524456977844238,25919.30320000001,0.0,0.0,0.0,1.0,0.0,0.0,0.0,0.0,0.0,0.0,0.0,0.0,0.0,0.0,0.0,0.0,0.0,0.0,0.0,0.0,0.0,0.0,0.0,0.0,0.0,0.0,0.0,0.0,0.0,0.0,0.0,0.0,0.0,0.0,0.0,1.0,1.0,0.0,0.0,0.0,0.0
mEos4b-L93M,0.05726872246696035,0.00881057268722467,0.07488986784140969,0.06167400881057269,0.05726872246696035,0.09251101321585903,0.039647577092511016,0.04405286343612335,0.0881057268722467,0.05726872246696035,0.039647577092511016,0.05286343612334802,0.048458149779735685,0.01762114537444934,0.048458149779735685,0.030837004405286344,0.05726872246696035,0.06167400881057269,0.00881057268722467,0.05286343612334802,227.0,7.127348136901856,25915.102700000018,0.0,0.0,0.0,0.0,0.0,1.0,0.0,0.0,0.0,0.0,0.0,0.0,0.0,0.0,0.0,0.0,0.0,0.0,0.0,0.0,0.0,0.0,0.0,0.0,0.0,0.0,0.0,0.0,0.0,0.0,0.0,1.0,0.0,0.0,0.0,0.0,0.0,0.0,0.0,1.0,0.0
shBFP-N158K/L173I,0.05726872246696035,0.030837004405286344,0.05286343612334802,0.07048458149779736,0.05726872246696035,0.09251101321585903,0.030837004405286344,0.048458149779735685,0.07488986784140969,0.07488986784140969,0.039647577092511016,0.030837004405286344,0.05726872246696035,0.01762114537444934,0.048458149779735685,0.048458149779735685,0.07048458149779736,0.048458149779735685,0.00881057268722467,0.039647577092511016,227.0,7.033847999572752,25509.02640000001,0.0,0.0,0.0,0.0,0.0,0.0,0.0,0.0,0.0,0.0,0.0,0.0,0.0,0.0,0.0,0.0,0.0,0.0,0.0,1.0,0.0,0.0,0.0,0.0,0.0,0.0,0.0,0.0,0.0,0.0,0.0,0.0,0.0,0.0,0.0,1.0,1.0,0.0,0.0,0.0,0.0
htFuncLib_photostable.1,0.03225806451612903,0.016129032258064516,0.07258064516129033,0.07258064516129033,0.04838709677419355,0.09274193548387097,0.06854838709677419,0.04838709677419355,0.07258064516129033,0.0846774193548387,0.028225806451612902,0.04838709677419355,0.04435483870967742,0.028225806451612902,0.028225806451612902,0.04032258064516129,0.056451612903225805,0.06451612903225806,0.008064516129032258,0.04435483870967742,248.0,5.822040748596191,28231.49440000003,0.0,0.0,0.0,0.0,1.0,0.0,0.0,0.0,0.0,0.0,0.0,0.0,0.0,0.0,0.0,0.0,0.0,0.0,0.0,0.0,0.0,0.0,0.0,0.0,0.0,0.0,0.0,0.0,0.0,0.0,0.0,0.0,0.0,0.0,0.0,1.0,1.0,0.0,0.0,0.0,0.0
mUkG,0.05357142857142857,0.013392857142857142,0.06696428571428571,0.06696428571428571,0.049107142857142856,0.07589285714285714,0.03125,0.05357142857142857,0.08928571428571429,0.06696428571428571,0.044642857142857144,0.05357142857142857,0.05357142857142857,0.026785714285714284,0.04017857142857143,0.05357142857142857,0.044642857142857144,0.05357142857142857,0.008928571428571428,0.05357142857142857,224.0,6.659108543395997,25607.91690000001,0.0,0.0,0.0,1.0,0.0,0.0,0.0,0.0,0.0,0.0,0.0,0.0,0.0,0.0,0.0,0.0,0.0,0.0,0.0,0.0,0.0,0.0,0.0,0.0,0.0,0.0,0.0,0.0,0.0,0.0,0.0,1.0,0.0,0.0,0.0,0.0,1.0,0.0,0.0,0.0,0.0
moxNeonGreen,0.059322033898305086,0.0,0.05508474576271186,0.05084745762711865,0.05084745762711865,0.09322033898305085,0.029661016949152543,0.029661016949152543,0.07627118644067797,0.05508474576271186,0.046610169491525424,0.05084745762711865,0.05084745762711865,0.038135593220338986,0.029661016949152543,0.06779661016949153,0.08898305084745763,0.046610169491525424,0.01694915254237288,0.0635593220338983,236.0,7.063972663879395,26633.58240000002,0.0,0.0,1.0,0.0,0.0,0.0,0.0,0.0,0.0,0.0,0.0,0.0,0.0,0.0,0.0,0.0,0.0,0.0,0.0,0.0,0.0,0.0,0.0,0.0,0.0,0.0,0.0,0.0,0.0,0.0,0.0,1.0,0.0,0.0,0.0,0.0,1.0,0.0,0.0,0.0,0.0
GFPxm19uv,0.029411764705882353,0.012605042016806723,0.06722689075630252,0.07563025210084033,0.06302521008403361,0.10504201680672269,0.046218487394957986,0.06302521008403361,0.07563025210084033,0.07563025210084033,0.03361344537815126,0.0546218487394958,0.04201680672268908,0.025210084033613446,0.03361344537815126,0.03361344537815126,0.058823529411764705,0.058823529411764705,0.004201680672268907,0.04201680672268908,238.0,5.755254936218263,27014.327200000018,0.0,0.0,0.0,0.0,1.0,0.0,0.0,0.0,0.0,0.0,0.0,0.0,0.0,0.0,0.0,0.0,0.0,0.0,0.0,0.0,0.0,0.0,0.0,0.0,0.0,0.0,0.0,0.0,0.0,0.0,0.0,1.0,0.0,0.0,0.0,0.0,1.0,0.0,0.0,0.0,0.0
emiRFP670,0.07419354838709677,0.03225806451612903,0.04516129032258064,0.06451612903225806,0.02903225806451613,0.08064516129032258,0.03870967741935484,0.04838709677419355,0.012903225806451613,0.13548387096774195,0.025806451612903226,0.012903225806451613,0.06451612903225806,0.035483870967741936,0.08387096774193549,0.06129032258064516,0.041935483870967745,0.08387096774193549,0.0032258064516129032,0.025806451612903226,310.0,6.307559394836426,34193.282999999996,0.0,0.0,0.0,0.0,0.0,0.0,1.0,0.0,0.0,0.0,0.0,0.0,0.0,0.0,0.0,0.0,0.0,0.0,0.0,0.0,0.0,0.0,0.0,0.0,0.0,0.0,0.0,0.0,0.0,0.0,0.0,1.0,0.0,0.0,0.0,0.0,1.0,0.0,0.0,0.0,0.0
SGFP2(T65G),0.03765690376569038,0.008368200836820083,0.07531380753138076,0.06694560669456066,0.0502092050209205,0.100418410041841,0.03765690376569038,0.0502092050209205,0.08786610878661087,0.08786610878661087,0.02092050209205021,0.05439330543933055,0.04184100418410042,0.03347280334728033,0.02510460251046025,0.03347280334728033,0.06694560669456066,0.07112970711297072,0.0041841004184100415,0.04602510460251046,239.0,5.713932991027832,26850.025500000018,0.0,0.0,1.0,0.0,0.0,0.0,0.0,0.0,0.0,0.0,0.0,0.0,0.0,0.0,0.0,0.0,0.0,0.0,0.0,0.0,0.0,0.0,0.0,0.0,0.0,0.0,0.0,0.0,0.0,0.0,0.0,1.0,0.0,0.0,0.0,0.0,1.0,0.0,0.0,0.0,0.0
htFuncLib_thermo.6,0.03225806451612903,0.012096774193548387,0.07258064516129033,0.07258064516129033,0.04838709677419355,0.09274193548387097,0.06854838709677419,0.056451612903225805,0.07258064516129033,0.08064516129032258,0.028225806451612902,0.04838709677419355,0.04435483870967742,0.028225806451612902,0.028225806451612902,0.04032258064516129,0.056451612903225805,0.06451612903225806,0.008064516129032258,0.04435483870967742,248.0,5.822097587585449,28241.50910000003,0.0,0.0,0.0,0.0,1.0,0.0,0.0,0.0,0.0,0.0,0.0,0.0,0.0,0.0,0.0,0.0,0.0,0.0,0.0,0.0,0.0,0.0,0.0,0.0,0.0,0.0,0.0,0.0,0.0,0.0,0.0,0.0,0.0,0.0,0.0,1.0,1.0,0.0,0.0,0.0,0.0
McaG1,0.048458149779735685,0.013215859030837005,0.08370044052863436,0.05726872246696035,0.05726872246696035,0.08370044052863436,0.02643171806167401,0.05286343612334802,0.10572687224669604,0.05286343612334802,0.04405286343612335,0.030837004405286344,0.05726872246696035,0.02643171806167401,0.039647577092511016,0.022026431718061675,0.05286343612334802,0.07929515418502203,0.00881057268722467,0.05726872246696035,227.0,7.671467781066895,26060.71600000001,0.0,0.0,0.0,0.0,0.0,0.0,0.0,0.0,0.0,0.0,0.0,1.0,0.0,0.0,0.0,0.0,0.0,0.0,0.0,0.0,0.0,0.0,0.0,0.0,0.0,0.0,0.0,0.0,0.0,0.0,0.0,0.0,0.0,0.0,0.0,1.0,1.0,0.0,0.0,0.0,0.0
mNectarine,0.046610169491525424,0.00847457627118644,0.0635593220338983,0.1016949152542373,0.038135593220338986,0.1059322033898305,0.029661016949152543,0.0423728813559322,0.0847457627118644,0.0635593220338983,0.038135593220338986,0.029661016949152543,0.05084745762711865,0.029661016949152543,0.038135593220338986,0.046610169491525424,0.05508474576271186,0.06779661016949153,0.012711864406779662,0.046610169491525424,236.0,5.257118034362793,26593.685000000012,0.0,0.0,0.0,0.0,0.0,0.0,0.0,1.0,0.0,0.0,0.0,0.0,0.0,0.0,0.0,0.0,0.0,0.0,0.0,0.0,0.0,0.0,0.0,0.0,0.0,0.0,0.0,0.0,0.0,0.0,0.0,1.0,0.0,0.0,0.0,0.0,1.0,0.0,0.0,0.0,0.0
ppluGFP1,0.05405405405405406,0.0045045045045045045,0.03153153153153153,0.06306306306306306,0.07657657657657657,0.12162162162162163,0.04954954954954955,0.04954954954954955,0.04054054054054054,0.05855855855855856,0.036036036036036036,0.04504504504504504,0.04054054054054054,0.013513513513513514,0.04504504504504504,0.07657657657657657,0.06306306306306306,0.07657657657657657,0.0,0.05405405405405406,222.0,6.589480781555175,24557.455400000006,0.0,0.0,1.0,0.0,0.0,0.0,0.0,0.0,0.0,0.0,0.0,0.0,0.0,0.0,0.0,0.0,0.0,0.0,0.0,0.0,0.0,0.0,0.0,0.0,0.0,0.0,0.0,0.0,0.0,0.0,0.0,0.0,0.0,0.0,0.0,1.0,1.0,0.0,0.0,0.0,0.0
PAmCherry2,0.0423728813559322,0.0,0.059322033898305086,0.1016949152542373,0.046610169491525424,0.1059322033898305,0.025423728813559324,0.03389830508474576,0.09745762711864407,0.0635593220338983,0.038135593220338986,0.03389830508474576,0.05084745762711865,0.029661016949152543,0.03389830508474576,0.046610169491525424,0.0635593220338983,0.0635593220338983,0.012711864406779662,0.05084745762711865,236.0,5.491237831115721,26740.810800000014,1.0,0.0,0.0,0.0,0.0,0.0,0.0,0.0,0.0,0.0,0.0,0.0,0.0,0.0,0.0,0.0,0.0,0.0,0.0,0.0,0.0,0.0,0.0,0.0,0.0,0.0,0.0,0.0,0.0,0.0,0.0,1.0,0.0,0.0,0.0,0.0,0.0,0.0,1.0,0.0,0.0
asulCP,0.05603448275862069,0.03017241379310345,0.03879310344827586,0.07758620689655173,0.0603448275862069,0.10775862068965517,0.03879310344827586,0.04310344827586207,0.08620689655172414,0.0603448275862069,0.034482758620689655,0.02586206896551724,0.05603448275862069,0.02586206896551724,0.03017241379310345,0.04741379310344827,0.07758620689655173,0.04741379310344827,0.008620689655172414,0.04741379310344827,232.0,7.099838066101075,25918.307500000003,1.0,0.0,0.0,0.0,0.0,0.0,0.0,0.0,0.0,0.0,0.0,0.0,0.0,0.0,0.0,0.0,0.0,0.0,0.0,0.0,0.0,0.0,0.0,0.0,0.0,0.0,0.0,0.0,0.0,0.0,0.0,0.0,0.0,0.0,0.0,1.0,1.0,0.0,0.0,0.0,0.0
miRFP720,0.11708860759493671,0.015822784810126583,0.056962025316455694,0.06329113924050633,0.0379746835443038,0.06962025316455696,0.03164556962025317,0.08227848101265822,0.012658227848101266,0.09177215189873418,0.02531645569620253,0.022151898734177215,0.06645569620253164,0.03164556962025317,0.08544303797468354,0.05063291139240506,0.05063291139240506,0.06329113924050633,0.006329113924050633,0.0189873417721519,316.0,5.8250532150268555,34677.41920000002,0.0,0.0,0.0,0.0,0.0,0.0,1.0,0.0,0.0,0.0,0.0,0.0,0.0,0.0,0.0,0.0,0.0,0.0,0.0,0.0,0.0,0.0,0.0,0.0,0.0,0.0,0.0,0.0,0.0,0.0,0.0,1.0,0.0,0.0,0.0,0.0,1.0,0.0,0.0,0.0,0.0
Citrine2,0.03765690376569038,0.008368200836820083,0.07112970711297072,0.07112970711297072,0.05439330543933055,0.100418410041841,0.04184100418410042,0.0502092050209205,0.0794979079497908,0.08786610878661087,0.02092050209205021,0.0502092050209205,0.04184100418410042,0.03347280334728033,0.02510460251046025,0.03347280334728033,0.07112970711297072,0.06694560669456066,0.0041841004184100415,0.0502092050209205,239.0,5.554385948181152,26943.064100000014,0.0,0.0,1.0,0.0,0.0,0.0,0.0,0.0,0.0,0.0,0.0,0.0,0.0,0.0,0.0,0.0,0.0,0.0,0.0,0.0,0.0,0.0,0.0,0.0,0.0,0.0,0.0,0.0,0.0,0.0,0.0,0.0,1.0,0.0,0.0,0.0,1.0,0.0,0.0,0.0,0.0
rsFastLime,0.049107142857142856,0.017857142857142856,0.07142857142857142,0.07142857142857142,0.049107142857142856,0.09375,0.04017857142857143,0.049107142857142856,0.08928571428571429,0.05803571428571429,0.03125,0.049107142857142856,0.05357142857142857,0.022321428571428572,0.03571428571428571,0.044642857142857144,0.03571428571428571,0.07142857142857142,0.008928571428571428,0.05803571428571429,224.0,6.14011173248291,25438.52360000002,0.0,0.0,0.0,0.0,0.0,0.0,0.0,1.0,0.0,0.0,0.0,0.0,0.0,0.0,0.0,0.0,0.0,0.0,0.0,0.0,0.0,0.0,0.0,0.0,0.0,0.0,0.0,0.0,0.0,0.0,0.0,0.0,0.0,1.0,0.0,0.0,0.0,1.0,0.0,0.0,0.0
SNIFP,0.11875,0.009375,0.03125,0.065625,0.028125,0.071875,0.0375,0.025,0.00625,0.146875,0.021875,0.021875,0.09375,0.046875,0.065625,0.046875,0.071875,0.059375,0.0125,0.01875,320.0,5.834374809265137,34724.40140000001,0.0,0.0,0.0,0.0,0.0,0.0,1.0,0.0,0.0,0.0,0.0,0.0,0.0,0.0,0.0,0.0,0.0,0.0,0.0,0.0,0.0,0.0,0.0,0.0,0.0,0.0,0.0,0.0,0.0,0.0,0.0,1.0,0.0,0.0,0.0,0.0,1.0,0.0,0.0,0.0,0.0
htFuncLib_bleach.5,0.028225806451612902,0.012096774193548387,0.07258064516129033,0.07258064516129033,0.04838709677419355,0.09274193548387097,0.06854838709677419,0.056451612903225805,0.07258064516129033,0.0846774193548387,0.028225806451612902,0.04838709677419355,0.04435483870967742,0.028225806451612902,0.028225806451612902,0.04032258064516129,0.056451612903225805,0.06451612903225806,0.008064516129032258,0.04435483870967742,248.0,5.822097587585449,28283.588800000027,0.0,0.0,0.0,0.0,1.0,0.0,0.0,0.0,0.0,0.0,0.0,0.0,0.0,0.0,0.0,0.0,0.0,0.0,0.0,0.0,0.0,0.0,0.0,0.0,0.0,0.0,0.0,0.0,0.0,0.0,0.0,0.0,0.0,0.0,0.0,1.0,1.0,0.0,0.0,0.0,0.0
pcStar,0.05752212389380531,0.01327433628318584,0.07079646017699115,0.06637168141592921,0.061946902654867256,0.09734513274336283,0.03982300884955752,0.04424778761061947,0.09292035398230089,0.05752212389380531,0.03982300884955752,0.048672566371681415,0.048672566371681415,0.017699115044247787,0.04424778761061947,0.035398230088495575,0.05309734513274336,0.05309734513274336,0.008849557522123894,0.048672566371681415,226.0,7.121777915954591,25718.919500000015,0.0,0.0,0.0,0.0,0.0,1.0,0.0,0.0,0.0,0.0,0.0,0.0,0.0,0.0,0.0,0.0,0.0,0.0,0.0,0.0,0.0,0.0,0.0,0.0,0.0,0.0,0.0,0.0,0.0,0.0,0.0,1.0,0.0,0.0,0.0,0.0,0.0,0.0,0.0,1.0,0.0
ZsYellow1,0.05194805194805195,0.03463203463203463,0.05194805194805195,0.06060606060606061,0.05627705627705628,0.08658008658008658,0.03463203463203463,0.06493506493506493,0.09523809523809523,0.05627705627705628,0.03896103896103896,0.03896103896103896,0.05194805194805195,0.030303030303030304,0.025974025974025976,0.05627705627705628,0.04329004329004329,0.06060606060606061,0.017316017316017316,0.04329004329004329,231.0,8.04689540863037,26138.879200000003,0.0,0.0,0.0,0.0,0.0,0.0,0.0,0.0,0.0,0.0,0.0,0.0,0.0,1.0,0.0,0.0,0.0,0.0,0.0,0.0,0.0,0.0,0.0,0.0,0.0,0.0,0.0,0.0,0.0,0.0,0.0,0.0,0.0,1.0,0.0,0.0,1.0,0.0,0.0,0.0,0.0
CAR-GECO1,0.05995203836930456,0.002398081534772182,0.0815347721822542,0.10071942446043165,0.047961630695443645,0.10071942446043165,0.02158273381294964,0.05515587529976019,0.07673860911270983,0.05515587529976019,0.04316546762589928,0.02877697841726619,0.0407673860911271,0.03117505995203837,0.047961630695443645,0.045563549160671464,0.05515587529976019,0.06474820143884892,0.009592326139088728,0.03117505995203837,417.0,4.884538459777832,46808.11060000012,1.0,0.0,0.0,0.0,0.0,0.0,0.0,0.0,0.0,0.0,0.0,0.0,0.0,0.0,0.0,0.0,0.0,0.0,0.0,0.0,0.0,0.0,0.0,0.0,0.0,0.0,0.0,0.0,0.0,0.0,0.0,0.0,0.0,0.0,0.0,1.0,1.0,0.0,0.0,0.0,0.0
GRvT,0.029661016949152543,0.0,0.05508474576271186,0.09110169491525423,0.04449152542372881,0.10805084745762712,0.029661016949152543,0.038135593220338986,0.09322033898305085,0.07203389830508475,0.046610169491525424,0.01694915254237288,0.05508474576271186,0.03177966101694915,0.04025423728813559,0.05084745762711865,0.059322033898305086,0.0635593220338983,0.012711864406779662,0.0614406779661017,472.0,6.205192375183105,53958.843900000014,1.0,0.0,0.0,0.0,0.0,0.0,0.0,0.0,0.0,0.0,0.0,0.0,0.0,0.0,0.0,0.0,0.0,0.0,0.0,0.0,0.0,0.0,0.0,0.0,0.0,0.0,0.0,0.0,0.0,0.0,0.0,0.0,0.0,0.0,0.0,1.0,1.0,0.0,0.0,0.0,0.0
RDSmCherry0.2,0.046610169491525424,0.00423728813559322,0.059322033898305086,0.1016949152542373,0.0423728813559322,0.11440677966101695,0.025423728813559324,0.03389830508474576,0.1016949152542373,0.05508474576271186,0.0423728813559322,0.029661016949152543,0.05084745762711865,0.029661016949152543,0.03389830508474576,0.05084745762711865,0.05084745762711865,0.059322033898305086,0.012711864406779662,0.05508474576271186,236.0,5.624241065979004,26648.718700000005,1.0,0.0,0.0,0.0,0.0,0.0,0.0,0.0,0.0,0.0,0.0,0.0,0.0,0.0,0.0,0.0,0.0,0.0,0.0,0.0,0.0,0.0,0.0,0.0,0.0,0.0,0.0,0.0,0.0,0.0,0.0,1.0,0.0,0.0,0.0,0.0,1.0,0.0,0.0,0.0,0.0
SuperNova Red,0.05063291139240506,0.02531645569620253,0.08438818565400844,0.05063291139240506,0.07172995780590717,0.08438818565400844,0.05063291139240506,0.07172995780590717,0.0379746835443038,0.029535864978902954,0.0379746835443038,0.02531645569620253,0.06329113924050633,0.0379746835443038,0.046413502109704644,0.06329113924050633,0.08438818565400844,0.06329113924050633,0.004219409282700422,0.016877637130801686,237.0,5.363918495178221,26346.327099999995,0.0,0.0,0.0,1.0,0.0,0.0,0.0,0.0,0.0,0.0,0.0,0.0,0.0,0.0,0.0,0.0,0.0,0.0,0.0,0.0,0.0,0.0,0.0,0.0,0.0,0.0,0.0,0.0,0.0,0.0,0.0,1.0,0.0,0.0,0.0,0.0,1.0,0.0,0.0,0.0,0.0
SiriusGFP,0.03347280334728033,0.008368200836820083,0.07531380753138076,0.06694560669456066,0.04602510460251046,0.09205020920502092,0.03765690376569038,0.0502092050209205,0.08786610878661087,0.08786610878661087,0.02092050209205021,0.05439330543933055,0.04184100418410042,0.03347280334728033,0.03347280334728033,0.03347280334728033,0.07531380753138076,0.07531380753138076,0.0041841004184100415,0.04184100418410042,239.0,5.991534614562987,26968.208200000023,0.0,1.0,0.0,0.0,0.0,0.0,0.0,0.0,0.0,0.0,0.0,0.0,0.0,0.0,0.0,0.0,0.0,0.0,0.0,0.0,0.0,0.0,0.0,0.0,0.0,0.0,0.0,0.0,0.0,0.0,0.0,1.0,0.0,0.0,0.0,0.0,1.0,0.0,0.0,0.0,0.0
iFP1.4,0.12461059190031153,0.009345794392523364,0.03115264797507788,0.06230529595015576,0.028037383177570093,0.07476635514018691,0.037383177570093455,0.024922118380062305,0.009345794392523364,0.14018691588785046,0.024922118380062305,0.021806853582554516,0.09345794392523364,0.04984423676012461,0.06542056074766354,0.040498442367601244,0.07165109034267912,0.059190031152647975,0.012461059190031152,0.018691588785046728,321.0,6.050533485412598,34781.5222,0.0,0.0,0.0,0.0,0.0,0.0,1.0,0.0,0.0,0.0,0.0,0.0,0.0,0.0,0.0,0.0,0.0,0.0,0.0,0.0,0.0,0.0,0.0,0.0,0.0,0.0,0.0,0.0,0.0,0.0,0.0,1.0,0.0,0.0,0.0,0.0,1.0,0.0,0.0,0.0,0.0
Topaz,0.037815126050420166,0.008403361344537815,0.07563025210084033,0.06722689075630252,0.0546218487394958,0.09663865546218488,0.037815126050420166,0.05042016806722689,0.07983193277310924,0.08403361344537816,0.025210084033613446,0.0546218487394958,0.04201680672268908,0.029411764705882353,0.03361344537815126,0.037815126050420166,0.058823529411764705,0.07142857142857142,0.004201680672268907,0.05042016806722689,238.0,5.713932991027832,26934.126700000015,0.0,0.0,1.0,0.0,0.0,0.0,0.0,0.0,0.0,0.0,0.0,0.0,0.0,0.0,0.0,0.0,0.0,0.0,0.0,0.0,0.0,0.0,0.0,0.0,0.0,0.0,0.0,0.0,0.0,0.0,0.0,0.0,0.0,0.0,1.0,0.0,1.0,0.0,0.0,0.0,0.0
PS-CFP2,0.0546218487394958,0.008403361344537815,0.07142857142857142,0.06302521008403361,0.05042016806722689,0.08823529411764706,0.03361344537815126,0.058823529411764705,0.07563025210084033,0.07563025210084033,0.025210084033613446,0.058823529411764705,0.04201680672268908,0.029411764705882353,0.029411764705882353,0.046218487394957986,0.07142857142857142,0.06302521008403361,0.004201680672268907,0.05042016806722689,238.0,5.610201835632325,26684.770100000016,0.0,0.0,0.0,0.0,1.0,0.0,0.0,0.0,0.0,0.0,0.0,0.0,0.0,0.0,0.0,0.0,0.0,0.0,0.0,0.0,0.0,0.0,0.0,0.0,0.0,0.0,0.0,0.0,0.0,0.0,0.0,1.0,0.0,0.0,0.0,0.0,0.0,0.0,0.0,1.0,0.0
eqFP611 V124T,0.03463203463203463,0.017316017316017316,0.047619047619047616,0.0735930735930736,0.0735930735930736,0.10822510822510822,0.025974025974025976,0.021645021645021644,0.0735930735930736,0.06060606060606061,0.06060606060606061,0.03896103896103896,0.04329004329004329,0.030303030303030304,0.03896103896103896,0.05627705627705628,0.0735930735930736,0.0735930735930736,0.008658008658008658,0.03896103896103896,231.0,6.315573692321778,26054.477800000004,1.0,0.0,0.0,0.0,0.0,0.0,0.0,0.0,0.0,0.0,0.0,0.0,0.0,0.0,0.0,0.0,0.0,0.0,0.0,0.0,0.0,0.0,0.0,0.0,0.0,0.0,0.0,0.0,0.0,0.0,0.0,0.0,1.0,0.0,0.0,0.0,1.0,0.0,0.0,0.0,0.0
Gamillus0.1,0.0603448275862069,0.017241379310344827,0.04741379310344827,0.05172413793103448,0.05172413793103448,0.09051724137931035,0.04310344827586207,0.05172413793103448,0.06896551724137931,0.0603448275862069,0.03017241379310345,0.03879310344827586,0.0603448275862069,0.04741379310344827,0.03017241379310345,0.05603448275862069,0.09913793103448276,0.05603448275862069,0.008620689655172414,0.03017241379310345,232.0,7.146559715270995,25637.776300000005,0.0,0.0,0.0,1.0,0.0,0.0,0.0,0.0,0.0,0.0,0.0,0.0,0.0,0.0,0.0,0.0,0.0,0.0,0.0,0.0,0.0,0.0,0.0,0.0,0.0,0.0,0.0,0.0,0.0,0.0,0.0,1.0,0.0,0.0,0.0,0.0,1.0,0.0,0.0,0.0,0.0
KCY-R1-38H,0.04017857142857143,0.013392857142857142,0.05803571428571429,0.06696428571428571,0.05803571428571429,0.11160714285714286,0.03125,0.05357142857142857,0.09375,0.05357142857142857,0.03571428571428571,0.03125,0.0625,0.008928571428571428,0.026785714285714284,0.07142857142857142,0.07589285714285714,0.049107142857142856,0.008928571428571428,0.049107142857142856,224.0,6.72424602508545,24877.949700000005,0.0,0.0,0.0,0.0,1.0,0.0,0.0,0.0,0.0,0.0,0.0,0.0,0.0,0.0,0.0,0.0,0.0,0.0,0.0,0.0,0.0,0.0,0.0,0.0,0.0,0.0,0.0,0.0,0.0,0.0,0.0,0.0,0.0,0.0,0.0,1.0,1.0,0.0,0.0,0.0,0.0
Lime,0.03347280334728033,0.0,0.0794979079497908,0.06694560669456066,0.05439330543933055,0.09205020920502092,0.04184100418410042,0.04602510460251046,0.08368200836820083,0.08368200836820083,0.02092050209205021,0.0502092050209205,0.04184100418410042,0.029288702928870293,0.03347280334728033,0.04184100418410042,0.08368200836820083,0.07531380753138076,0.0041841004184100415,0.03765690376569038,239.0,5.797713661193847,26924.966600000018,0.0,1.0,0.0,0.0,0.0,0.0,0.0,0.0,0.0,0.0,0.0,0.0,0.0,0.0,0.0,0.0,0.0,0.0,0.0,0.0,0.0,0.0,0.0,0.0,0.0,0.0,0.0,0.0,0.0,0.0,0.0,0.0,0.0,0.0,0.0,1.0,0.0,0.0,0.0,0.0,1.0
tdStayGold,0.06872852233676977,0.01718213058419244,0.037800687285223365,0.061855670103092786,0.03608247422680412,0.16666666666666666,0.04982817869415808,0.027491408934707903,0.06357388316151202,0.04982817869415808,0.020618556701030927,0.03436426116838488,0.048109965635738834,0.03436426116838488,0.013745704467353952,0.10996563573883161,0.06013745704467354,0.04982817869415808,0.012027491408934709,0.037800687285223365,582.0,6.119308662414549,60776.08140000012,0.0,0.0,1.0,0.0,0.0,0.0,0.0,0.0,0.0,0.0,0.0,0.0,0.0,0.0,0.0,0.0,0.0,0.0,0.0,0.0,0.0,0.0,0.0,0.0,0.0,0.0,0.0,0.0,0.0,0.0,0.0,0.0,0.0,0.0,0.0,1.0,1.0,0.0,0.0,0.0,0.0
Skylan-S,0.05752212389380531,0.01327433628318584,0.0752212389380531,0.061946902654867256,0.061946902654867256,0.09292035398230089,0.035398230088495575,0.03982300884955752,0.09292035398230089,0.061946902654867256,0.035398230088495575,0.05309734513274336,0.048672566371681415,0.017699115044247787,0.04424778761061947,0.03982300884955752,0.05309734513274336,0.05752212389380531,0.008849557522123894,0.048672566371681415,226.0,7.088356590270995,25679.817200000016,0.0,0.0,0.0,0.0,1.0,0.0,0.0,0.0,0.0,0.0,0.0,0.0,0.0,0.0,0.0,0.0,0.0,0.0,0.0,0.0,0.0,0.0,0.0,0.0,0.0,0.0,0.0,0.0,0.0,0.0,0.0,1.0,0.0,0.0,0.0,0.0,0.0,1.0,0.0,0.0,0.0
rsCherryRev,0.046610169491525424,0.00423728813559322,0.059322033898305086,0.09745762711864407,0.046610169491525424,0.1059322033898305,0.025423728813559324,0.038135593220338986,0.1016949152542373,0.05508474576271186,0.046610169491525424,0.029661016949152543,0.05084745762711865,0.029661016949152543,0.03389830508474576,0.05084745762711865,0.05084745762711865,0.0635593220338983,0.012711864406779662,0.05084745762711865,236.0,5.765485954284667,26732.987300000008,1.0,0.0,0.0,0.0,0.0,0.0,0.0,0.0,0.0,0.0,0.0,0.0,0.0,0.0,0.0,0.0,0.0,0.0,0.0,0.0,0.0,0.0,0.0,0.0,0.0,0.0,0.0,0.0,0.0,0.0,0.0,1.0,0.0,0.0,0.0,0.0,0.0,1.0,0.0,0.0,0.0
mEos3.1,0.05752212389380531,0.01327433628318584,0.0752212389380531,0.061946902654867256,0.061946902654867256,0.09292035398230089,0.03982300884955752,0.03982300884955752,0.09292035398230089,0.061946902654867256,0.035398230088495575,0.05309734513274336,0.048672566371681415,0.017699115044247787,0.04424778761061947,0.035398230088495575,0.05309734513274336,0.05752212389380531,0.008849557522123894,0.048672566371681415,226.0,7.121209526062012,25729.879200000014,0.0,0.0,0.0,0.0,0.0,1.0,0.0,0.0,0.0,0.0,0.0,0.0,0.0,0.0,0.0,0.0,0.0,0.0,0.0,0.0,0.0,0.0,0.0,0.0,0.0,0.0,0.0,0.0,0.0,0.0,0.0,1.0,0.0,0.0,0.0,0.0,0.0,0.0,0.0,1.0,0.0
GdT,0.029914529914529916,0.0,0.05982905982905983,0.09401709401709402,0.042735042735042736,0.09829059829059829,0.029914529914529916,0.03418803418803419,0.09401709401709402,0.0811965811965812,0.05128205128205128,0.017094017094017096,0.05555555555555555,0.029914529914529916,0.042735042735042736,0.042735042735042736,0.05555555555555555,0.0641025641025641,0.01282051282051282,0.0641025641025641,234.0,6.014668083190917,27016.568800000012,1.0,0.0,0.0,0.0,0.0,0.0,0.0,0.0,0.0,0.0,0.0,0.0,0.0,0.0,0.0,0.0,0.0,0.0,0.0,0.0,0.0,0.0,0.0,0.0,0.0,0.0,0.0,0.0,0.0,0.0,0.0,0.0,1.0,0.0,0.0,0.0,1.0,0.0,0.0,0.0,0.0
PSLSSmKate,0.04291845493562232,0.017167381974248927,0.04291845493562232,0.0815450643776824,0.04291845493562232,0.09871244635193133,0.030042918454935622,0.03862660944206009,0.08583690987124463,0.0815450643776824,0.034334763948497854,0.04291845493562232,0.04291845493562232,0.030042918454935622,0.03862660944206009,0.05150214592274678,0.07725321888412018,0.06437768240343347,0.008583690987124463,0.04721030042918455,233.0,7.04953556060791,26204.56720000002,1.0,0.0,0.0,0.0,0.0,0.0,0.0,0.0,0.0,0.0,0.0,0.0,0.0,0.0,0.0,0.0,0.0,0.0,0.0,0.0,0.0,0.0,0.0,0.0,0.0,0.0,0.0,0.0,0.0,0.0,0.0,1.0,0.0,0.0,0.0,0.0,0.0,1.0,0.0,0.0,0.0
mJuniper,0.037815126050420166,0.008403361344537815,0.07563025210084033,0.06722689075630252,0.05042016806722689,0.09663865546218488,0.037815126050420166,0.046218487394957986,0.09243697478991597,0.08403361344537816,0.02100840336134454,0.04201680672268908,0.04201680672268908,0.03361344537815126,0.029411764705882353,0.04201680672268908,0.07563025210084033,0.07142857142857142,0.008403361344537815,0.037815126050420166,238.0,5.991534614562987,26744.935100000013,0.0,0.0,0.0,0.0,0.0,0.0,0.0,0.0,1.0,0.0,0.0,0.0,0.0,0.0,0.0,0.0,0.0,0.0,0.0,0.0,0.0,0.0,0.0,0.0,0.0,0.0,0.0,0.0,0.0,0.0,0.0,1.0,0.0,0.0,0.0,0.0,1.0,0.0,0.0,0.0,0.0
anm1GFP2,0.04,0.013333333333333334,0.057777777777777775,0.06666666666666667,0.035555555555555556,0.09777777777777778,0.017777777777777778,0.07555555555555556,0.10222222222222223,0.04,0.0044444444444444444,0.03111111111111111,0.05333333333333334,0.022222222222222223,0.04,0.07555555555555556,0.05333333333333334,0.10222222222222223,0.0044444444444444444,0.06666666666666667,225.0,8.736191368103025,25020.12370000001,0.0,0.0,0.0,0.0,1.0,0.0,0.0,0.0,0.0,0.0,0.0,0.0,0.0,0.0,0.0,0.0,0.0,0.0,0.0,0.0,0.0,0.0,0.0,0.0,0.0,0.0,0.0,0.0,0.0,0.0,0.0,0.0,1.0,0.0,0.0,0.0,1.0,0.0,0.0,0.0,0.0
Venus,0.04184100418410042,0.008368200836820083,0.07531380753138076,0.06694560669456066,0.04602510460251046,0.100418410041841,0.03765690376569038,0.0502092050209205,0.08368200836820083,0.09623430962343096,0.02092050209205021,0.05439330543933055,0.04184100418410042,0.03347280334728033,0.02510460251046025,0.03347280334728033,0.06276150627615062,0.06694560669456066,0.0041841004184100415,0.0502092050209205,239.0,5.583601188659667,26835.010800000015,0.0,0.0,1.0,0.0,0.0,0.0,0.0,0.0,0.0,0.0,0.0,0.0,0.0,0.0,0.0,0.0,0.0,0.0,0.0,0.0,0.0,0.0,0.0,0.0,0.0,0.0,0.0,0.0,0.0,0.0,0.0,0.0,0.0,0.0,1.0,0.0,1.0,0.0,0.0,0.0,0.0
SGFP2,0.03765690376569038,0.008368200836820083,0.07531380753138076,0.06694560669456066,0.0502092050209205,0.09623430962343096,0.03765690376569038,0.0502092050209205,0.08786610878661087,0.08786610878661087,0.02092050209205021,0.05439330543933055,0.04184100418410042,0.03347280334728033,0.02510460251046025,0.03347280334728033,0.07112970711297072,0.07112970711297072,0.0041841004184100415,0.04602510460251046,239.0,5.713932991027832,26894.07810000002,0.0,1.0,0.0,0.0,0.0,0.0,0.0,0.0,0.0,0.0,0.0,0.0,0.0,0.0,0.0,0.0,0.0,0.0,0.0,0.0,0.0,0.0,0.0,0.0,0.0,0.0,0.0,0.0,0.0,0.0,0.0,1.0,0.0,0.0,0.0,0.0,1.0,0.0,0.0,0.0,0.0
CheGFP4,0.02575107296137339,0.017167381974248927,0.07296137339055794,0.06866952789699571,0.060085836909871244,0.08583690987124463,0.05150214592274678,0.055793991416309016,0.07296137339055794,0.04721030042918455,0.02145922746781116,0.04291845493562232,0.04721030042918455,0.02575107296137339,0.03862660944206009,0.06866952789699571,0.04291845493562232,0.0944206008583691,0.004291845493562232,0.055793991416309016,233.0,5.929864311218262,26553.54540000001,0.0,0.0,0.0,1.0,0.0,0.0,0.0,0.0,0.0,0.0,0.0,0.0,0.0,0.0,0.0,0.0,0.0,0.0,0.0,0.0,0.0,0.0,0.0,0.0,0.0,0.0,0.0,0.0,0.0,0.0,0.0,0.0,0.0,0.0,0.0,1.0,1.0,0.0,0.0,0.0,0.0
GFP(E222G),0.03361344537815126,0.008403361344537815,0.07563025210084033,0.06302521008403361,0.0546218487394958,0.09663865546218488,0.04201680672268908,0.05042016806722689,0.08403361344537816,0.07983193277310924,0.025210084033613446,0.0546218487394958,0.04201680672268908,0.03361344537815126,0.025210084033613446,0.046218487394957986,0.06302521008403361,0.07142857142857142,0.004201680672268907,0.046218487394957986,238.0,5.789813041687012,26813.931900000014,0.0,0.0,0.0,0.0,1.0,0.0,0.0,0.0,0.0,0.0,0.0,0.0,0.0,0.0,0.0,0.0,0.0,0.0,0.0,0.0,0.0,0.0,0.0,0.0,0.0,0.0,0.0,0.0,0.0,0.0,0.0,0.0,0.0,0.0,0.0,1.0,1.0,0.0,0.0,0.0,0.0
mSandy2,0.048458149779735685,0.004405286343612335,0.05286343612334802,0.09691629955947137,0.048458149779735685,0.10572687224669604,0.030837004405286344,0.039647577092511016,0.1013215859030837,0.05286343612334802,0.04405286343612335,0.022026431718061675,0.048458149779735685,0.030837004405286344,0.030837004405286344,0.05286343612334802,0.05286343612334802,0.07048458149779736,0.00881057268722467,0.05726872246696035,227.0,6.010859870910643,25675.848800000003,1.0,0.0,0.0,0.0,0.0,0.0,0.0,0.0,0.0,0.0,0.0,0.0,0.0,0.0,0.0,0.0,0.0,0.0,0.0,0.0,0.0,0.0,0.0,0.0,0.0,0.0,0.0,0.0,0.0,0.0,0.0,1.0,0.0,0.0,0.0,0.0,1.0,0.0,0.0,0.0,0.0
GFPxm19,0.029411764705882353,0.012605042016806723,0.06722689075630252,0.07563025210084033,0.06302521008403361,0.10504201680672269,0.046218487394957986,0.06302521008403361,0.07563025210084033,0.07983193277310924,0.03361344537815126,0.0546218487394958,0.04201680672268908,0.02100840336134454,0.03361344537815126,0.03361344537815126,0.058823529411764705,0.058823529411764705,0.004201680672268907,0.04201680672268908,238.0,5.755254936218263,26999.355600000017,0.0,0.0,0.0,0.0,1.0,0.0,0.0,0.0,0.0,0.0,0.0,0.0,0.0,0.0,0.0,0.0,0.0,0.0,0.0,0.0,0.0,0.0,0.0,0.0,0.0,0.0,0.0,0.0,0.0,0.0,0.0,1.0,0.0,0.0,0.0,0.0,1.0,0.0,0.0,0.0,0.0
MfaG1,0.048458149779735685,0.013215859030837005,0.08370044052863436,0.05726872246696035,0.048458149779735685,0.08370044052863436,0.030837004405286344,0.05286343612334802,0.10572687224669604,0.05286343612334802,0.04405286343612335,0.030837004405286344,0.05286343612334802,0.02643171806167401,0.039647577092511016,0.030837004405286344,0.05286343612334802,0.07929515418502203,0.00881057268722467,0.05726872246696035,227.0,7.685961723327638,25980.547100000014,0.0,0.0,0.0,0.0,0.0,0.0,0.0,0.0,0.0,0.0,0.0,1.0,0.0,0.0,0.0,0.0,0.0,0.0,0.0,0.0,0.0,0.0,0.0,0.0,0.0,0.0,0.0,0.0,0.0,0.0,0.0,0.0,0.0,0.0,0.0,1.0,1.0,0.0,0.0,0.0,0.0
PA-GFP,0.03765690376569038,0.008368200836820083,0.07531380753138076,0.06694560669456066,0.05439330543933055,0.09205020920502092,0.04184100418410042,0.0502092050209205,0.08368200836820083,0.08368200836820083,0.02510460251046025,0.05439330543933055,0.04184100418410042,0.03347280334728033,0.02510460251046025,0.04602510460251046,0.058577405857740586,0.07112970711297072,0.0041841004184100415,0.04602510460251046,239.0,5.6704511642456055,26969.126200000017,0.0,0.0,0.0,0.0,1.0,0.0,0.0,0.0,0.0,0.0,0.0,0.0,0.0,0.0,0.0,0.0,0.0,0.0,0.0,0.0,0.0,0.0,0.0,0.0,0.0,0.0,0.0,0.0,0.0,0.0,0.0,1.0,0.0,0.0,0.0,0.0,0.0,0.0,1.0,0.0,0.0
NijiFP,0.0391304347826087,0.013043478260869565,0.05652173913043478,0.06956521739130435,0.04782608695652174,0.08695652173913043,0.034782608695652174,0.04782608695652174,0.08260869565217391,0.07391304347826087,0.02608695652173913,0.05652173913043478,0.06086956521739131,0.02608695652173913,0.034782608695652174,0.043478260869565216,0.06521739130434782,0.07391304347826087,0.013043478260869565,0.04782608695652174,230.0,6.44982738494873,26064.32080000002,0.0,0.0,0.0,0.0,0.0,1.0,0.0,0.0,0.0,0.0,0.0,0.0,0.0,0.0,0.0,0.0,0.0,0.0,0.0,0.0,0.0,0.0,0.0,0.0,0.0,0.0,0.0,0.0,0.0,0.0,0.0,1.0,0.0,0.0,0.0,0.0,0.0,0.0,0.0,0.0,1.0
Dendra,0.044444444444444446,0.013333333333333334,0.057777777777777775,0.07111111111111111,0.05333333333333334,0.08444444444444445,0.035555555555555556,0.044444444444444446,0.08444444444444445,0.07555555555555556,0.02666666666666667,0.05333333333333334,0.057777777777777775,0.02666666666666667,0.035555555555555556,0.04,0.06222222222222222,0.07111111111111111,0.013333333333333334,0.04888888888888889,225.0,6.44982738494873,25613.83360000002,0.0,0.0,0.0,0.0,0.0,1.0,0.0,0.0,0.0,0.0,0.0,0.0,0.0,0.0,0.0,0.0,0.0,0.0,0.0,0.0,0.0,0.0,0.0,0.0,0.0,0.0,0.0,0.0,0.0,0.0,0.0,1.0,0.0,0.0,0.0,0.0,0.0,0.0,0.0,1.0,0.0
mRFP1-Q66S,0.05333333333333334,0.0,0.06222222222222222,0.09777777777777778,0.044444444444444446,0.10222222222222223,0.022222222222222223,0.04,0.09777777777777778,0.05333333333333334,0.04,0.017777777777777778,0.05333333333333334,0.03111111111111111,0.04,0.057777777777777775,0.06222222222222222,0.06222222222222222,0.013333333333333334,0.04888888888888889,225.0,5.653058433532714,25382.357200000006,0.0,0.0,0.0,0.0,1.0,0.0,0.0,0.0,0.0,0.0,0.0,0.0,0.0,0.0,0.0,0.0,0.0,0.0,0.0,0.0,0.0,0.0,0.0,0.0,0.0,0.0,0.0,0.0,0.0,0.0,0.0,1.0,0.0,0.0,0.0,0.0,1.0,0.0,0.0,0.0,0.0
OFPxm,0.029411764705882353,0.012605042016806723,0.06722689075630252,0.07563025210084033,0.06302521008403361,0.1092436974789916,0.046218487394957986,0.058823529411764705,0.07563025210084033,0.07983193277310924,0.03361344537815126,0.0546218487394958,0.04201680672268908,0.02100840336134454,0.03361344537815126,0.029411764705882353,0.0546218487394958,0.06302521008403361,0.004201680672268907,0.046218487394957986,238.0,5.755198097229004,27017.372300000017,0.0,0.0,1.0,0.0,0.0,0.0,0.0,0.0,0.0,0.0,0.0,0.0,0.0,0.0,0.0,0.0,0.0,0.0,0.0,0.0,0.0,0.0,0.0,0.0,0.0,0.0,0.0,0.0,0.0,0.0,0.0,1.0,0.0,0.0,0.0,0.0,1.0,0.0,0.0,0.0,0.0
mRed7Q1,0.03879310344827586,0.0,0.0603448275862069,0.09482758620689655,0.05172413793103448,0.10775862068965517,0.02586206896551724,0.03017241379310345,0.09051724137931035,0.0603448275862069,0.03879310344827586,0.021551724137931036,0.0603448275862069,0.03879310344827586,0.034482758620689655,0.04741379310344827,0.0603448275862069,0.07327586206896551,0.01293103448275862,0.05172413793103448,232.0,5.469525337219238,26281.358,1.0,0.0,0.0,0.0,0.0,0.0,0.0,0.0,0.0,0.0,0.0,0.0,0.0,0.0,0.0,0.0,0.0,0.0,0.0,0.0,0.0,0.0,0.0,0.0,0.0,0.0,0.0,0.0,0.0,0.0,0.0,1.0,0.0,0.0,0.0,0.0,1.0,0.0,0.0,0.0,0.0
CFP,0.03361344537815126,0.008403361344537815,0.07563025210084033,0.06722689075630252,0.0546218487394958,0.09243697478991597,0.04201680672268908,0.05042016806722689,0.08403361344537816,0.07983193277310924,0.025210084033613446,0.0546218487394958,0.04201680672268908,0.03361344537815126,0.025210084033613446,0.046218487394957986,0.06302521008403361,0.07142857142857142,0.008403361344537815,0.04201680672268908,238.0,5.6704511642456055,26909.031300000017,0.0,0.0,0.0,0.0,0.0,0.0,0.0,0.0,0.0,0.0,0.0,0.0,1.0,0.0,0.0,0.0,0.0,0.0,0.0,0.0,0.0,0.0,0.0,0.0,0.0,0.0,0.0,0.0,0.0,0.0,0.0,0.0,1.0,0.0,0.0,0.0,1.0,0.0,0.0,0.0,0.0
pmeaGFP2,0.04504504504504504,0.009009009009009009,0.04054054054054054,0.05405405405405406,0.05855855855855856,0.0990990990990991,0.04054054054054054,0.07657657657657657,0.05855855855855856,0.05405405405405406,0.04504504504504504,0.08108108108108109,0.04054054054054054,0.018018018018018018,0.02702702702702703,0.06306306306306306,0.08108108108108109,0.04054054054054054,0.0,0.06756756756756757,222.0,6.493536567687988,24938.890700000014,0.0,0.0,1.0,0.0,0.0,0.0,0.0,0.0,0.0,0.0,0.0,0.0,0.0,0.0,0.0,0.0,0.0,0.0,0.0,0.0,0.0,0.0,0.0,0.0,0.0,0.0,0.0,0.0,0.0,0.0,0.0,0.0,0.0,0.0,0.0,1.0,1.0,0.0,0.0,0.0,0.0
mECFP,0.03347280334728033,0.008368200836820083,0.07531380753138076,0.06694560669456066,0.0502092050209205,0.09205020920502092,0.03765690376569038,0.05439330543933055,0.08786610878661087,0.08786610878661087,0.02092050209205021,0.0502092050209205,0.04184100418410042,0.03347280334728033,0.02510460251046025,0.04184100418410042,0.07112970711297072,0.07112970711297072,0.008368200836820083,0.04184100418410042,239.0,5.713932991027832,26962.195200000024,0.0,0.0,0.0,0.0,0.0,0.0,0.0,0.0,1.0,0.0,0.0,0.0,0.0,0.0,0.0,0.0,0.0,0.0,0.0,0.0,0.0,0.0,0.0,0.0,0.0,0.0,0.0,0.0,0.0,0.0,0.0,1.0,0.0,0.0,0.0,0.0,1.0,0.0,0.0,0.0,0.0
11,0.037815126050420166,0.008403361344537815,0.07563025210084033,0.06722689075630252,0.0546218487394958,0.09663865546218488,0.04201680672268908,0.05042016806722689,0.08403361344537816,0.07983193277310924,0.025210084033613446,0.0546218487394958,0.04201680672268908,0.03361344537815126,0.025210084033613446,0.037815126050420166,0.058823529411764705,0.07142857142857142,0.008403361344537815,0.046218487394957986,238.0,5.6704511642456055,26925.075200000018,0.0,0.0,1.0,0.0,0.0,0.0,0.0,0.0,0.0,0.0,0.0,0.0,0.0,0.0,0.0,0.0,0.0,0.0,0.0,0.0,0.0,0.0,0.0,0.0,0.0,0.0,0.0,0.0,0.0,0.0,0.0,0.0,0.0,0.0,0.0,1.0,1.0,0.0,0.0,0.0,0.0
htFuncLib_thermo.1,0.024193548387096774,0.012096774193548387,0.07258064516129033,0.07258064516129033,0.05241935483870968,0.09274193548387097,0.07258064516129033,0.04435483870967742,0.07258064516129033,0.0846774193548387,0.024193548387096774,0.04838709677419355,0.04435483870967742,0.028225806451612902,0.024193548387096774,0.04032258064516129,0.06048387096774194,0.07661290322580645,0.008064516129032258,0.04435483870967742,248.0,5.789244651794434,28268.46640000003,0.0,1.0,0.0,0.0,0.0,0.0,0.0,0.0,0.0,0.0,0.0,0.0,0.0,0.0,0.0,0.0,0.0,0.0,0.0,0.0,0.0,0.0,0.0,0.0,0.0,0.0,0.0,0.0,0.0,0.0,0.0,0.0,0.0,0.0,0.0,1.0,1.0,0.0,0.0,0.0,0.0
W7,0.037815126050420166,0.008403361344537815,0.07563025210084033,0.06722689075630252,0.0546218487394958,0.09243697478991597,0.04201680672268908,0.0546218487394958,0.08823529411764706,0.07983193277310924,0.02100840336134454,0.046218487394957986,0.04201680672268908,0.03361344537815126,0.025210084033613446,0.046218487394957986,0.06722689075630252,0.06722689075630252,0.008403361344537815,0.04201680672268908,238.0,5.795326423645019,26864.01080000002,0.0,0.0,0.0,0.0,0.0,0.0,0.0,0.0,0.0,0.0,0.0,0.0,1.0,0.0,0.0,0.0,0.0,0.0,0.0,0.0,0.0,0.0,0.0,0.0,0.0,0.0,0.0,0.0,0.0,0.0,0.0,0.0,1.0,0.0,0.0,0.0,1.0,0.0,0.0,0.0,0.0
Folding Reporter GFP,0.037815126050420166,0.008403361344537815,0.07563025210084033,0.06722689075630252,0.046218487394957986,0.09243697478991597,0.04201680672268908,0.05042016806722689,0.08403361344537816,0.08403361344537816,0.02100840336134454,0.0546218487394958,0.04201680672268908,0.029411764705882353,0.029411764705882353,0.046218487394957986,0.07142857142857142,0.06722689075630252,0.004201680672268907,0.046218487394957986,238.0,5.795326423645019,26775.819800000016,0.0,1.0,0.0,0.0,0.0,0.0,0.0,0.0,0.0,0.0,0.0,0.0,0.0,0.0,0.0,0.0,0.0,0.0,0.0,0.0,0.0,0.0,0.0,0.0,0.0,0.0,0.0,0.0,0.0,0.0,0.0,0.0,1.0,0.0,0.0,0.0,1.0,0.0,0.0,0.0,0.0
AQ14,0.06060606060606061,0.030303030303030304,0.03463203463203463,0.08225108225108226,0.06060606060606061,0.09956709956709957,0.04329004329004329,0.05627705627705628,0.06493506493506493,0.05627705627705628,0.03463203463203463,0.03896103896103896,0.05627705627705628,0.03463203463203463,0.03463203463203463,0.05194805194805195,0.06493506493506493,0.05194805194805195,0.008658008658008658,0.03463203463203463,231.0,6.199849510192871,25760.031300000006,1.0,0.0,0.0,0.0,0.0,0.0,0.0,0.0,0.0,0.0,0.0,0.0,0.0,0.0,0.0,0.0,0.0,0.0,0.0,0.0,0.0,0.0,0.0,0.0,0.0,0.0,0.0,0.0,0.0,0.0,0.0,0.0,0.0,0.0,0.0,1.0,1.0,0.0,0.0,0.0,0.0
BDFP1.6,0.1118421052631579,0.02631578947368421,0.039473684210526314,0.07236842105263158,0.039473684210526314,0.07894736842105263,0.0,0.05921052631578947,0.046052631578947366,0.08552631578947369,0.046052631578947366,0.039473684210526314,0.03289473684210526,0.019736842105263157,0.06578947368421052,0.039473684210526314,0.05921052631578947,0.09868421052631579,0.0,0.039473684210526314,152.0,6.315118980407715,16637.232599999992,0.0,0.0,0.0,0.0,0.0,0.0,1.0,0.0,0.0,0.0,0.0,0.0,0.0,0.0,0.0,0.0,0.0,0.0,0.0,0.0,0.0,0.0,0.0,0.0,0.0,0.0,0.0,0.0,0.0,0.0,0.0,0.0,1.0,0.0,0.0,0.0,1.0,0.0,0.0,0.0,0.0
RCaMP,0.05203619909502263,0.006787330316742082,0.0746606334841629,0.083710407239819,0.04751131221719457,0.11538461538461539,0.033936651583710405,0.04524886877828054,0.058823529411764705,0.05429864253393665,0.06108597285067873,0.033936651583710405,0.027149321266968326,0.033936651583710405,0.05203619909502263,0.05203619909502263,0.07013574660633484,0.06334841628959276,0.006787330316742082,0.027149321266968326,442.0,5.181976890563964,49268.90510000009,1.0,0.0,0.0,0.0,0.0,0.0,0.0,0.0,0.0,0.0,0.0,0.0,0.0,0.0,0.0,0.0,0.0,0.0,0.0,0.0,0.0,0.0,0.0,0.0,0.0,0.0,0.0,0.0,0.0,0.0,0.0,0.0,0.0,0.0,0.0,1.0,1.0,0.0,0.0,0.0,0.0
Citrine,0.03765690376569038,0.008368200836820083,0.07531380753138076,0.06694560669456066,0.05439330543933055,0.09623430962343096,0.03765690376569038,0.0502092050209205,0.08368200836820083,0.08786610878661087,0.029288702928870293,0.05439330543933055,0.04184100418410042,0.029288702928870293,0.02510460251046025,0.03765690376569038,0.058577405857740586,0.07112970711297072,0.0041841004184100415,0.0502092050209205,239.0,5.583601188659667,26994.281200000016,0.0,0.0,1.0,0.0,0.0,0.0,0.0,0.0,0.0,0.0,0.0,0.0,0.0,0.0,0.0,0.0,0.0,0.0,0.0,0.0,0.0,0.0,0.0,0.0,0.0,0.0,0.0,0.0,0.0,0.0,0.0,0.0,0.0,0.0,1.0,0.0,1.0,0.0,0.0,0.0,0.0
Padron0.9,0.05357142857142857,0.022321428571428572,0.07142857142857142,0.07142857142857142,0.044642857142857144,0.08928571428571429,0.04017857142857143,0.05803571428571429,0.08482142857142858,0.0625,0.03125,0.044642857142857144,0.049107142857142856,0.022321428571428572,0.03571428571428571,0.05357142857142857,0.03125,0.06696428571428571,0.008928571428571428,0.05803571428571429,224.0,5.9877832412719725,25382.521700000023,0.0,0.0,0.0,0.0,0.0,0.0,0.0,1.0,0.0,0.0,0.0,0.0,0.0,0.0,0.0,0.0,0.0,0.0,0.0,0.0,0.0,0.0,0.0,0.0,0.0,0.0,0.0,0.0,0.0,0.0,0.0,1.0,0.0,0.0,0.0,0.0,0.0,1.0,0.0,0.0,0.0
td5oxStayGold,0.030927835051546393,0.012371134020618556,0.049484536082474224,0.07422680412371134,0.041237113402061855,0.09896907216494845,0.0577319587628866,0.04329896907216495,0.07422680412371134,0.0577319587628866,0.024742268041237112,0.04536082474226804,0.0577319587628866,0.041237113402061855,0.016494845360824743,0.07835051546391752,0.07216494845360824,0.05979381443298969,0.01443298969072165,0.049484536082474224,485.0,5.939583778381347,54351.91020000003,0.0,0.0,1.0,0.0,0.0,0.0,0.0,0.0,0.0,0.0,0.0,0.0,0.0,0.0,0.0,0.0,0.0,0.0,0.0,0.0,0.0,0.0,0.0,0.0,0.0,0.0,0.0,0.0,0.0,0.0,0.0,0.0,0.0,0.0,0.0,1.0,1.0,0.0,0.0,0.0,0.0
mEos4b,0.05726872246696035,0.00881057268722467,0.07488986784140969,0.06167400881057269,0.05726872246696035,0.09251101321585903,0.039647577092511016,0.04405286343612335,0.0881057268722467,0.06167400881057269,0.03524229074889868,0.05286343612334802,0.048458149779735685,0.01762114537444934,0.048458149779735685,0.030837004405286344,0.05726872246696035,0.06167400881057269,0.00881057268722467,0.05286343612334802,227.0,7.127348136901856,25897.064300000016,0.0,0.0,0.0,0.0,0.0,1.0,0.0,0.0,0.0,0.0,0.0,0.0,0.0,0.0,0.0,0.0,0.0,0.0,0.0,0.0,0.0,0.0,0.0,0.0,0.0,0.0,0.0,0.0,0.0,0.0,0.0,0.0,0.0,0.0,0.0,1.0,0.0,0.0,0.0,1.0,0.0
tdLanYFP,0.05496828752642706,0.004228329809725159,0.05708245243128964,0.048625792811839326,0.06765327695560254,0.09936575052854123,0.02536997885835095,0.02959830866807611,0.06765327695560254,0.05708245243128964,0.046511627906976744,0.0507399577167019,0.0507399577167019,0.042283298097251586,0.02536997885835095,0.06765327695560254,0.09936575052854123,0.040169133192389,0.016913319238900635,0.048625792811839326,473.0,6.077190971374511,52983.78810000008,0.0,0.0,1.0,0.0,0.0,0.0,0.0,0.0,0.0,0.0,0.0,0.0,0.0,0.0,0.0,0.0,0.0,0.0,0.0,0.0,0.0,0.0,0.0,0.0,0.0,0.0,0.0,0.0,0.0,0.0,0.0,0.0,1.0,0.0,0.0,0.0,1.0,0.0,0.0,0.0,0.0
DsRed-Express,0.035555555555555556,0.0,0.057777777777777775,0.08888888888888889,0.057777777777777775,0.09777777777777778,0.03111111111111111,0.044444444444444446,0.09777777777777778,0.06222222222222222,0.03111111111111111,0.017777777777777778,0.05333333333333334,0.035555555555555556,0.035555555555555556,0.06222222222222222,0.04,0.08,0.013333333333333334,0.057777777777777775,225.0,6.186776542663575,25736.931400000016,0.0,0.0,0.0,1.0,0.0,0.0,0.0,0.0,0.0,0.0,0.0,0.0,0.0,0.0,0.0,0.0,0.0,0.0,0.0,0.0,0.0,0.0,0.0,0.0,0.0,0.0,0.0,0.0,0.0,0.0,0.0,0.0,0.0,1.0,0.0,0.0,1.0,0.0,0.0,0.0,0.0
P4,0.03361344537815126,0.008403361344537815,0.07563025210084033,0.06722689075630252,0.0546218487394958,0.09243697478991597,0.046218487394957986,0.05042016806722689,0.08403361344537816,0.07983193277310924,0.025210084033613446,0.0546218487394958,0.04201680672268908,0.03361344537815126,0.025210084033613446,0.046218487394957986,0.06302521008403361,0.07142857142857142,0.004201680672268907,0.04201680672268908,238.0,5.748718452453613,26859.960700000018,0.0,0.0,0.0,0.0,0.0,0.0,0.0,0.0,0.0,0.0,1.0,0.0,0.0,0.0,0.0,0.0,0.0,0.0,0.0,0.0,0.0,0.0,0.0,0.0,0.0,0.0,0.0,0.0,0.0,0.0,0.0,0.0,0.0,0.0,1.0,0.0,1.0,0.0,0.0,0.0,0.0
EBFP,0.03347280334728033,0.008368200836820083,0.07531380753138076,0.06694560669456066,0.05439330543933055,0.09205020920502092,0.04184100418410042,0.0502092050209205,0.08368200836820083,0.08786610878661087,0.02510460251046025,0.05439330543933055,0.04184100418410042,0.03347280334728033,0.02510460251046025,0.04184100418410042,0.06694560669456066,0.07531380753138076,0.0041841004184100415,0.03765690376569038,239.0,5.670508003234863,26899.121000000017,0.0,0.0,0.0,0.0,0.0,0.0,0.0,0.0,0.0,0.0,0.0,0.0,0.0,0.0,0.0,0.0,0.0,0.0,0.0,0.0,0.0,1.0,0.0,0.0,0.0,0.0,0.0,0.0,0.0,0.0,0.0,0.0,0.0,0.0,1.0,0.0,1.0,0.0,0.0,0.0,0.0
htFuncLib_acid.1,0.028225806451612902,0.012096774193548387,0.07258064516129033,0.07258064516129033,0.05241935483870968,0.09274193548387097,0.06451612903225806,0.04838709677419355,0.07258064516129033,0.08870967741935484,0.024193548387096774,0.04838709677419355,0.04435483870967742,0.028225806451612902,0.028225806451612902,0.04032258064516129,0.056451612903225805,0.07258064516129033,0.008064516129032258,0.04435483870967742,248.0,5.770260429382325,28247.53170000003,0.0,0.0,0.0,0.0,1.0,0.0,0.0,0.0,0.0,0.0,0.0,0.0,0.0,0.0,0.0,0.0,0.0,0.0,0.0,0.0,0.0,0.0,0.0,0.0,0.0,0.0,0.0,0.0,0.0,0.0,0.0,0.0,0.0,0.0,0.0,1.0,1.0,0.0,0.0,0.0,0.0
TurboGFP,0.04310344827586207,0.004310344827586207,0.05603448275862069,0.08620689655172414,0.06465517241379311,0.125,0.04741379310344827,0.04741379310344827,0.034482758620689655,0.05603448275862069,0.03879310344827586,0.04310344827586207,0.04310344827586207,0.01293103448275862,0.04310344827586207,0.07758620689655173,0.06896551724137931,0.05603448275862069,0.0,0.05172413793103448,232.0,5.0787572860717765,25693.163000000008,0.0,0.0,1.0,0.0,0.0,0.0,0.0,0.0,0.0,0.0,0.0,0.0,0.0,0.0,0.0,0.0,0.0,0.0,0.0,0.0,0.0,0.0,0.0,0.0,0.0,0.0,0.0,0.0,0.0,0.0,0.0,0.0,1.0,0.0,0.0,0.0,1.0,0.0,0.0,0.0,0.0
mCerulean2,0.04184100418410042,0.012552301255230125,0.07531380753138076,0.06694560669456066,0.0502092050209205,0.100418410041841,0.03347280334728033,0.0502092050209205,0.08368200836820083,0.09205020920502092,0.02092050209205021,0.05439330543933055,0.04184100418410042,0.03347280334728033,0.02092050209205021,0.03347280334728033,0.07112970711297072,0.07112970711297072,0.008368200836820083,0.03765690376569038,239.0,5.364430046081543,26676.874000000018,0.0,0.0,0.0,0.0,0.0,0.0,0.0,0.0,1.0,0.0,0.0,0.0,0.0,0.0,0.0,0.0,0.0,0.0,0.0,0.0,0.0,0.0,0.0,0.0,0.0,0.0,0.0,0.0,0.0,0.0,0.0,1.0,0.0,0.0,0.0,0.0,1.0,0.0,0.0,0.0,0.0
RDSmCherry1,0.038135593220338986,0.00847457627118644,0.059322033898305086,0.1016949152542373,0.0423728813559322,0.11440677966101695,0.025423728813559324,0.038135593220338986,0.1016949152542373,0.05508474576271186,0.0423728813559322,0.029661016949152543,0.05508474576271186,0.029661016949152543,0.03389830508474576,0.05508474576271186,0.05084745762711865,0.05508474576271186,0.012711864406779662,0.05084745762711865,236.0,5.624184226989747,26644.751700000008,1.0,0.0,0.0,0.0,0.0,0.0,0.0,0.0,0.0,0.0,0.0,0.0,0.0,0.0,0.0,0.0,0.0,0.0,0.0,0.0,0.0,0.0,0.0,0.0,0.0,0.0,0.0,0.0,0.0,0.0,0.0,1.0,0.0,0.0,0.0,0.0,1.0,0.0,0.0,0.0,0.0
htFuncLib_mid.10,0.028225806451612902,0.012096774193548387,0.07258064516129033,0.07258064516129033,0.05241935483870968,0.09274193548387097,0.06854838709677419,0.05241935483870968,0.07258064516129033,0.08064516129032258,0.024193548387096774,0.04838709677419355,0.04435483870967742,0.024193548387096774,0.028225806451612902,0.036290322580645164,0.06048387096774194,0.07661290322580645,0.008064516129032258,0.04435483870967742,248.0,5.822097587585449,28256.541800000028,0.0,1.0,0.0,0.0,0.0,0.0,0.0,0.0,0.0,0.0,0.0,0.0,0.0,0.0,0.0,0.0,0.0,0.0,0.0,0.0,0.0,0.0,0.0,0.0,0.0,0.0,0.0,0.0,0.0,0.0,0.0,0.0,0.0,0.0,0.0,1.0,1.0,0.0,0.0,0.0,0.0
htFuncLib_sf:photostable.2,0.040160642570281124,0.008032128514056224,0.07228915662650602,0.0642570281124498,0.04417670682730924,0.09236947791164658,0.060240963855421686,0.04417670682730924,0.08032128514056225,0.08433734939759036,0.024096385542168676,0.05220883534136546,0.040160642570281124,0.024096385542168676,0.0321285140562249,0.04417670682730924,0.07630522088353414,0.07630522088353414,0.004016064257028112,0.03614457831325301,249.0,6.18973217010498,27922.152400000024,0.0,1.0,0.0,0.0,0.0,0.0,0.0,0.0,0.0,0.0,0.0,0.0,0.0,0.0,0.0,0.0,0.0,0.0,0.0,0.0,0.0,0.0,0.0,0.0,0.0,0.0,0.0,0.0,0.0,0.0,0.0,0.0,0.0,0.0,0.0,1.0,1.0,0.0,0.0,0.0,0.0
WiPhy2,0.11661807580174927,0.008746355685131196,0.029154518950437316,0.0641399416909621,0.026239067055393587,0.08163265306122448,0.052478134110787174,0.023323615160349854,0.0058309037900874635,0.13994169096209913,0.029154518950437316,0.02040816326530612,0.08746355685131195,0.04956268221574344,0.061224489795918366,0.04956268221574344,0.06997084548104957,0.05539358600583091,0.011661807580174927,0.01749271137026239,343.0,6.03433437347412,37142.026000000034,0.0,0.0,0.0,0.0,0.0,0.0,1.0,0.0,0.0,0.0,0.0,0.0,0.0,0.0,0.0,0.0,0.0,0.0,0.0,0.0,0.0,0.0,0.0,0.0,0.0,0.0,0.0,0.0,0.0,0.0,0.0,1.0,0.0,0.0,0.0,0.0,1.0,0.0,0.0,0.0,0.0
TDsmURFP,0.08996539792387544,0.020761245674740483,0.0657439446366782,0.0657439446366782,0.02768166089965398,0.06920415224913495,0.01730103806228374,0.08304498269896193,0.05536332179930796,0.11072664359861592,0.03806228373702422,0.03460207612456748,0.04152249134948097,0.020761245674740483,0.05536332179930796,0.08996539792387544,0.04498269896193772,0.02768166089965398,0.01384083044982699,0.02768166089965398,289.0,5.491408348083495,31955.364500000025,0.0,0.0,0.0,0.0,0.0,0.0,1.0,0.0,0.0,0.0,0.0,0.0,0.0,0.0,0.0,0.0,0.0,0.0,0.0,0.0,0.0,0.0,0.0,0.0,0.0,0.0,0.0,0.0,0.0,0.0,0.0,0.0,0.0,0.0,0.0,1.0,1.0,0.0,0.0,0.0,0.0
htFuncLib_sf:em-blue-shift.1,0.03614457831325301,0.008032128514056224,0.07228915662650602,0.0642570281124498,0.04417670682730924,0.09236947791164658,0.060240963855421686,0.04417670682730924,0.08032128514056225,0.08433734939759036,0.024096385542168676,0.05220883534136546,0.04417670682730924,0.024096385542168676,0.0321285140562249,0.04819277108433735,0.0642570281124498,0.08433734939759036,0.004016064257028112,0.03614457831325301,249.0,6.18973217010498,27930.217300000026,0.0,0.0,0.0,0.0,1.0,0.0,0.0,0.0,0.0,0.0,0.0,0.0,0.0,0.0,0.0,0.0,0.0,0.0,0.0,0.0,0.0,0.0,0.0,0.0,0.0,0.0,0.0,0.0,0.0,0.0,0.0,0.0,0.0,0.0,0.0,1.0,1.0,0.0,0.0,0.0,0.0
mRFP1_Pink,0.05333333333333334,0.0,0.06222222222222222,0.09777777777777778,0.04,0.10222222222222223,0.022222222222222223,0.04,0.09777777777777778,0.05333333333333334,0.04,0.017777777777777778,0.05333333333333334,0.03111111111111111,0.04,0.05333333333333334,0.06666666666666667,0.06666666666666667,0.013333333333333334,0.04888888888888889,225.0,5.653058433532714,25348.341,0.0,1.0,0.0,0.0,0.0,0.0,0.0,0.0,0.0,0.0,0.0,0.0,0.0,0.0,0.0,0.0,0.0,0.0,0.0,0.0,0.0,0.0,0.0,0.0,0.0,0.0,0.0,0.0,0.0,0.0,0.0,0.0,0.0,0.0,0.0,1.0,1.0,0.0,0.0,0.0,0.0
htFuncLib_mid.3,0.028225806451612902,0.012096774193548387,0.07258064516129033,0.07258064516129033,0.04838709677419355,0.09274193548387097,0.06451612903225806,0.05241935483870968,0.07258064516129033,0.0846774193548387,0.028225806451612902,0.04838709677419355,0.04435483870967742,0.028225806451612902,0.028225806451612902,0.036290322580645164,0.056451612903225805,0.07661290322580645,0.008064516129032258,0.04435483870967742,248.0,5.770260429382325,28243.60760000003,0.0,1.0,0.0,0.0,0.0,0.0,0.0,0.0,0.0,0.0,0.0,0.0,0.0,0.0,0.0,0.0,0.0,0.0,0.0,0.0,0.0,0.0,0.0,0.0,0.0,0.0,0.0,0.0,0.0,0.0,0.0,0.0,0.0,0.0,0.0,1.0,1.0,0.0,0.0,0.0,0.0
htFuncLib_sf:mid.11,0.0321285140562249,0.008032128514056224,0.07228915662650602,0.0642570281124498,0.04819277108433735,0.09236947791164658,0.060240963855421686,0.04819277108433735,0.08032128514056225,0.08032128514056225,0.024096385542168676,0.05220883534136546,0.040160642570281124,0.024096385542168676,0.0321285140562249,0.04819277108433735,0.07228915662650602,0.08032128514056225,0.004016064257028112,0.03614457831325301,249.0,6.18973217010498,28012.274800000025,0.0,1.0,0.0,0.0,0.0,0.0,0.0,0.0,0.0,0.0,0.0,0.0,0.0,0.0,0.0,0.0,0.0,0.0,0.0,0.0,0.0,0.0,0.0,0.0,0.0,0.0,0.0,0.0,0.0,0.0,0.0,0.0,0.0,0.0,0.0,1.0,1.0,0.0,0.0,0.0,0.0
mCRISPRed,0.0379746835443038,0.008438818565400843,0.05907172995780591,0.08860759493670886,0.046413502109704644,0.11814345991561181,0.02109704641350211,0.03375527426160337,0.07172995780590717,0.05063291139240506,0.046413502109704644,0.03375527426160337,0.04219409282700422,0.02531645569620253,0.05485232067510549,0.04219409282700422,0.06329113924050633,0.10126582278481013,0.008438818565400843,0.046413502109704644,237.0,5.643282127380371,26590.864200000004,1.0,0.0,0.0,0.0,0.0,0.0,0.0,0.0,0.0,0.0,0.0,0.0,0.0,0.0,0.0,0.0,0.0,0.0,0.0,0.0,0.0,0.0,0.0,0.0,0.0,0.0,0.0,0.0,0.0,0.0,0.0,1.0,0.0,0.0,0.0,0.0,1.0,0.0,0.0,0.0,0.0
pHmScarlet,0.03879310344827586,0.004310344827586207,0.0603448275862069,0.09051724137931035,0.04741379310344827,0.10775862068965517,0.021551724137931036,0.034482758620689655,0.09051724137931035,0.0603448275862069,0.04310344827586207,0.021551724137931036,0.05603448275862069,0.034482758620689655,0.04741379310344827,0.04741379310344827,0.06465517241379311,0.06465517241379311,0.01293103448275862,0.05172413793103448,232.0,6.017396354675292,26361.582000000006,1.0,0.0,0.0,0.0,0.0,0.0,0.0,0.0,0.0,0.0,0.0,0.0,0.0,0.0,0.0,0.0,0.0,0.0,0.0,0.0,0.0,0.0,0.0,0.0,0.0,0.0,0.0,0.0,0.0,0.0,0.0,0.0,0.0,0.0,0.0,1.0,1.0,0.0,0.0,0.0,0.0
"pHluorin, ecliptic",0.03361344537815126,0.008403361344537815,0.07983193277310924,0.06722689075630252,0.058823529411764705,0.09663865546218488,0.04201680672268908,0.05042016806722689,0.08403361344537816,0.07983193277310924,0.025210084033613446,0.05042016806722689,0.04201680672268908,0.029411764705882353,0.029411764705882353,0.03361344537815126,0.07142857142857142,0.06722689075630252,0.004201680672268907,0.046218487394957986,238.0,5.673349952697754,26961.105900000013,0.0,0.0,0.0,0.0,1.0,0.0,0.0,0.0,0.0,0.0,0.0,0.0,0.0,0.0,0.0,0.0,0.0,0.0,0.0,0.0,0.0,0.0,0.0,0.0,0.0,0.0,0.0,0.0,0.0,0.0,0.0,0.0,0.0,0.0,0.0,1.0,0.0,0.0,0.0,0.0,1.0
StayGold-E138D,0.03225806451612903,0.02304147465437788,0.055299539170506916,0.06451612903225806,0.041474654377880185,0.08755760368663594,0.06451612903225806,0.03686635944700461,0.08294930875576037,0.059907834101382486,0.027649769585253458,0.04608294930875576,0.059907834101382486,0.04608294930875576,0.018433179723502304,0.06912442396313365,0.06912442396313365,0.05069124423963134,0.013824884792626729,0.05069124423963134,217.0,6.37917652130127,24595.24830000002,0.0,0.0,1.0,0.0,0.0,0.0,0.0,0.0,0.0,0.0,0.0,0.0,0.0,0.0,0.0,0.0,0.0,0.0,0.0,0.0,0.0,0.0,0.0,0.0,0.0,0.0,0.0,0.0,0.0,0.0,0.0,1.0,0.0,0.0,0.0,0.0,1.0,0.0,0.0,0.0,0.0
mRouge,0.0423728813559322,0.00423728813559322,0.059322033898305086,0.1016949152542373,0.0423728813559322,0.1059322033898305,0.025423728813559324,0.03389830508474576,0.1016949152542373,0.05508474576271186,0.05084745762711865,0.03389830508474576,0.05084745762711865,0.029661016949152543,0.03389830508474576,0.046610169491525424,0.0635593220338983,0.05508474576271186,0.012711864406779662,0.05084745762711865,236.0,5.624241065979004,26793.96300000001,1.0,0.0,0.0,0.0,0.0,0.0,0.0,0.0,0.0,0.0,0.0,0.0,0.0,0.0,0.0,0.0,0.0,0.0,0.0,0.0,0.0,0.0,0.0,0.0,0.0,0.0,0.0,0.0,0.0,0.0,0.0,1.0,0.0,0.0,0.0,0.0,1.0,0.0,0.0,0.0,0.0
TagBFP,0.04721030042918455,0.012875536480686695,0.04291845493562232,0.07725321888412018,0.04721030042918455,0.0944206008583691,0.030042918454935622,0.04291845493562232,0.0815450643776824,0.0815450643776824,0.034334763948497854,0.05150214592274678,0.04291845493562232,0.030042918454935622,0.034334763948497854,0.04291845493562232,0.08583690987124463,0.060085836909871244,0.008583690987124463,0.05150214592274678,233.0,6.661211585998536,26282.61090000002,0.0,0.0,0.0,0.0,0.0,0.0,0.0,0.0,0.0,0.0,0.0,0.0,0.0,0.0,1.0,0.0,0.0,0.0,0.0,0.0,0.0,0.0,0.0,0.0,0.0,0.0,0.0,0.0,0.0,0.0,0.0,1.0,0.0,0.0,0.0,0.0,1.0,0.0,0.0,0.0,0.0
DsRed,0.022222222222222223,0.0044444444444444444,0.05333333333333334,0.08444444444444445,0.057777777777777775,0.09777777777777778,0.035555555555555556,0.044444444444444446,0.10222222222222223,0.06222222222222222,0.03111111111111111,0.02666666666666667,0.05333333333333334,0.03111111111111111,0.04,0.05333333333333334,0.044444444444444446,0.08444444444444445,0.013333333333333334,0.057777777777777775,225.0,7.78438014984131,25930.292800000017,0.0,0.0,0.0,1.0,0.0,0.0,0.0,0.0,0.0,0.0,0.0,0.0,0.0,0.0,0.0,0.0,0.0,0.0,0.0,0.0,0.0,0.0,0.0,0.0,0.0,0.0,0.0,0.0,0.0,0.0,0.0,0.0,0.0,1.0,0.0,0.0,1.0,0.0,0.0,0.0,0.0
asCP562,0.0603448275862069,0.03017241379310345,0.03879310344827586,0.07758620689655173,0.0603448275862069,0.10344827586206896,0.04310344827586207,0.04310344827586207,0.08620689655172414,0.06465517241379311,0.034482758620689655,0.021551724137931036,0.05603448275862069,0.02586206896551724,0.03017241379310345,0.05172413793103448,0.07327586206896551,0.04310344827586207,0.008620689655172414,0.04741379310344827,232.0,7.128769111633301,25955.370800000004,1.0,0.0,0.0,0.0,0.0,0.0,0.0,0.0,0.0,0.0,0.0,0.0,0.0,0.0,0.0,0.0,0.0,0.0,0.0,0.0,0.0,0.0,0.0,0.0,0.0,0.0,0.0,0.0,0.0,0.0,0.0,0.0,0.0,1.0,0.0,0.0,1.0,0.0,0.0,0.0,0.0
DsRed.M1,0.044444444444444446,0.0044444444444444444,0.06666666666666667,0.08444444444444445,0.05333333333333334,0.09777777777777778,0.035555555555555556,0.03111111111111111,0.09777777777777778,0.04888888888888889,0.02666666666666667,0.03111111111111111,0.057777777777777775,0.057777777777777775,0.013333333333333334,0.05333333333333334,0.05333333333333334,0.07555555555555556,0.013333333333333334,0.05333333333333334,225.0,5.386028861999511,25429.10820000001,0.0,0.0,0.0,1.0,0.0,0.0,0.0,0.0,0.0,0.0,0.0,0.0,0.0,0.0,0.0,0.0,0.0,0.0,0.0,0.0,0.0,0.0,0.0,0.0,0.0,0.0,0.0,0.0,0.0,0.0,0.0,1.0,0.0,0.0,0.0,0.0,1.0,0.0,0.0,0.0,0.0
dCyRFP2s,0.042735042735042736,0.008547008547008548,0.04700854700854701,0.08547008547008547,0.04700854700854701,0.11538461538461539,0.02564102564102564,0.029914529914529916,0.08974358974358974,0.0811965811965812,0.038461538461538464,0.02564102564102564,0.05128205128205128,0.029914529914529916,0.042735042735042736,0.042735042735042736,0.05128205128205128,0.07692307692307693,0.008547008547008548,0.05982905982905983,234.0,7.019126701354979,26413.915900000007,1.0,0.0,0.0,0.0,0.0,0.0,0.0,0.0,0.0,0.0,0.0,0.0,0.0,0.0,0.0,0.0,0.0,0.0,0.0,0.0,0.0,0.0,0.0,0.0,0.0,0.0,0.0,0.0,0.0,0.0,0.0,0.0,1.0,0.0,0.0,0.0,1.0,0.0,0.0,0.0,0.0
mmilCFP,0.03524229074889868,0.030837004405286344,0.048458149779735685,0.07048458149779736,0.07488986784140969,0.09251101321585903,0.039647577092511016,0.03524229074889868,0.0881057268722467,0.05726872246696035,0.039647577092511016,0.039647577092511016,0.06607929515418502,0.030837004405286344,0.022026431718061675,0.06167400881057269,0.07929515418502203,0.04405286343612335,0.00881057268722467,0.03524229074889868,227.0,6.503028678894043,25564.78150000001,0.0,0.0,0.0,1.0,0.0,0.0,0.0,0.0,0.0,0.0,0.0,0.0,0.0,0.0,0.0,0.0,0.0,0.0,0.0,0.0,0.0,0.0,0.0,0.0,0.0,0.0,0.0,0.0,0.0,0.0,0.0,0.0,0.0,1.0,0.0,0.0,1.0,0.0,0.0,0.0,0.0
mAmetrine,0.04602510460251046,0.008368200836820083,0.0794979079497908,0.07112970711297072,0.05439330543933055,0.09623430962343096,0.029288702928870293,0.04602510460251046,0.0794979079497908,0.08368200836820083,0.02510460251046025,0.0502092050209205,0.04184100418410042,0.03765690376569038,0.029288702928870293,0.04184100418410042,0.058577405857740586,0.07531380753138076,0.008368200836820083,0.03765690376569038,239.0,5.182943153381346,26801.916400000006,0.0,0.0,0.0,0.0,1.0,0.0,0.0,0.0,0.0,0.0,0.0,0.0,0.0,0.0,0.0,0.0,0.0,0.0,0.0,0.0,0.0,0.0,0.0,0.0,0.0,0.0,0.0,0.0,0.0,0.0,0.0,1.0,0.0,0.0,0.0,0.0,1.0,0.0,0.0,0.0,0.0
Turquoise-GL,0.04184100418410042,0.008368200836820083,0.07531380753138076,0.06694560669456066,0.0502092050209205,0.100418410041841,0.03347280334728033,0.05439330543933055,0.08368200836820083,0.09205020920502092,0.02092050209205021,0.0502092050209205,0.04184100418410042,0.03347280334728033,0.02510460251046025,0.03765690376569038,0.06694560669456066,0.06694560669456066,0.008368200836820083,0.04184100418410042,239.0,5.488964271545409,26778.987400000016,0.0,0.0,0.0,0.0,0.0,0.0,0.0,0.0,0.0,0.0,0.0,0.0,1.0,0.0,0.0,0.0,0.0,0.0,0.0,0.0,0.0,0.0,0.0,0.0,0.0,0.0,0.0,0.0,0.0,0.0,0.0,1.0,0.0,0.0,0.0,0.0,1.0,0.0,0.0,0.0,0.0
Jred,0.055970149253731345,0.022388059701492536,0.07835820895522388,0.04477611940298507,0.06716417910447761,0.1044776119402985,0.04477611940298507,0.06343283582089553,0.033582089552238806,0.03731343283582089,0.03731343283582089,0.033582089552238806,0.05970149253731343,0.03731343283582089,0.05223880597014925,0.07835820895522388,0.07462686567164178,0.055970149253731345,0.0037313432835820895,0.014925373134328358,268.0,5.578087806701659,29307.474300000005,0.0,0.0,0.0,1.0,0.0,0.0,0.0,0.0,0.0,0.0,0.0,0.0,0.0,0.0,0.0,0.0,0.0,0.0,0.0,0.0,0.0,0.0,0.0,0.0,0.0,0.0,0.0,0.0,0.0,0.0,0.0,0.0,1.0,0.0,0.0,0.0,1.0,0.0,0.0,0.0,0.0
mc4,0.048458149779735685,0.013215859030837005,0.08370044052863436,0.05726872246696035,0.05286343612334802,0.08370044052863436,0.030837004405286344,0.05286343612334802,0.10572687224669604,0.05726872246696035,0.04405286343612335,0.030837004405286344,0.05286343612334802,0.02643171806167401,0.039647577092511016,0.02643171806167401,0.05286343612334802,0.07488986784140969,0.00881057268722467,0.05726872246696035,227.0,7.685961723327638,26054.670200000015,0.0,0.0,0.0,0.0,0.0,0.0,0.0,0.0,0.0,0.0,0.0,1.0,0.0,0.0,0.0,0.0,0.0,0.0,0.0,0.0,0.0,0.0,0.0,0.0,0.0,0.0,0.0,0.0,0.0,0.0,0.0,0.0,0.0,0.0,0.0,1.0,1.0,0.0,0.0,0.0,0.0
mBlueberry1,0.046610169491525424,0.00423728813559322,0.059322033898305086,0.1016949152542373,0.046610169491525424,0.1059322033898305,0.025423728813559324,0.0423728813559322,0.08898305084745763,0.0635593220338983,0.038135593220338986,0.029661016949152543,0.05084745762711865,0.025423728813559324,0.05084745762711865,0.05084745762711865,0.05084745762711865,0.0635593220338983,0.012711864406779662,0.0423728813559322,236.0,5.772761344909667,26724.932400000012,0.0,0.0,0.0,0.0,0.0,0.0,0.0,0.0,0.0,0.0,0.0,0.0,0.0,0.0,0.0,0.0,1.0,0.0,0.0,0.0,0.0,0.0,0.0,0.0,0.0,0.0,0.0,0.0,0.0,0.0,0.0,1.0,0.0,0.0,0.0,0.0,1.0,0.0,0.0,0.0,0.0
mOrange2,0.0423728813559322,0.0,0.05508474576271186,0.09745762711864407,0.046610169491525424,0.1059322033898305,0.025423728813559324,0.046610169491525424,0.1059322033898305,0.05084745762711865,0.0423728813559322,0.025423728813559324,0.05084745762711865,0.025423728813559324,0.038135593220338986,0.05508474576271186,0.05508474576271186,0.0635593220338983,0.012711864406779662,0.05508474576271186,236.0,6.338991355895996,26819.12130000001,0.0,1.0,0.0,0.0,0.0,0.0,0.0,0.0,0.0,0.0,0.0,0.0,0.0,0.0,0.0,0.0,0.0,0.0,0.0,0.0,0.0,0.0,0.0,0.0,0.0,0.0,0.0,0.0,0.0,0.0,0.0,1.0,0.0,0.0,0.0,0.0,1.0,0.0,0.0,0.0,0.0
mEos2,0.05309734513274336,0.01327433628318584,0.0752212389380531,0.05752212389380531,0.061946902654867256,0.09292035398230089,0.04424778761061947,0.048672566371681415,0.09292035398230089,0.061946902654867256,0.035398230088495575,0.048672566371681415,0.048672566371681415,0.017699115044247787,0.04424778761061947,0.035398230088495575,0.05309734513274336,0.05309734513274336,0.008849557522123894,0.05309734513274336,226.0,7.738480949401856,25843.081400000017,0.0,0.0,0.0,0.0,0.0,1.0,0.0,0.0,0.0,0.0,0.0,0.0,0.0,0.0,0.0,0.0,0.0,0.0,0.0,0.0,0.0,0.0,0.0,0.0,0.0,0.0,0.0,0.0,0.0,0.0,0.0,0.0,0.0,0.0,1.0,0.0,0.0,0.0,0.0,1.0,0.0
htFuncLib_sf:mid.7,0.0321285140562249,0.008032128514056224,0.07228915662650602,0.0642570281124498,0.04819277108433735,0.09236947791164658,0.060240963855421686,0.04417670682730924,0.08032128514056225,0.08433734939759036,0.020080321285140562,0.05220883534136546,0.040160642570281124,0.028112449799196786,0.0321285140562249,0.04417670682730924,0.08032128514056225,0.07630522088353414,0.004016064257028112,0.03614457831325301,249.0,6.18973217010498,28025.207500000026,0.0,1.0,0.0,0.0,0.0,0.0,0.0,0.0,0.0,0.0,0.0,0.0,0.0,0.0,0.0,0.0,0.0,0.0,0.0,0.0,0.0,0.0,0.0,0.0,0.0,0.0,0.0,0.0,0.0,0.0,0.0,0.0,0.0,0.0,0.0,1.0,1.0,0.0,0.0,0.0,0.0
E2-Red/Green,0.017777777777777778,0.0,0.05333333333333334,0.08444444444444445,0.057777777777777775,0.10222222222222223,0.044444444444444446,0.04,0.09777777777777778,0.06222222222222222,0.02666666666666667,0.022222222222222223,0.06222222222222222,0.035555555555555556,0.02666666666666667,0.05333333333333334,0.05333333333333334,0.08888888888888889,0.013333333333333334,0.057777777777777775,225.0,6.36667194366455,25755.914700000016,0.0,0.0,0.0,1.0,0.0,0.0,0.0,0.0,0.0,0.0,0.0,0.0,0.0,0.0,0.0,0.0,0.0,0.0,0.0,0.0,0.0,0.0,0.0,0.0,0.0,0.0,0.0,0.0,0.0,0.0,0.0,0.0,0.0,0.0,0.0,1.0,1.0,0.0,0.0,0.0,0.0
mCardinal,0.036885245901639344,0.02459016393442623,0.045081967213114756,0.08196721311475409,0.045081967213114756,0.10245901639344263,0.03278688524590164,0.028688524590163935,0.0860655737704918,0.0860655737704918,0.036885245901639344,0.045081967213114756,0.045081967213114756,0.03278688524590164,0.036885245901639344,0.028688524590163935,0.0860655737704918,0.06557377049180328,0.00819672131147541,0.045081967213114756,244.0,6.711116218566894,27548.163700000023,1.0,0.0,0.0,0.0,0.0,0.0,0.0,0.0,0.0,0.0,0.0,0.0,0.0,0.0,0.0,0.0,0.0,0.0,0.0,0.0,0.0,0.0,0.0,0.0,0.0,0.0,0.0,0.0,0.0,0.0,0.0,1.0,0.0,0.0,0.0,0.0,1.0,0.0,0.0,0.0,0.0
ccGFP E6,0.049773755656108594,0.0,0.058823529411764705,0.058823529411764705,0.058823529411764705,0.09049773755656108,0.03167420814479638,0.027149321266968326,0.08597285067873303,0.06334841628959276,0.049773755656108594,0.03619909502262444,0.05429864253393665,0.03619909502262444,0.03619909502262444,0.06334841628959276,0.08144796380090498,0.06787330316742081,0.00904977375565611,0.04072398190045249,221.0,7.878826332092285,24849.95100000001,0.0,1.0,0.0,0.0,0.0,0.0,0.0,0.0,0.0,0.0,0.0,0.0,0.0,0.0,0.0,0.0,0.0,0.0,0.0,0.0,0.0,0.0,0.0,0.0,0.0,0.0,0.0,0.0,0.0,0.0,0.0,1.0,0.0,0.0,0.0,0.0,1.0,0.0,0.0,0.0,0.0
eYGFPuv,0.045662100456621,0.0136986301369863,0.0365296803652968,0.0821917808219178,0.0776255707762557,0.091324200913242,0.0273972602739726,0.0776255707762557,0.0730593607305936,0.0593607305936073,0.0319634703196347,0.0593607305936073,0.045662100456621,0.0182648401826484,0.0319634703196347,0.0639269406392694,0.0684931506849315,0.045662100456621,0.0,0.0502283105022831,219.0,6.0865694046020495,24694.805800000006,0.0,0.0,1.0,0.0,0.0,0.0,0.0,0.0,0.0,0.0,0.0,0.0,0.0,0.0,0.0,0.0,0.0,0.0,0.0,0.0,0.0,0.0,0.0,0.0,0.0,0.0,0.0,0.0,0.0,0.0,0.0,0.0,1.0,0.0,0.0,0.0,1.0,0.0,0.0,0.0,0.0
GFPxm16,0.029411764705882353,0.012605042016806723,0.06722689075630252,0.07563025210084033,0.06302521008403361,0.1092436974789916,0.046218487394957986,0.06302521008403361,0.07563025210084033,0.07563025210084033,0.03361344537815126,0.0546218487394958,0.04201680672268908,0.025210084033613446,0.03361344537815126,0.029411764705882353,0.058823529411764705,0.058823529411764705,0.004201680672268907,0.04201680672268908,238.0,5.755254936218263,26984.30120000002,0.0,0.0,1.0,0.0,0.0,0.0,0.0,0.0,0.0,0.0,0.0,0.0,0.0,0.0,0.0,0.0,0.0,0.0,0.0,0.0,0.0,0.0,0.0,0.0,0.0,0.0,0.0,0.0,0.0,0.0,0.0,1.0,0.0,0.0,0.0,0.0,1.0,0.0,0.0,0.0,0.0
mVenus,0.03765690376569038,0.008368200836820083,0.07531380753138076,0.06694560669456066,0.04602510460251046,0.100418410041841,0.03765690376569038,0.0502092050209205,0.08786610878661087,0.09623430962343096,0.02092050209205021,0.05439330543933055,0.04184100418410042,0.03347280334728033,0.02510460251046025,0.03347280334728033,0.06276150627615062,0.06694560669456066,0.0041841004184100415,0.0502092050209205,239.0,5.713932991027832,26892.105200000016,0.0,0.0,1.0,0.0,0.0,0.0,0.0,0.0,0.0,0.0,0.0,0.0,0.0,0.0,0.0,0.0,0.0,0.0,0.0,0.0,0.0,0.0,0.0,0.0,0.0,0.0,0.0,0.0,0.0,0.0,0.0,1.0,0.0,0.0,0.0,0.0,1.0,0.0,0.0,0.0,0.0
SYFP2,0.03765690376569038,0.008368200836820083,0.07531380753138076,0.06694560669456066,0.04602510460251046,0.100418410041841,0.03765690376569038,0.0502092050209205,0.08786610878661087,0.09205020920502092,0.02092050209205021,0.05439330543933055,0.04184100418410042,0.03347280334728033,0.02510460251046025,0.03347280334728033,0.06276150627615062,0.07112970711297072,0.0041841004184100415,0.0502092050209205,239.0,5.713932991027832,26878.078600000015,0.0,0.0,1.0,0.0,0.0,0.0,0.0,0.0,0.0,0.0,0.0,0.0,0.0,0.0,0.0,0.0,0.0,0.0,0.0,0.0,0.0,0.0,0.0,0.0,0.0,0.0,0.0,0.0,0.0,0.0,0.0,1.0,0.0,0.0,0.0,0.0,1.0,0.0,0.0,0.0,0.0
mAvicFP1,0.029411764705882353,0.01680672268907563,0.07142857142857142,0.06302521008403361,0.04201680672268908,0.10084033613445378,0.046218487394957986,0.07142857142857142,0.08403361344537816,0.07142857142857142,0.025210084033613446,0.058823529411764705,0.04201680672268908,0.03361344537815126,0.029411764705882353,0.037815126050420166,0.06302521008403361,0.06302521008403361,0.004201680672268907,0.046218487394957986,238.0,6.114022636413574,26824.066100000022,0.0,0.0,0.0,0.0,0.0,0.0,0.0,1.0,0.0,0.0,0.0,0.0,0.0,0.0,0.0,0.0,0.0,0.0,0.0,0.0,0.0,0.0,0.0,0.0,0.0,0.0,0.0,0.0,0.0,0.0,0.0,1.0,0.0,0.0,0.0,0.0,1.0,0.0,0.0,0.0,0.0
RRvT,0.03138075313807531,0.0,0.05439330543933055,0.09205020920502092,0.04602510460251046,0.1087866108786611,0.029288702928870293,0.03765690376569038,0.09205020920502092,0.06903765690376569,0.043933054393305436,0.01882845188284519,0.056485355648535567,0.03347280334728033,0.03765690376569038,0.05230125523012552,0.056485355648535567,0.06485355648535565,0.012552301255230125,0.06276150627615062,478.0,6.020636177062988,54550.346200000015,1.0,0.0,0.0,0.0,0.0,0.0,0.0,0.0,0.0,0.0,0.0,0.0,0.0,0.0,0.0,0.0,0.0,0.0,0.0,0.0,0.0,0.0,0.0,0.0,0.0,0.0,0.0,0.0,0.0,0.0,0.0,0.0,0.0,0.0,0.0,1.0,1.0,0.0,0.0,0.0,0.0
miniGFP2,0.03636363636363636,0.0,0.08181818181818182,0.045454545454545456,0.05454545454545454,0.08181818181818182,0.01818181818181818,0.07272727272727272,0.05454545454545454,0.09090909090909091,0.01818181818181818,0.02727272727272727,0.05454545454545454,0.06363636363636363,0.06363636363636363,0.05454545454545454,0.06363636363636363,0.06363636363636363,0.01818181818181818,0.03636363636363636,110.0,6.067642021179199,12587.153199999992,0.0,0.0,0.0,0.0,0.0,0.0,1.0,0.0,0.0,0.0,0.0,0.0,0.0,0.0,0.0,0.0,0.0,0.0,0.0,0.0,0.0,0.0,0.0,0.0,0.0,0.0,0.0,0.0,0.0,0.0,0.0,0.0,0.0,0.0,0.0,1.0,1.0,0.0,0.0,0.0,0.0
LanFP2,0.04932735426008968,0.02242152466367713,0.04932735426008968,0.04035874439461883,0.06278026905829596,0.14798206278026907,0.02242152466367713,0.04484304932735426,0.06278026905829596,0.08071748878923767,0.013452914798206279,0.03587443946188341,0.05829596412556054,0.03587443946188341,0.02242152466367713,0.06726457399103139,0.09417040358744394,0.053811659192825115,0.004484304932735426,0.03139013452914798,223.0,6.50592746734619,23657.42590000001,0.0,0.0,1.0,0.0,0.0,0.0,0.0,0.0,0.0,0.0,0.0,0.0,0.0,0.0,0.0,0.0,0.0,0.0,0.0,0.0,0.0,0.0,0.0,0.0,0.0,0.0,0.0,0.0,0.0,0.0,0.0,0.0,0.0,0.0,0.0,1.0,1.0,0.0,0.0,0.0,0.0
CreiLOV,0.08403361344537816,0.01680672268907563,0.06722689075630252,0.05042016806722689,0.04201680672268908,0.10084033613445378,0.01680672268907563,0.025210084033613446,0.07563025210084033,0.08403361344537816,0.01680672268907563,0.025210084033613446,0.058823529411764705,0.025210084033613446,0.05042016806722689,0.03361344537815126,0.08403361344537816,0.10084033613445378,0.008403361344537815,0.03361344537815126,119.0,7.762182807922364,12943.656899999984,0.0,0.0,0.0,0.0,0.0,0.0,1.0,0.0,0.0,0.0,0.0,0.0,0.0,0.0,0.0,0.0,0.0,0.0,0.0,0.0,0.0,0.0,0.0,0.0,0.0,0.0,0.0,0.0,0.0,0.0,0.0,1.0,0.0,0.0,0.0,0.0,1.0,0.0,0.0,0.0,0.0
rsFusionRed2,0.05603448275862069,0.017241379310344827,0.04741379310344827,0.08189655172413793,0.04310344827586207,0.11637931034482758,0.03017241379310345,0.034482758620689655,0.07327586206896551,0.06465517241379311,0.04310344827586207,0.03879310344827586,0.05603448275862069,0.02586206896551724,0.03017241379310345,0.034482758620689655,0.08620689655172414,0.06896551724137931,0.008620689655172414,0.04310344827586207,232.0,5.669371223449708,25599.7794,1.0,0.0,0.0,0.0,0.0,0.0,0.0,0.0,0.0,0.0,0.0,0.0,0.0,0.0,0.0,0.0,0.0,0.0,0.0,0.0,0.0,0.0,0.0,0.0,0.0,0.0,0.0,0.0,0.0,0.0,0.0,1.0,0.0,0.0,0.0,0.0,0.0,1.0,0.0,0.0,0.0
amFP495,0.056768558951965066,0.021834061135371178,0.056768558951965066,0.034934497816593885,0.07423580786026202,0.10480349344978165,0.039301310043668124,0.026200873362445413,0.07423580786026202,0.039301310043668124,0.048034934497816595,0.043668122270742356,0.05240174672489083,0.026200873362445413,0.021834061135371178,0.056768558951965066,0.10043668122270742,0.06986899563318777,0.008733624454148471,0.043668122270742356,229.0,7.67965259552002,25315.4338,0.0,0.0,0.0,0.0,0.0,0.0,0.0,0.0,0.0,0.0,0.0,0.0,0.0,1.0,0.0,0.0,0.0,0.0,0.0,0.0,0.0,0.0,0.0,0.0,0.0,0.0,0.0,0.0,0.0,0.0,0.0,0.0,0.0,1.0,0.0,0.0,1.0,0.0,0.0,0.0,0.0
cgfmKate2,0.0603448275862069,0.0,0.04310344827586207,0.07758620689655173,0.04310344827586207,0.09913793103448276,0.03017241379310345,0.03879310344827586,0.08189655172413793,0.07758620689655173,0.04310344827586207,0.03879310344827586,0.04741379310344827,0.03017241379310345,0.04310344827586207,0.04741379310344827,0.08189655172413793,0.0603448275862069,0.008620689655172414,0.04741379310344827,232.0,7.864643287658691,26022.34920000001,1.0,0.0,0.0,0.0,0.0,0.0,0.0,0.0,0.0,0.0,0.0,0.0,0.0,0.0,0.0,0.0,0.0,0.0,0.0,0.0,0.0,0.0,0.0,0.0,0.0,0.0,0.0,0.0,0.0,0.0,0.0,1.0,0.0,0.0,0.0,0.0,1.0,0.0,0.0,0.0,0.0
mGold2t,0.03765690376569038,0.012552301255230125,0.06694560669456066,0.07112970711297072,0.05439330543933055,0.100418410041841,0.03347280334728033,0.0502092050209205,0.07531380753138076,0.09205020920502092,0.02092050209205021,0.058577405857740586,0.04184100418410042,0.03347280334728033,0.03347280334728033,0.03347280334728033,0.06276150627615062,0.07112970711297072,0.0041841004184100415,0.04602510460251046,239.0,5.624241065979004,26916.15290000002,0.0,0.0,1.0,0.0,0.0,0.0,0.0,0.0,0.0,0.0,0.0,0.0,0.0,0.0,0.0,0.0,0.0,0.0,0.0,0.0,0.0,0.0,0.0,0.0,0.0,0.0,0.0,0.0,0.0,0.0,0.0,1.0,0.0,0.0,0.0,0.0,1.0,0.0,0.0,0.0,0.0
anm2CP,0.04310344827586207,0.03017241379310345,0.07327586206896551,0.03879310344827586,0.07327586206896551,0.08189655172413793,0.05172413793103448,0.08189655172413793,0.05172413793103448,0.04310344827586207,0.03879310344827586,0.03017241379310345,0.0603448275862069,0.03879310344827586,0.034482758620689655,0.0603448275862069,0.08189655172413793,0.0603448275862069,0.004310344827586207,0.021551724137931036,232.0,6.024899101257325,25892.254900000004,0.0,0.0,0.0,1.0,0.0,0.0,0.0,0.0,0.0,0.0,0.0,0.0,0.0,0.0,0.0,0.0,0.0,0.0,0.0,0.0,0.0,0.0,0.0,0.0,0.0,0.0,0.0,0.0,0.0,0.0,0.0,1.0,0.0,0.0,0.0,0.0,1.0,0.0,0.0,0.0,0.0
mKeima,0.036036036036036036,0.018018018018018018,0.04954954954954955,0.07207207207207207,0.04504504504504504,0.0990990990990991,0.02252252252252252,0.04954954954954955,0.07657657657657657,0.05405405405405406,0.036036036036036036,0.04054054054054054,0.06306306306306306,0.04054054054054054,0.036036036036036036,0.06756756756756757,0.05855855855855856,0.06306306306306306,0.013513513513513514,0.05855855855855856,222.0,6.224119758605957,25052.09060000001,0.0,0.0,0.0,1.0,0.0,0.0,0.0,0.0,0.0,0.0,0.0,0.0,0.0,0.0,0.0,0.0,0.0,0.0,0.0,0.0,0.0,0.0,0.0,0.0,0.0,0.0,0.0,0.0,0.0,0.0,0.0,1.0,0.0,0.0,0.0,0.0,1.0,0.0,0.0,0.0,0.0
SGFP2(206A),0.04184100418410042,0.008368200836820083,0.07531380753138076,0.06694560669456066,0.0502092050209205,0.09623430962343096,0.03765690376569038,0.0502092050209205,0.08368200836820083,0.08786610878661087,0.02092050209205021,0.05439330543933055,0.04184100418410042,0.03347280334728033,0.02510460251046025,0.03347280334728033,0.07112970711297072,0.07112970711297072,0.0041841004184100415,0.04602510460251046,239.0,5.583601188659667,26836.98370000002,0.0,1.0,0.0,0.0,0.0,0.0,0.0,0.0,0.0,0.0,0.0,0.0,0.0,0.0,0.0,0.0,0.0,0.0,0.0,0.0,0.0,0.0,0.0,0.0,0.0,0.0,0.0,0.0,0.0,0.0,0.0,1.0,0.0,0.0,0.0,0.0,1.0,0.0,0.0,0.0,0.0
moxDendra2,0.04782608695652174,0.0,0.05652173913043478,0.06956521739130435,0.05217391304347826,0.08695652173913043,0.034782608695652174,0.04782608695652174,0.08260869565217391,0.07391304347826087,0.02608695652173913,0.04782608695652174,0.06086956521739131,0.034782608695652174,0.034782608695652174,0.0391304347826087,0.06956521739130435,0.07391304347826087,0.013043478260869565,0.04782608695652174,230.0,6.4517030715942365,26086.301500000012,0.0,0.0,0.0,0.0,0.0,1.0,0.0,0.0,0.0,0.0,0.0,0.0,0.0,0.0,0.0,0.0,0.0,0.0,0.0,0.0,0.0,0.0,0.0,0.0,0.0,0.0,0.0,0.0,0.0,0.0,0.0,1.0,0.0,0.0,0.0,0.0,0.0,0.0,0.0,1.0,0.0
phiLOV2.1,0.03636363636363636,0.0,0.07272727272727272,0.06363636363636363,0.05454545454545454,0.07272727272727272,0.01818181818181818,0.07272727272727272,0.05454545454545454,0.09090909090909091,0.01818181818181818,0.02727272727272727,0.045454545454545456,0.07272727272727272,0.08181818181818182,0.045454545454545456,0.06363636363636363,0.06363636363636363,0.00909090909090909,0.03636363636363636,110.0,6.730839347839355,12743.340699999992,0.0,0.0,0.0,0.0,0.0,0.0,1.0,0.0,0.0,0.0,0.0,0.0,0.0,0.0,0.0,0.0,0.0,0.0,0.0,0.0,0.0,0.0,0.0,0.0,0.0,0.0,0.0,0.0,0.0,0.0,0.0,1.0,0.0,0.0,0.0,0.0,1.0,0.0,0.0,0.0,0.0
EaGFP,0.05752212389380531,0.01327433628318584,0.05752212389380531,0.061946902654867256,0.048672566371681415,0.07964601769911504,0.035398230088495575,0.07079646017699115,0.084070796460177,0.05752212389380531,0.048672566371681415,0.03982300884955752,0.061946902654867256,0.02654867256637168,0.048672566371681415,0.048672566371681415,0.03982300884955752,0.048672566371681415,0.004424778761061947,0.06637168141592921,226.0,8.573215293884278,25923.527000000016,0.0,0.0,0.0,1.0,0.0,0.0,0.0,0.0,0.0,0.0,0.0,0.0,0.0,0.0,0.0,0.0,0.0,0.0,0.0,0.0,0.0,0.0,0.0,0.0,0.0,0.0,0.0,0.0,0.0,0.0,0.0,0.0,0.0,0.0,0.0,1.0,1.0,0.0,0.0,0.0,0.0
McaG1ea,0.048458149779735685,0.013215859030837005,0.08370044052863436,0.05726872246696035,0.05286343612334802,0.0881057268722467,0.02643171806167401,0.05286343612334802,0.10572687224669604,0.05286343612334802,0.04405286343612335,0.030837004405286344,0.05726872246696035,0.02643171806167401,0.039647577092511016,0.02643171806167401,0.05286343612334802,0.07488986784140969,0.00881057268722467,0.05726872246696035,227.0,7.671467781066895,25958.53980000001,0.0,0.0,0.0,0.0,0.0,0.0,0.0,0.0,0.0,0.0,0.0,1.0,0.0,0.0,0.0,0.0,0.0,0.0,0.0,0.0,0.0,0.0,0.0,0.0,0.0,0.0,0.0,0.0,0.0,0.0,0.0,0.0,0.0,0.0,0.0,1.0,1.0,0.0,0.0,0.0,0.0
amFP486,0.056768558951965066,0.021834061135371178,0.056768558951965066,0.039301310043668124,0.07423580786026202,0.10480349344978165,0.039301310043668124,0.026200873362445413,0.07423580786026202,0.039301310043668124,0.048034934497816595,0.043668122270742356,0.05240174672489083,0.021834061135371178,0.021834061135371178,0.056768558951965066,0.10043668122270742,0.06986899563318777,0.008733624454148471,0.043668122270742356,229.0,7.105919837951659,25316.418600000005,0.0,0.0,0.0,0.0,0.0,0.0,0.0,0.0,0.0,0.0,0.0,0.0,0.0,1.0,0.0,0.0,0.0,0.0,0.0,0.0,0.0,0.0,0.0,0.0,0.0,0.0,0.0,0.0,0.0,0.0,0.0,0.0,0.0,1.0,0.0,0.0,1.0,0.0,0.0,0.0,0.0
superecliptic pHluorin,0.03361344537815126,0.008403361344537815,0.07983193277310924,0.06722689075630252,0.0546218487394958,0.09663865546218488,0.04201680672268908,0.05042016806722689,0.08403361344537816,0.08403361344537816,0.025210084033613446,0.05042016806722689,0.04201680672268908,0.029411764705882353,0.029411764705882353,0.029411764705882353,0.07563025210084033,0.06722689075630252,0.004201680672268907,0.046218487394957986,238.0,5.673349952697754,26941.116300000012,0.0,1.0,0.0,0.0,0.0,0.0,0.0,0.0,0.0,0.0,0.0,0.0,0.0,0.0,0.0,0.0,0.0,0.0,0.0,0.0,0.0,0.0,0.0,0.0,0.0,0.0,0.0,0.0,0.0,0.0,0.0,0.0,0.0,0.0,0.0,1.0,0.0,0.0,0.0,0.0,1.0
mCherry_I202T,0.046610169491525424,0.0,0.059322033898305086,0.1016949152542373,0.0423728813559322,0.1059322033898305,0.025423728813559324,0.038135593220338986,0.1016949152542373,0.05508474576271186,0.0423728813559322,0.029661016949152543,0.05084745762711865,0.03389830508474576,0.03389830508474576,0.05084745762711865,0.05508474576271186,0.0635593220338983,0.012711864406779662,0.05084745762711865,236.0,5.624297904968262,26709.821700000008,1.0,0.0,0.0,0.0,0.0,0.0,0.0,0.0,0.0,0.0,0.0,0.0,0.0,0.0,0.0,0.0,0.0,0.0,0.0,0.0,0.0,0.0,0.0,0.0,0.0,0.0,0.0,0.0,0.0,0.0,0.0,0.0,0.0,0.0,0.0,1.0,1.0,0.0,0.0,0.0,0.0
mMaroon1,0.045081967213114756,0.020491803278688523,0.04918032786885246,0.0860655737704918,0.040983606557377046,0.0942622950819672,0.028688524590163935,0.03278688524590164,0.07377049180327869,0.09016393442622951,0.02459016393442623,0.045081967213114756,0.05737704918032787,0.028688524590163935,0.045081967213114756,0.036885245901639344,0.08196721311475409,0.05327868852459016,0.012295081967213115,0.05327868852459016,244.0,6.005630683898924,27644.97440000002,1.0,0.0,0.0,0.0,0.0,0.0,0.0,0.0,0.0,0.0,0.0,0.0,0.0,0.0,0.0,0.0,0.0,0.0,0.0,0.0,0.0,0.0,0.0,0.0,0.0,0.0,0.0,0.0,0.0,0.0,0.0,1.0,0.0,0.0,0.0,0.0,1.0,0.0,0.0,0.0,0.0
td-RFP639,0.03463203463203463,0.021645021645021644,0.05194805194805195,0.0735930735930736,0.07792207792207792,0.10822510822510822,0.025974025974025976,0.021645021645021644,0.0735930735930736,0.06060606060606061,0.06060606060606061,0.03463203463203463,0.04329004329004329,0.030303030303030304,0.04329004329004329,0.05194805194805195,0.06493506493506493,0.0735930735930736,0.008658008658008658,0.03896103896103896,231.0,6.3164262771606445,26172.679900000003,1.0,0.0,0.0,0.0,0.0,0.0,0.0,0.0,0.0,0.0,0.0,0.0,0.0,0.0,0.0,0.0,0.0,0.0,0.0,0.0,0.0,0.0,0.0,0.0,0.0,0.0,0.0,0.0,0.0,0.0,0.0,0.0,1.0,0.0,0.0,0.0,1.0,0.0,0.0,0.0,0.0
amilFP497,0.04329004329004329,0.012987012987012988,0.03896103896103896,0.06926406926406926,0.06493506493506493,0.1038961038961039,0.047619047619047616,0.03896103896103896,0.08658008658008658,0.05194805194805195,0.04329004329004329,0.030303030303030304,0.05627705627705628,0.030303030303030304,0.025974025974025976,0.06060606060606061,0.06926406926406926,0.0735930735930736,0.008658008658008658,0.04329004329004329,231.0,7.761387062072754,25898.27750000001,0.0,0.0,0.0,1.0,0.0,0.0,0.0,0.0,0.0,0.0,0.0,0.0,0.0,0.0,0.0,0.0,0.0,0.0,0.0,0.0,0.0,0.0,0.0,0.0,0.0,0.0,0.0,0.0,0.0,0.0,0.0,0.0,0.0,1.0,0.0,0.0,1.0,0.0,0.0,0.0,0.0
mCerulean3,0.04184100418410042,0.012552301255230125,0.07531380753138076,0.06694560669456066,0.0502092050209205,0.100418410041841,0.03347280334728033,0.0502092050209205,0.08368200836820083,0.09205020920502092,0.02092050209205021,0.05439330543933055,0.04184100418410042,0.03347280334728033,0.02092050209205021,0.03765690376569038,0.06694560669456066,0.07112970711297072,0.008368200836820083,0.03765690376569038,239.0,5.364430046081543,26662.847400000017,0.0,0.0,0.0,0.0,0.0,0.0,0.0,0.0,0.0,0.0,0.0,0.0,1.0,0.0,0.0,0.0,0.0,0.0,0.0,0.0,0.0,0.0,0.0,0.0,0.0,0.0,0.0,0.0,0.0,0.0,0.0,1.0,0.0,0.0,0.0,0.0,1.0,0.0,0.0,0.0,0.0
